sim_year,agent_race,agent_age,birth_prob
1990,chinese,15,0.0
1990,malay,15,0.0
1990,indian,15,0.0
1990,other,15,0.0
1990,chinese,16,0.00021431967213114925
1990,malay,16,0.00034940601092896457
1990,indian,16,0.0002454934426229528
1990,other,16,0.00034940601092896457
1990,chinese,17,0.007406786885245904
1990,malay,17,0.01207530710382514
1990,indian,17,0.008484137704918035
1990,other,17,0.01207530710382514
1990,chinese,18,0.014521622950819673
1990,malay,18,0.023674645901639348
1990,indian,18,0.016633859016393443
1990,other,18,0.023674645901639348
1990,chinese,19,0.021346221311475407
1990,malay,19,0.03480080928961748
1990,indian,19,0.02445112622950819
1990,other,19,0.03480080928961748
1990,chinese,20,0.02849171311475409
1990,malay,20,0.046450126229508185
1990,indian,20,0.032635962295081956
1990,other,20,0.046450126229508185
1990,chinese,21,0.03729
1990,malay,21,0.060793999999999994
1990,indian,21,0.04271399999999999
1990,other,21,0.060793999999999994
1990,chinese,22,0.04938188524590164
1990,malay,22,0.08050743715846995
1990,indian,22,0.05656470491803278
1990,other,22,0.08050743715846995
1990,chinese,23,0.06553295081967213
1990,malay,23,0.10683856830601093
1990,indian,23,0.07506501639344262
1990,other,23,0.10683856830601093
1990,chinese,24,0.08393459836065573
1990,malay,24,0.13683883005464478
1990,indian,24,0.09614326721311474
1990,other,24,0.13683883005464478
1990,chinese,25,0.10345076229508196
1990,malay,25,0.1686560912568306
1990,indian,25,0.11849814590163933
1990,other,25,0.1686560912568306
1990,chinese,26,0.12026245901639346
1990,malay,26,0.19606425136612024
1990,indian,26,0.13775518032786885
1990,other,26,0.19606425136612024
1990,chinese,27,0.13061598360655738
1990,malay,27,0.21294363387978144
1990,indian,27,0.14961467213114754
1990,other,27,0.21294363387978144
1990,chinese,28,0.1321172131147541
1990,malay,28,0.21539109289617486
1990,indian,28,0.15133426229508196
1990,other,28,0.21539109289617486
1990,chinese,29,0.12666833606557376
1990,malay,29,0.20650777213114752
1990,indian,29,0.14509282131147538
1990,other,29,0.20650777213114752
1990,chinese,30,0.11903924999999997
1990,malay,30,0.19407004999999997
1990,indian,30,0.13635404999999995
1990,other,30,0.19407004999999997
1990,chinese,31,0.11138401639344259
1990,malay,31,0.18158969945355186
1990,indian,31,0.1275853278688524
1990,other,31,0.18158969945355186
1990,chinese,32,0.10160979508196719
1990,malay,32,0.16565475683060107
1990,indian,32,0.11638940163934423
1990,other,32,0.16565475683060107
1990,chinese,33,0.09008368852459014
1990,malay,33,0.1468637103825136
1990,indian,33,0.10318677049180325
1990,other,33,0.1468637103825136
1990,chinese,34,0.07739144672131146
1990,malay,34,0.1261715101092896
1990,indian,34,0.08864838442622948
1990,other,34,0.1261715101092896
1990,chinese,35,0.06339574999999999
1990,malay,35,0.10335428333333331
1990,indian,35,0.07261694999999997
1990,other,35,0.10335428333333331
1990,chinese,36,0.04937106557377049
1990,malay,36,0.08048979781420765
1990,indian,36,0.056552311475409824
1990,other,36,0.08048979781420765
1990,chinese,37,0.0372769262295082
1990,malay,37,0.06077268579234973
1990,indian,37,0.042699024590163934
1990,other,37,0.06077268579234973
1990,chinese,38,0.028168114754098358
1990,malay,38,0.045922562841530054
1990,indian,38,0.03226529508196721
1990,other,38,0.045922562841530054
1990,chinese,39,0.021501258196721308
1990,malay,39,0.03505356639344262
1990,indian,39,0.024628713934426224
1990,other,39,0.03505356639344262
1990,chinese,40,0.015437508196721314
1990,malay,40,0.02516781639344263
1990,indian,40,0.01768296393442623
1990,other,40,0.02516781639344263
1990,chinese,41,0.009517704918032789
1990,malay,41,0.01551674316939891
1990,indian,41,0.010902098360655739
1990,other,41,0.01551674316939891
1990,chinese,42,0.005099672131147541
1990,malay,42,0.008314010928961748
1990,indian,42,0.005841442622950819
1990,other,42,0.008314010928961748
1990,chinese,43,0.0023550819672131158
1990,malay,43,0.003839497267759565
1990,indian,43,0.002697639344262296
1990,other,43,0.003839497267759565
1990,chinese,44,0.0009506885245901645
1990,malay,44,0.001549910382513662
1990,indian,44,0.0010889704918032792
1990,other,44,0.001549910382513662
1990,chinese,45,0.00038157377049180357
1990,malay,45,0.0006220808743169404
1990,indian,45,0.0004370754098360659
1990,other,45,0.0006220808743169404
1990,chinese,46,0.00020340983606557394
1990,malay,46,0.00033161967213114784
1990,indian,46,0.0002329967213114756
1990,other,46,0.00033161967213114784
1990,chinese,47,0.00011324590163934441
1990,malay,47,0.0001846251366120221
1990,indian,47,0.0001297180327868854
1990,other,47,0.0001846251366120221
1990,chinese,48,0.0
1990,malay,48,0.0
1990,indian,48,0.0
1990,other,48,0.0
1990,chinese,49,0.0
1990,malay,49,0.0
1990,indian,49,0.0
1990,other,49,0.0
1991,chinese,15,0.0
1991,malay,15,0.0
1991,indian,15,0.0
1991,other,15,0.0
1991,chinese,16,0.001135060115606937
1991,malay,16,0.0019384468208092495
1991,indian,16,0.0013561757225433535
1991,other,16,0.0019384468208092495
1991,chinese,17,0.007698575722543355
1991,malay,17,0.013147567630057805
1991,indian,17,0.009198298265895957
1991,other,17,0.013147567630057805
1991,chinese,18,0.013877269364161848
1991,malay,18,0.023699492485549128
1991,indian,18,0.01658063352601156
1991,other,18,0.023699492485549128
1991,chinese,19,0.019518565317919078
1991,malay,19,0.03333365375722543
1991,indian,19,0.023320883236994227
1991,other,19,0.03333365375722543
1991,chinese,20,0.025342969942196533
1991,malay,20,0.04328052658959537
1991,indian,20,0.030279912138728327
1991,other,20,0.04328052658959537
1991,chinese,21,0.03283493641618497
1991,malay,21,0.05607524855491329
1991,indian,21,0.03923135260115607
1991,other,21,0.05607524855491329
1991,chinese,22,0.04380632369942197
1991,malay,22,0.07481209826589597
1991,indian,22,0.0523400231213873
1991,other,22,0.07481209826589597
1991,chinese,23,0.05914134104046244
1991,malay,23,0.10100112138728325
1991,indian,23,0.0706623815028902
1991,other,23,0.10100112138728325
1991,chinese,24,0.0769958161849711
1991,malay,24,0.1314928549132948
1991,indian,24,0.09199500115606937
1991,other,24,0.1314928549132948
1991,chinese,25,0.09599180520231212
1991,malay,25,0.16393405693641613
1991,indian,25,0.11469150751445087
1991,other,25,0.16393405693641613
1991,chinese,26,0.1123461156069364
1991,malay,26,0.19186382080924852
1991,indian,26,0.1342317225433526
1991,other,26,0.19186382080924852
1991,chinese,27,0.12260046820809246
1991,malay,27,0.20937612427745658
1991,indian,27,0.14648367630057801
1991,other,27,0.20937612427745658
1991,chinese,28,0.12444535260115602
1991,malay,28,0.212526803468208
1991,indian,28,0.1486879537572254
1991,other,28,0.212526803468208
1991,chinese,29,0.11966828150289013
1991,malay,29,0.20436855867052015
1991,indian,29,0.14298028439306357
1991,other,29,0.20436855867052015
1991,chinese,30,0.1128855606936416
1991,malay,30,0.19278508092485544
1991,indian,30,0.13487625433526013
1991,other,30,0.19278508092485544
1991,chinese,31,0.1060516994219653
1991,malay,31,0.1811142658959537
1991,indian,31,0.12671112138728324
1991,other,31,0.1811142658959537
1991,chinese,32,0.09697371098265894
1991,malay,32,0.16561094797687856
1991,indian,32,0.11586469364161849
1991,other,32,0.16561094797687856
1991,chinese,33,0.08591597687861272
1991,malay,33,0.1467266358381503
1991,indian,33,0.10265285549132949
1991,other,33,0.1467266358381503
1991,chinese,34,0.07352565317919074
1991,malay,34,0.1255665375722543
1991,indian,34,0.0878488323699422
1991,other,34,0.1255665375722543
1991,chinese,35,0.0598115971098266
1991,malay,35,0.1021457794797688
1991,indian,35,0.07146320693641621
1991,other,35,0.1021457794797688
1991,chinese,36,0.04613857803468208
1991,malay,36,0.07879510404624276
1991,indian,36,0.055126612716763015
1991,other,36,0.07879510404624276
1991,chinese,37,0.03441989017341041
1991,malay,37,0.05878202023121388
1991,indian,37,0.04112506358381504
1991,other,37,0.05878202023121388
1991,chinese,38,0.02572868208092486
1991,malay,38,0.04393924277456648
1991,indian,38,0.030740763005780356
1991,other,38,0.04393924277456648
1991,chinese,39,0.01950240867052023
1991,malay,39,0.033306061560693635
1991,indian,39,0.023301579190751445
1991,other,39,0.033306061560693635
1991,chinese,40,0.013864895953757228
1991,malay,40,0.0236783612716763
1991,indian,40,0.016565849710982662
1991,other,40,0.0236783612716763
1991,chinese,41,0.008330242774566475
1991,malay,41,0.014226323699421967
1991,indian,41,0.009953017341040465
1991,other,41,0.014226323699421967
1991,chinese,42,0.004259479768786127
1991,malay,42,0.007274306358381501
1991,indian,42,0.005089248554913294
1991,other,42,0.007274306358381501
1991,chinese,43,0.0018141734104046238
1991,malay,43,0.0030982312138728312
1991,indian,43,0.0021675838150289014
1991,other,43,0.0030982312138728312
1991,chinese,44,0.0006618439306358374
1991,malay,44,0.0011302919075144495
1991,indian,44,0.0007907745664739877
1991,other,44,0.0011302919075144495
1991,chinese,45,0.000302035838150289
1991,malay,45,0.000515814450867052
1991,indian,45,0.0003608739884393064
1991,other,45,0.000515814450867052
1991,chinese,46,0.00029357919075144543
1991,malay,46,0.0005013722543352607
1991,indian,46,0.00035076994219653224
1991,other,46,0.0005013722543352607
1991,chinese,47,0.0003336369942196538
1991,malay,47,0.0005697826589595386
1991,indian,47,0.00039863121387283317
1991,other,47,0.0005697826589595386
1991,chinese,48,0.0002774670520231215
1991,malay,48,0.00047385606936416197
1991,indian,48,0.0003315190751445088
1991,other,48,0.00047385606936416197
1991,chinese,49,0.00012854104046242687
1991,malay,49,0.00021952138728323546
1991,indian,49,0.00015358150289017237
1991,other,49,0.00021952138728323546
1992,chinese,15,0.0
1992,malay,15,0.0
1992,indian,15,0.0
1992,other,15,0.0
1992,chinese,16,0.000872544767441863
1992,malay,16,0.001488458720930237
1992,indian,16,0.0010835523255813984
1992,other,16,0.001488458720930237
1992,chinese,17,0.007297388372093027
1992,malay,17,0.012448486046511633
1992,indian,17,0.009062116279069771
1992,other,17,0.012448486046511633
1992,chinese,18,0.013284847674418608
1992,malay,18,0.02266238720930233
1992,indian,18,0.016497523255813957
1992,other,18,0.02266238720930233
1992,chinese,19,0.01869348662790698
1992,malay,19,0.031888888953488376
1992,indian,19,0.023214133720930234
1992,other,19,0.031888888953488376
1992,chinese,20,0.02427425058139535
1992,malay,20,0.04140901569767442
1992,indian,20,0.03014449418604651
1992,other,20,0.04140901569767442
1992,chinese,21,0.03155891860465116
1992,malay,21,0.05383580232558139
1992,indian,21,0.03919081395348836
1992,other,21,0.05383580232558139
1992,chinese,22,0.04241391279069768
1992,malay,22,0.07235314534883722
1992,indian,22,0.052670872093023256
1992,other,22,0.07235314534883722
1992,chinese,23,0.0577575
1992,malay,23,0.0985275
1992,indian,23,0.071725
1992,other,23,0.0985275
1992,chinese,24,0.07571925523255815
1992,malay,24,0.12916814127906978
1992,indian,24,0.09403044767441862
1992,other,24,0.12916814127906978
1992,chinese,25,0.09483918488372096
1992,malay,25,0.16178449186046517
1992,indian,25,0.11777415116279073
1992,other,25,0.16178449186046517
1992,chinese,26,0.11131639534883724
1992,malay,26,0.1898926744186047
1992,indian,26,0.13823604651162794
1992,other,26,0.1898926744186047
1992,chinese,27,0.12175063953488374
1992,malay,27,0.2076922674418605
1992,indian,27,0.1511936046511628
1992,other,27,0.2076922674418605
1992,chinese,28,0.12383748837209306
1992,malay,28,0.2112521860465117
1992,indian,28,0.1537851162790698
1992,other,28,0.2112521860465117
1992,chinese,29,0.11933768720930234
1992,malay,29,0.2035760546511628
1992,indian,29,0.14819712790697676
1992,other,29,0.2035760546511628
1992,chinese,30,0.11287308139534884
1992,malay,30,0.1925481976744186
1992,indian,30,0.14016918604651163
1992,other,30,0.1925481976744186
1992,chinese,31,0.10632788372093024
1992,malay,31,0.1813828604651163
1992,indian,31,0.1320411627906977
1992,other,31,0.1813828604651163
1992,chinese,32,0.09741474418604651
1992,malay,32,0.1661780930232558
1992,indian,32,0.12097255813953488
1992,other,32,0.1661780930232558
1992,chinese,33,0.08634893023255814
1992,malay,33,0.14730111627906978
1992,indian,33,0.1072306976744186
1992,other,33,0.14730111627906978
1992,chinese,34,0.07382605813953488
1992,malay,34,0.12593856976744186
1992,indian,34,0.09167941860465116
1992,other,34,0.12593856976744186
1992,chinese,35,0.0599268976744186
1992,malay,35,0.10222823720930231
1992,indian,35,0.07441902325581394
1992,other,35,0.10222823720930231
1992,chinese,36,0.04610281395348837
1992,malay,36,0.07864597674418605
1992,indian,36,0.057251860465116274
1992,other,36,0.07864597674418605
1992,chinese,37,0.034300465116279065
1992,malay,37,0.05851255813953488
1992,indian,37,0.0425953488372093
1992,other,37,0.05851255813953488
1992,chinese,38,0.02563283720930233
1992,malay,38,0.0437266046511628
1992,indian,38,0.03183162790697675
1992,other,38,0.0437266046511628
1992,chinese,39,0.019505009302325578
1992,malay,39,0.033273251162790694
1992,indian,39,0.024221906976744183
1992,other,39,0.033273251162790694
1992,chinese,40,0.013986423837209301
1992,malay,40,0.023859193604651163
1992,indian,40,0.017368761627906976
1992,other,40,0.023859193604651163
1992,chinese,41,0.008534197674418605
1992,malay,41,0.014558337209302327
1992,indian,41,0.010598023255813953
1992,other,41,0.014558337209302327
1992,chinese,42,0.004496598837209302
1992,malay,42,0.007670668604651163
1992,indian,42,0.005584011627906976
1992,other,42,0.007670668604651163
1992,chinese,43,0.002012127906976745
1992,malay,43,0.003432453488372094
1992,indian,43,0.002498720930232559
1992,other,43,0.003432453488372094
1992,chinese,44,0.0007700703488372087
1992,malay,44,0.00131364941860465
1992,indian,44,0.0009562965116279061
1992,other,44,0.00131364941860465
1992,chinese,45,0.00030697848837209283
1992,malay,45,0.0005236691860465112
1992,indian,45,0.0003812151162790695
1992,other,45,0.0005236691860465112
1992,chinese,46,0.00021331046511627907
1992,malay,46,0.0003638825581395349
1992,indian,46,0.0002648953488372093
1992,other,46,0.0003638825581395349
1992,chinese,47,0.000205304651162791
1992,malay,47,0.00035022558139534936
1992,indian,47,0.0002549534883720934
1992,other,47,0.00035022558139534936
1992,chinese,48,0.00014294825581395357
1992,malay,48,0.00024385290697674433
1992,indian,48,0.0001775174418604652
1992,other,48,0.00024385290697674433
1992,chinese,49,2.0993023255813813e-05
1992,malay,49,3.58116279069765e-05
1992,indian,49,2.606976744186029e-05
1992,other,49,3.58116279069765e-05
1993,chinese,15,0.0
1993,malay,15,0.0
1993,indian,15,0.0
1993,other,15,0.0
1993,chinese,16,0.0017188965517241394
1993,malay,16,0.002905489655172416
1993,indian,16,0.0021513931034482774
1993,other,16,0.002905489655172416
1993,chinese,17,0.008026505747126439
1993,malay,17,0.01356738390804598
1993,indian,17,0.010046078160919543
1993,other,17,0.01356738390804598
1993,chinese,18,0.013506735632183907
1993,malay,18,0.022830740229885054
1993,indian,18,0.01690520459770115
1993,other,18,0.022830740229885054
1993,chinese,19,0.018069080459770116
1993,malay,19,0.03054257471264368
1993,indian,19,0.022615494252873566
1993,other,19,0.03054257471264368
1993,chinese,20,0.022660643678160924
1993,malay,20,0.03830379770114943
1993,indian,20,0.028362354022988513
1993,other,20,0.03830379770114943
1993,chinese,21,0.0291364367816092
1993,malay,21,0.04924997701149426
1993,indian,21,0.03646754022988506
1993,other,21,0.04924997701149426
1993,chinese,22,0.039740574712643674
1993,malay,22,0.0671743908045977
1993,indian,22,0.04973981609195402
1993,other,22,0.0671743908045977
1993,chinese,23,0.05561471264367817
1993,malay,23,0.09400680459770117
1993,indian,23,0.069608091954023
1993,other,23,0.09400680459770117
1993,chinese,24,0.07465797701149426
1993,malay,24,0.12619606436781608
1993,indian,24,0.09344288735632185
1993,other,24,0.12619606436781608
1993,chinese,25,0.09506938362068966
1993,malay,25,0.16069792586206896
1993,indian,25,0.11899006724137932
1993,other,25,0.16069792586206896
1993,chinese,26,0.11264135057471265
1993,malay,26,0.19040021839080462
1993,indian,26,0.14098336781609197
1993,other,26,0.19040021839080462
1993,chinese,27,0.12381604885057475
1993,malay,27,0.20928906321839083
1993,indian,27,0.15496976436781612
1993,other,27,0.20928906321839083
1993,chinese,28,0.12609962643678163
1993,malay,28,0.21314904597701154
1993,indian,28,0.15782791954022993
1993,other,28,0.21314904597701154
1993,chinese,29,0.12139657902298853
1993,malay,29,0.20519937873563224
1993,indian,29,0.15194152471264372
1993,other,29,0.20519937873563224
1993,chinese,30,0.11461154310344825
1993,malay,30,0.1937304793103448
1993,indian,30,0.1434492862068965
1993,other,30,0.1937304793103448
1993,chinese,31,0.10785683908045975
1993,malay,31,0.18231285057471258
1993,indian,31,0.13499501149425283
1993,other,31,0.18231285057471258
1993,chinese,32,0.09883031609195402
1993,malay,32,0.1670551149425287
1993,indian,32,0.12369729885057469
1993,other,32,0.1670551149425287
1993,chinese,33,0.08782442528735632
1993,malay,33,0.1484516091954023
1993,indian,33,0.10992218390804596
1993,other,33,0.1484516091954023
1993,chinese,34,0.07547457758620689
1993,malay,34,0.12757638275862068
1993,indian,34,0.0944649551724138
1993,other,34,0.12757638275862068
1993,chinese,35,0.06176741091954022
1993,malay,35,0.10440684942528733
1993,indian,35,0.07730888850574712
1993,other,35,0.10440684942528733
1993,chinese,36,0.048041091954023
1993,malay,36,0.08120494252873564
1993,indian,36,0.06012885057471266
1993,other,36,0.08120494252873564
1993,chinese,37,0.036204971264367815
1993,malay,37,0.06119808045977011
1993,indian,37,0.0453146091954023
1993,other,37,0.06119808045977011
1993,chinese,38,0.027324540229885067
1993,malay,38,0.04618728735632185
1993,indian,38,0.034199747126436794
1993,other,38,0.04618728735632185
1993,chinese,39,0.02085738793103448
1993,malay,39,0.035255713793103445
1993,indian,39,0.026105375862068965
1993,other,39,0.035255713793103445
1993,chinese,40,0.014953045977011494
1993,malay,40,0.025275471264367817
1993,indian,40,0.018715425287356324
1993,other,40,0.025275471264367817
1993,chinese,41,0.009157471264367816
1993,malay,41,0.015479080459770114
1993,indian,41,0.0114616091954023
1993,other,41,0.015479080459770114
1993,chinese,42,0.0048495402298850574
1993,malay,42,0.008197287356321838
1993,indian,42,0.0060697471264367815
1993,other,42,0.008197287356321838
1993,chinese,43,0.00220919540229885
1993,malay,43,0.0037342528735632174
1993,indian,43,0.002765057471264367
1993,other,43,0.0037342528735632174
1993,chinese,44,0.000899712643678161
1993,malay,44,0.0015208045977011496
1993,indian,44,0.0011260919540229887
1993,other,44,0.0015208045977011496
1993,chinese,45,0.00040870114942528717
1993,malay,45,0.0006908367816091951
1993,indian,45,0.0005115356321839078
1993,other,45,0.0006908367816091951
1993,chinese,46,0.00028577011494252915
1993,malay,46,0.0004830436781609202
1993,indian,46,0.0003576735632183913
1993,other,46,0.0004830436781609202
1993,chinese,47,0.00022519540229885086
1993,malay,47,0.0003806528735632188
1993,indian,47,0.0002818574712643682
1993,other,47,0.0003806528735632188
1993,chinese,48,8.658620689655183e-05
1993,malay,48,0.00014635862068965535
1993,indian,48,0.00010837241379310358
1993,other,48,0.00014635862068965535
1993,chinese,49,0.0
1993,malay,49,0.0
1993,indian,49,0.0
1993,other,49,0.0
1994,chinese,15,0.0
1994,malay,15,0.0
1994,indian,15,0.0
1994,other,15,0.0
1994,chinese,16,0.0013358374269005853
1994,malay,16,0.0022032643274853807
1994,indian,16,0.00157004269005848
1994,other,16,0.0022032643274853807
1994,chinese,17,0.007472332163742691
1994,malay,17,0.01232449590643275
1994,indian,17,0.008782416374269008
1994,other,17,0.01232449590643275
1994,chinese,18,0.012590355555555556
1994,malay,18,0.02076591111111111
1994,indian,18,0.014797755555555557
1994,other,18,0.02076591111111111
1994,chinese,19,0.016626686549707604
1994,malay,19,0.027423236257309944
1994,indian,19,0.019541754970760238
1994,other,19,0.027423236257309944
1994,chinese,20,0.02064059298245614
1994,malay,20,0.03404357543859649
1994,indian,20,0.024259398245614034
1994,other,20,0.03404357543859649
1994,chinese,21,0.026673520467836262
1994,malay,21,0.043993988304093574
1994,indian,21,0.03135004678362573
1994,other,21,0.043993988304093574
1994,chinese,22,0.03718784795321638
1994,malay,22,0.06133580116959065
1994,indian,22,0.04370779532163743
1994,other,22,0.06133580116959065
1994,chinese,23,0.05345330994152046
1994,malay,23,0.08816325146198829
1994,indian,23,0.06282499415204677
1994,other,23,0.08816325146198829
1994,chinese,24,0.07323186315789472
1994,malay,24,0.12078502105263156
1994,indian,24,0.08607121578947367
1994,other,24,0.12078502105263156
1994,chinese,25,0.09448179181286548
1994,malay,25,0.15583360467836255
1994,indian,25,0.1110467812865497
1994,other,25,0.15583360467836255
1994,chinese,26,0.11278563742690055
1994,malay,26,0.18602306432748533
1994,indian,26,0.13255974269005844
1994,other,26,0.18602306432748533
1994,chinese,27,0.12456168421052631
1994,malay,27,0.2054458947368421
1994,indian,27,0.1464004210526316
1994,other,27,0.2054458947368421
1994,chinese,28,0.12722741520467834
1994,malay,28,0.20984261988304087
1994,indian,28,0.14953352046783622
1994,other,28,0.20984261988304087
1994,chinese,29,0.12272124912280703
1994,malay,29,0.20241037192982458
1994,indian,29,0.14423731228070177
1994,other,29,0.20241037192982458
1994,chinese,30,0.11613761403508771
1994,malay,30,0.191551649122807
1994,indian,30,0.13649940350877193
1994,other,30,0.191551649122807
1994,chinese,31,0.10957235087719298
1994,malay,31,0.18072322807017543
1994,indian,31,0.12878308771929825
1994,other,31,0.18072322807017543
1994,chinese,32,0.10050886549707605
1994,malay,32,0.16577436257309947
1994,indian,32,0.11813054970760238
1994,other,32,0.16577436257309947
1994,chinese,33,0.08918311111111112
1994,malay,33,0.14709422222222224
1994,indian,33,0.10481911111111113
1994,other,33,0.14709422222222224
1994,chinese,34,0.07631735672514621
1994,malay,34,0.12587408187134505
1994,indian,34,0.08969767251461991
1994,other,34,0.12587408187134505
1994,chinese,35,0.061988287134502926
1994,malay,35,0.10224042163742689
1994,indian,35,0.0728563634502924
1994,other,35,0.10224042163742689
1994,chinese,36,0.04770127485380117
1994,malay,36,0.07867612865497076
1994,indian,36,0.05606448538011696
1994,other,36,0.07867612865497076
1994,chinese,37,0.035487093567251465
1994,malay,37,0.058530660818713456
1994,indian,37,0.0417088567251462
1994,other,37,0.058530660818713456
1994,chinese,38,0.02650511111111111
1994,malay,38,0.04371622222222222
1994,indian,38,0.031152111111111113
1994,other,38,0.04371622222222222
1994,chinese,39,0.0201427947368421
1994,malay,39,0.03322253157894736
1994,indian,39,0.023674323684210522
1994,other,39,0.03322253157894736
1994,chinese,40,0.014393416374269007
1994,malay,40,0.023739790643274857
1994,indian,40,0.016916937426900588
1994,other,40,0.023739790643274857
1994,chinese,41,0.008705052631578948
1994,malay,41,0.014357684210526318
1994,indian,41,0.010231263157894738
1994,other,41,0.014357684210526318
1994,chinese,42,0.004496619883040937
1994,malay,42,0.00741650292397661
1994,indian,42,0.005284988304093569
1994,other,42,0.00741650292397661
1994,chinese,43,0.0019218479532163756
1994,malay,43,0.003169801169590645
1994,indian,43,0.0022587953216374286
1994,other,43,0.003169801169590645
1994,chinese,44,0.0006526538011695908
1994,malay,44,0.0010764549707602343
1994,indian,44,0.0007670801169590647
1994,other,44,0.0010764549707602343
1994,chinese,45,0.00019713801169590664
1994,malay,45,0.0003251497076023395
1994,indian,45,0.00023170116959064354
1994,other,45,0.0003251497076023395
1994,chinese,46,0.00012121871345029208
1994,malay,46,0.00019993216374268952
1994,indian,46,0.0001424713450292394
1994,other,46,0.00019993216374268952
1994,chinese,47,0.00012572163742690038
1994,malay,47,0.00020735906432748502
1994,indian,47,0.00014776374269005824
1994,other,47,0.00020735906432748502
1994,chinese,48,6.565263157894722e-05
1994,malay,48,0.00010828421052631555
1994,indian,48,7.716315789473668e-05
1994,other,48,0.00010828421052631555
1994,chinese,49,0.0
1994,malay,49,0.0
1994,indian,49,0.0
1994,other,49,0.0
1995,chinese,15,0.0
1995,malay,15,0.0
1995,indian,15,0.0
1995,other,15,0.0
1995,chinese,16,0.0004647544910179639
1995,malay,16,0.0007725389221556883
1995,indian,16,0.0005263113772455088
1995,other,16,0.0007725389221556883
1995,chinese,17,0.006521029940119761
1995,malay,17,0.010839592814371258
1995,indian,17,0.00738474251497006
1995,other,17,0.010839592814371258
1995,chinese,18,0.01183405988023952
1995,malay,18,0.01967118562874251
1995,indian,18,0.013401485029940116
1995,other,18,0.01967118562874251
1995,chinese,19,0.016311255089820356
1995,malay,19,0.027113410778443106
1995,indian,19,0.018471686227544904
1995,other,19,0.027113410778443106
1995,chinese,20,0.020872720958083832
1995,malay,20,0.034695714970059875
1995,indian,20,0.023637319760479038
1995,other,20,0.034695714970059875
1995,chinese,21,0.027324670658682635
1995,malay,21,0.045420479041916165
1995,indian,21,0.03094383233532934
1995,other,21,0.045420479041916165
1995,chinese,22,0.03785307784431137
1995,malay,22,0.06292134131736525
1995,indian,22,0.04286673053892215
1995,other,22,0.06292134131736525
1995,chinese,23,0.05356792814371258
1995,malay,23,0.08904337724550898
1995,indian,23,0.06066301796407185
1995,other,23,0.08904337724550898
1995,chinese,24,0.07241453652694609
1995,malay,24,0.12037118323353291
1995,indian,24,0.08200586586826344
1995,other,24,0.12037118323353291
1995,chinese,25,0.09256250269461078
1995,malay,25,0.15386217335329339
1995,indian,25,0.10482243682634729
1995,other,25,0.15386217335329339
1995,chinese,26,0.10995422155688621
1995,malay,26,0.18277158682634725
1995,indian,26,0.12451769461077841
1995,other,26,0.18277158682634725
1995,chinese,27,0.12123717664670657
1995,malay,27,0.20152669760479036
1995,indian,27,0.1372950808383233
1995,other,27,0.20152669760479036
1995,chinese,28,0.1240162095808383
1995,malay,28,0.20614614970059875
1995,indian,28,0.14044219760479038
1995,other,28,0.20614614970059875
1995,chinese,29,0.1200622248502994
1995,malay,29,0.19957363203592812
1995,indian,29,0.13596450628742512
1995,other,29,0.19957363203592812
1995,chinese,30,0.11418104610778443
1995,malay,30,0.18979763293413174
1995,indian,30,0.12930436347305388
1995,other,30,0.18979763293413174
1995,chinese,31,0.10819014371257485
1995,malay,31,0.17983924550898203
1995,indian,31,0.12251996407185628
1995,other,31,0.17983924550898203
1995,chinese,32,0.09952527544910181
1995,malay,32,0.16543605389221558
1995,indian,32,0.11270743113772455
1995,other,32,0.16543605389221558
1995,chinese,33,0.08830877844311379
1995,malay,33,0.1467914131736527
1995,indian,33,0.10000530538922157
1995,other,33,0.1467914131736527
1995,chinese,34,0.07534565449101797
1995,malay,34,0.1252434389221557
1995,indian,34,0.08532521137724551
1995,other,34,0.1252434389221557
1995,chinese,35,0.06087687065868263
1995,malay,35,0.10119267904191616
1995,indian,35,0.06894003233532933
1995,other,35,0.10119267904191616
1995,chinese,36,0.04654055089820359
1995,malay,36,0.07736210778443113
1995,indian,36,0.0527048622754491
1995,other,36,0.07736210778443113
1995,chinese,37,0.03435747305389221
1995,malay,37,0.05711076646706585
1995,indian,37,0.038908131736526935
1995,other,37,0.05711076646706585
1995,chinese,38,0.02553075449101796
1995,malay,38,0.04243853892215568
1995,indian,38,0.028912311377245505
1995,other,38,0.04243853892215568
1995,chinese,39,0.01940991976047904
1995,malay,39,0.03226417125748502
1995,indian,39,0.021980770059880233
1995,other,39,0.03226417125748502
1995,chinese,40,0.013918944910179639
1995,malay,40,0.023136789221556882
1995,indian,40,0.01576251377245509
1995,other,40,0.023136789221556882
1995,chinese,41,0.008445149700598802
1995,malay,41,0.014037964071856287
1995,indian,41,0.009563712574850298
1995,other,41,0.014037964071856287
1995,chinese,42,0.004403413173652696
1995,malay,42,0.007319580838323354
1995,indian,42,0.004986646706586827
1995,other,42,0.007319580838323354
1995,chinese,43,0.0019241197604790428
1995,malay,43,0.0031983712574850313
1995,indian,43,0.0021789700598802406
1995,other,43,0.0031983712574850313
1995,chinese,44,0.0006945999999999998
1995,malay,44,0.0011545999999999996
1995,indian,44,0.0007865999999999997
1995,other,44,0.0011545999999999996
1995,chinese,45,0.00025154610778443096
1995,malay,45,0.00041813293413173625
1995,indian,45,0.000284863473053892
1995,other,45,0.00041813293413173625
1995,chinese,46,0.0001848167664670658
1995,malay,46,0.000307211976047904
1995,indian,46,0.00020929580838323342
1995,other,46,0.000307211976047904
1995,chinese,47,0.0002083257485029938
1995,malay,47,0.0003462898203592811
1995,indian,47,0.00023591856287425125
1995,other,47,0.0003462898203592811
1995,chinese,48,0.00017776407185628745
1995,malay,48,0.00029548862275449104
1995,indian,48,0.00020130898203592817
1995,other,48,0.00029548862275449104
1995,chinese,49,8.173892215568858e-05
1995,malay,49,0.00013587065868263465
1995,indian,49,9.256526946107779e-05
1995,other,49,0.00013587065868263465
1996,chinese,15,0.0
1996,malay,15,0.0
1996,indian,15,0.0
1996,other,15,0.0
1996,chinese,16,0.0010218524096385529
1996,malay,16,0.0017167120481927686
1996,indian,16,0.0011853487951807213
1996,other,16,0.0017167120481927686
1996,chinese,17,0.006801867469879519
1996,malay,17,0.011427137349397591
1996,indian,17,0.007890166265060242
1996,other,17,0.011427137349397591
1996,chinese,18,0.011733343373493974
1996,malay,18,0.019712016867469876
1996,indian,18,0.013610678313253011
1996,other,18,0.019712016867469876
1996,chinese,19,0.015752394578313258
1996,malay,19,0.026464022891566272
1996,indian,19,0.01827277771084338
1996,other,19,0.026464022891566272
1996,chinese,20,0.019815135542168676
1996,malay,20,0.033289427710843374
1996,indian,20,0.022985557228915668
1996,other,20,0.033289427710843374
1996,chinese,21,0.025770180722891577
1996,malay,21,0.04329390361445785
1996,indian,21,0.029893409638554233
1996,other,21,0.04329390361445785
1996,chinese,22,0.03584864457831325
1996,malay,22,0.06022572289156627
1996,indian,22,0.04158442771084338
1996,other,22,0.06022572289156627
1996,chinese,23,0.051197891566265065
1996,malay,23,0.0860124578313253
1996,indian,23,0.05938955421686748
1996,other,23,0.0860124578313253
1996,chinese,24,0.06977778614457832
1996,malay,24,0.11722668072289158
1996,indian,24,0.08094223192771086
1996,other,24,0.11722668072289158
1996,chinese,25,0.08961858433734939
1996,malay,25,0.15055922168674696
1996,indian,25,0.1039575578313253
1996,other,25,0.15055922168674696
1996,chinese,26,0.10678373493975904
1996,malay,26,0.1793966746987952
1996,indian,26,0.1238691325301205
1996,other,26,0.1793966746987952
1996,chinese,27,0.11820813253012047
1996,malay,27,0.1985896626506024
1996,indian,27,0.13712143373493976
1996,other,27,0.1985896626506024
1996,chinese,28,0.12160662650602408
1996,malay,28,0.20429913253012044
1996,indian,28,0.14106368674698794
1996,other,28,0.20429913253012044
1996,chinese,29,0.1186021987951807
1996,malay,29,0.1992516939759036
1996,indian,29,0.13757855060240964
1996,other,29,0.1992516939759036
1996,chinese,30,0.11382162650602408
1996,malay,30,0.19122033253012044
1996,indian,30,0.13203308674698794
1996,other,30,0.19122033253012044
1996,chinese,31,0.10880963855421688
1996,malay,31,0.18280019277108436
1996,indian,31,0.1262191807228916
1996,other,31,0.18280019277108436
1996,chinese,32,0.1008379518072289
1996,malay,32,0.16940775903614455
1996,indian,32,0.11697202409638555
1996,other,32,0.16940775903614455
1996,chinese,33,0.08988433734939759
1996,malay,33,0.15100568674698794
1996,indian,33,0.1042658313253012
1996,other,33,0.15100568674698794
1996,chinese,34,0.07685728915662653
1996,malay,34,0.12912024578313255
1996,indian,34,0.08915445542168678
1996,other,34,0.12912024578313255
1996,chinese,35,0.062243584337349396
1996,malay,35,0.10456922168674698
1996,indian,35,0.07220255783132531
1996,other,35,0.10456922168674698
1996,chinese,36,0.04781746987951807
1996,malay,36,0.08033334939759036
1996,indian,36,0.055468265060240975
1996,other,36,0.08033334939759036
1996,chinese,37,0.03551475903614458
1996,malay,37,0.05966479518072289
1996,indian,37,0.04119712048192772
1996,other,37,0.05966479518072289
1996,chinese,38,0.026568072289156627
1996,malay,38,0.04463436144578314
1996,indian,38,0.030818963855421693
1996,other,38,0.04463436144578314
1996,chinese,39,0.020325993975903615
1996,malay,39,0.034147669879518075
1996,indian,39,0.023578153012048197
1996,other,39,0.034147669879518075
1996,chinese,40,0.014678810240963855
1996,malay,40,0.024660401204819278
1996,indian,40,0.017027419879518075
1996,other,40,0.024660401204819278
1996,chinese,41,0.009020783132530122
1996,malay,41,0.015154915662650602
1996,indian,41,0.010464108433734942
1996,other,41,0.015154915662650602
1996,chinese,42,0.004816716867469881
1996,malay,42,0.008092084337349401
1996,indian,42,0.005587391566265063
1996,other,42,0.008092084337349401
1996,chinese,43,0.0022147590361445797
1996,malay,43,0.0037207951807228935
1996,indian,43,0.002569120481927713
1996,other,43,0.0037207951807228935
1996,chinese,44,0.0008954367469879522
1996,malay,44,0.0015043337349397597
1996,indian,44,0.0010387066265060247
1996,other,44,0.0015043337349397597
1996,chinese,45,0.0003802861445783137
1996,malay,45,0.000638880722891567
1996,indian,45,0.00044113192771084395
1996,other,45,0.000638880722891567
1996,chinese,46,0.0002469578313253013
1996,malay,46,0.00041488915662650614
1996,indian,46,0.00028647108433734955
1996,other,46,0.00041488915662650614
1996,chinese,47,0.00020403614457831316
1996,malay,47,0.0003427807228915661
1996,indian,47,0.0002366819277108433
1996,other,47,0.0003427807228915661
1996,chinese,48,0.00010974397590361433
1996,malay,48,0.00018436987951807207
1996,indian,48,0.00012730301204819265
1996,other,48,0.00018436987951807207
1996,chinese,49,0.0
1996,malay,49,0.0
1996,indian,49,0.0
1996,other,49,0.0
1997,chinese,15,0.0
1997,malay,15,0.0
1997,indian,15,0.0
1997,other,15,0.0
1997,chinese,16,0.0014339627329192518
1997,malay,16,0.002459644409937884
1997,indian,16,0.0017028307453416116
1997,other,16,0.002459644409937884
1997,chinese,17,0.00676263354037267
1997,malay,17,0.011599795031055902
1997,indian,17,0.008030627329192545
1997,other,17,0.011599795031055902
1997,chinese,18,0.01122886956521739
1997,malay,18,0.01926063043478261
1997,indian,18,0.01333428260869565
1997,other,18,0.01926063043478261
1997,chinese,19,0.014792332919254659
1997,malay,19,0.025372959937888205
1997,indian,19,0.017565895341614908
1997,other,19,0.025372959937888205
1997,chinese,20,0.018382226086956527
1997,malay,20,0.03153062391304349
1997,indian,20,0.021828893478260874
1997,other,20,0.03153062391304349
1997,chinese,21,0.02377609937888199
1997,malay,21,0.04078261490683231
1997,indian,21,0.028234118012422364
1997,other,21,0.04078261490683231
1997,chinese,22,0.033115080745341606
1997,malay,22,0.05680156211180124
1997,indian,22,0.03932415838509316
1997,other,22,0.05680156211180124
1997,chinese,23,0.04751016149068323
1997,malay,23,0.0814931242236025
1997,indian,23,0.056418316770186334
1997,other,23,0.0814931242236025
1997,chinese,24,0.06504251925465838
1997,malay,24,0.11156598788819878
1997,indian,24,0.07723799161490684
1997,other,24,0.11156598788819878
1997,chinese,25,0.08369803229813665
1997,malay,25,0.1435653748447205
1997,indian,25,0.09939141335403727
1997,other,25,0.1435653748447205
1997,chinese,26,0.0998814409937888
1997,malay,26,0.17132441614906832
1997,indian,26,0.1186092111801242
1997,other,26,0.17132441614906832
1997,chinese,27,0.11099403726708075
1997,malay,27,0.19038560559006215
1997,indian,27,0.13180541925465838
1997,other,27,0.19038560559006215
1997,chinese,28,0.11498623602484472
1997,malay,28,0.19723333540372673
1997,indian,28,0.1365461552795031
1997,other,28,0.19723333540372673
1997,chinese,29,0.11322286211180123
1997,malay,29,0.1942086593167702
1997,indian,29,0.13445214875776396
1997,other,29,0.1942086593167702
1997,chinese,30,0.10995911552795029
1997,malay,30,0.18861042732919256
1997,indian,30,0.13057644968944096
1997,other,30,0.18861042732919256
1997,chinese,31,0.10628452173913042
1997,malay,31,0.18230747826086957
1997,indian,31,0.12621286956521738
1997,other,31,0.18230747826086957
1997,chinese,32,0.09927950310559004
1997,malay,32,0.17029192546583852
1997,indian,32,0.11789440993788818
1997,other,32,0.17029192546583852
1997,chinese,33,0.08870399999999999
1997,malay,33,0.152152
1997,indian,33,0.10533599999999999
1997,other,33,0.152152
1997,chinese,34,0.07562379130434782
1997,malay,34,0.1297158086956522
1997,indian,34,0.08980325217391304
1997,other,34,0.1297158086956522
1997,chinese,35,0.06085489192546582
1997,malay,35,0.10438304378881988
1997,indian,35,0.07226518416149066
1997,other,35,0.10438304378881988
1997,chinese,36,0.046411826086956515
1997,malay,36,0.07960917391304348
1997,indian,36,0.05511404347826086
1997,other,36,0.07960917391304348
1997,chinese,37,0.03418121739130434
1997,malay,37,0.058630282608695655
1997,indian,37,0.04059019565217391
1997,other,37,0.058630282608695655
1997,chinese,38,0.025468322981366462
1997,malay,38,0.04368524844720498
1997,indian,38,0.030243633540372673
1997,other,38,0.04368524844720498
1997,chinese,39,0.01956821366459627
1997,malay,39,0.033564922049689444
1997,indian,39,0.023237253726708075
1997,other,39,0.033564922049689444
1997,chinese,40,0.014268477018633539
1997,malay,40,0.024474401552795035
1997,indian,40,0.01694381645962733
1997,other,40,0.024474401552795035
1997,chinese,41,0.008875229813664596
1997,malay,41,0.015223484472049693
1997,indian,41,0.010539335403726709
1997,other,41,0.015223484472049693
1997,chinese,42,0.004853515527950311
1997,malay,42,0.008325127329192548
1997,indian,42,0.005763549689440994
1997,other,42,0.008325127329192548
1997,chinese,43,0.002320993788819876
1997,malay,43,0.0039811490683229825
1997,indian,43,0.0027561801242236028
1997,other,43,0.0039811490683229825
1997,chinese,44,0.000986131677018633
1997,malay,44,0.0016914897515527944
1997,indian,44,0.0011710313664596266
1997,other,44,0.0016914897515527944
1997,chinese,45,0.0004182708074534162
1997,malay,45,0.0007174506211180126
1997,indian,45,0.0004966965838509317
1997,other,45,0.0007174506211180126
1997,chinese,46,0.00023585590062111806
1997,malay,46,0.0004045583850931678
1997,indian,46,0.0002800788819875777
1997,other,46,0.0004045583850931678
1997,chinese,47,0.0001719055900621121
1997,malay,47,0.0002948658385093173
1997,indian,47,0.00020413788819875813
1997,other,47,0.0002948658385093173
1997,chinese,48,9.038012422360249e-05
1997,malay,48,0.00015502701863354042
1997,indian,48,0.00010732639751552796
1997,other,48,0.00015502701863354042
1997,chinese,49,0.0
1997,malay,49,0.0
1997,indian,49,0.0
1997,other,49,0.0
1998,chinese,15,0.0
1998,malay,15,0.0
1998,indian,15,0.0
1998,other,15,0.0
1998,chinese,16,0.00225060304054054
1998,malay,16,0.004394878378378377
1998,indian,16,0.0029771756756756746
1998,other,16,0.004394878378378377
1998,chinese,17,0.006987574324324323
1998,malay,17,0.013645027027027025
1998,indian,17,0.009243405405405403
1998,other,17,0.013645027027027025
1998,chinese,18,0.011022827702702704
1998,malay,18,0.021524891891891895
1998,indian,18,0.01458137837837838
1998,other,18,0.021524891891891895
1998,chinese,19,0.014315431418918922
1998,malay,19,0.02795454324324325
1998,indian,19,0.018936948648648654
1998,other,19,0.02795454324324325
1998,chinese,20,0.017624210472972975
1998,malay,20,0.03441578108108108
1998,indian,20,0.023313916216216216
1998,other,20,0.03441578108108108
1998,chinese,21,0.022407777027027037
1998,malay,21,0.04375691891891894
1998,indian,21,0.029641783783783796
1998,other,21,0.04375691891891894
1998,chinese,22,0.030424652027027026
1998,malay,22,0.05941191891891892
1998,indian,22,0.04024678378378378
1998,other,22,0.05941191891891892
1998,chinese,23,0.04258361486486487
1998,malay,23,0.08315540540540542
1998,indian,23,0.05633108108108109
1998,other,23,0.08315540540540542
1998,chinese,24,0.05729420506756758
1998,malay,24,0.11188159729729731
1998,indian,24,0.07579075945945947
1998,other,24,0.11188159729729731
1998,chinese,25,0.07293382601351352
1998,malay,25,0.14242195945945946
1998,indian,25,0.09647939189189189
1998,other,25,0.14242195945945946
1998,chinese,26,0.08649300675675677
1998,malay,26,0.16889972972972975
1998,indian,26,0.11441594594594595
1998,other,26,0.16889972972972975
1998,chinese,27,0.09573611824324325
1998,malay,27,0.18694927027027028
1998,indian,27,0.12664305405405407
1998,other,27,0.18694927027027028
1998,chinese,28,0.09893557432432433
1998,malay,28,0.19319702702702704
1998,indian,28,0.1308754054054054
1998,other,28,0.19319702702702704
1998,chinese,29,0.09726633952702701
1998,malay,29,0.18993741891891888
1998,indian,29,0.12866728378378375
1998,other,29,0.18993741891891888
1998,chinese,30,0.0942579841216216
1998,malay,30,0.1840628351351351
1998,indian,30,0.124687727027027
1998,other,30,0.1840628351351351
1998,chinese,31,0.09093114189189189
1998,malay,31,0.17756632432432432
1998,indian,31,0.12028686486486485
1998,other,31,0.17756632432432432
1998,chinese,32,0.08500461824324324
1998,malay,32,0.16599327027027025
1998,indian,32,0.11244705405405403
1998,other,32,0.16599327027027025
1998,chinese,33,0.07635360135135136
1998,malay,33,0.14909994594594594
1998,indian,33,0.10100318918918919
1998,other,33,0.14909994594594594
1998,chinese,34,0.06577360033783783
1998,malay,34,0.1284397864864865
1998,indian,34,0.08700759729729729
1998,other,34,0.1284397864864865
1998,chinese,35,0.05387760472972972
1998,malay,35,0.10520981081081078
1998,indian,35,0.07127116216216214
1998,other,35,0.10520981081081078
1998,chinese,36,0.04213482432432432
1998,malay,36,0.08227902702702701
1998,indian,36,0.055737405405405394
1998,other,36,0.08227902702702701
1998,chinese,37,0.031931060810810805
1998,malay,37,0.062353567567567554
1998,indian,37,0.0422395135135135
1998,other,37,0.062353567567567554
1998,chinese,38,0.024234689189189192
1998,malay,38,0.04732443243243244
1998,indian,38,0.03205848648648649
1998,other,38,0.04732443243243244
1998,chinese,39,0.01858533445945946
1998,malay,39,0.03629262162162162
1998,indian,39,0.024585324324324323
1998,other,39,0.03629262162162162
1998,chinese,40,0.013326719256756757
1998,malay,40,0.02602382972972973
1998,indian,40,0.017629045945945946
1998,other,40,0.02602382972972973
1998,chinese,41,0.008103114864864865
1998,malay,41,0.015823405405405406
1998,indian,41,0.010719081081081081
1998,other,41,0.015823405405405406
1998,chinese,42,0.004222320945945946
1998,malay,42,0.00824516216216216
1998,indian,42,0.005585432432432431
1998,other,42,0.00824516216216216
1998,chinese,43,0.0018869797297297298
1998,malay,43,0.0036848108108108106
1998,indian,43,0.002496162162162162
1998,other,43,0.0036848108108108106
1998,chinese,44,0.0007784327702702704
1998,malay,44,0.0015200891891891896
1998,indian,44,0.0010297378378378381
1998,other,44,0.0015200891891891896
1998,chinese,45,0.00040077939189189207
1998,malay,45,0.0007826243243243247
1998,indian,45,0.0005301648648648651
1998,other,45,0.0007826243243243247
1998,chinese,46,0.0003206750000000002
1998,malay,46,0.0006262000000000004
1998,indian,46,0.0004242000000000003
1998,other,46,0.0006262000000000004
1998,chinese,47,0.00025073918918918926
1998,malay,47,0.0004896324324324326
1998,indian,47,0.00033168648648648655
1998,other,47,0.0004896324324324326
1998,chinese,48,7.040777027027017e-05
1998,malay,48,0.000137489189189189
1998,indian,48,9.31378378378377e-05
1998,other,48,0.000137489189189189
1998,chinese,49,0.0
1998,malay,49,0.0
1998,indian,49,0.0
1998,other,49,0.0
1999,chinese,15,0.0
1999,malay,15,0.0
1999,indian,15,0.0
1999,other,15,0.0
1999,chinese,16,0.003627313265306125
1999,malay,16,0.006776608503401364
1999,indian,16,0.004358399659863948
1999,other,16,0.006776608503401364
1999,chinese,17,0.008282151020408166
1999,malay,17,0.01547285578231293
1999,indian,17,0.009951421768707487
1999,other,17,0.01547285578231293
1999,chinese,18,0.01185158979591837
1999,malay,18,0.022141342176870752
1999,indian,18,0.014240282312925172
1999,other,18,0.022141342176870752
1999,chinese,19,0.014348354081632656
1999,malay,19,0.02680583979591837
1999,indian,19,0.01724027040816327
1999,other,19,0.02680583979591837
1999,chinese,20,0.016716776530612248
1999,malay,20,0.031230567006802726
1999,indian,20,0.020086049319727895
1999,other,20,0.031230567006802726
1999,chinese,21,0.02071634693877551
1999,malay,21,0.03870263265306122
1999,indian,21,0.024891734693877548
1999,other,21,0.03870263265306122
1999,chinese,22,0.028455908163265306
1999,malay,22,0.05316181292517006
1999,indian,22,0.034191207482993195
1999,other,22,0.05316181292517006
1999,chinese,23,0.0410544693877551
1999,malay,23,0.07669865986394558
1999,indian,23,0.04932901360544218
1999,other,23,0.07669865986394558
1999,chinese,24,0.05671976428571429
1999,malay,24,0.10596483095238096
1999,indian,24,0.06815165476190477
1999,other,24,0.10596483095238096
1999,chinese,25,0.07343592653061225
1999,malay,25,0.13719425034013605
1999,indian,25,0.08823696598639456
1999,other,25,0.13719425034013605
1999,chinese,26,0.0879025306122449
1999,malay,26,0.1642210068027211
1999,indian,26,0.10561931972789115
1999,other,26,0.1642210068027211
1999,chinese,27,0.09791363265306123
1999,malay,27,0.18292391836734692
1999,indian,27,0.11764816326530612
1999,other,27,0.18292391836734692
1999,chinese,28,0.10163444897959184
1999,malay,28,0.18987521088435372
1999,indian,28,0.12211891156462584
1999,other,28,0.18987521088435372
1999,chinese,29,0.10026652244897959
1999,malay,29,0.18731962721088435
1999,indian,29,0.12047527891156462
1999,other,29,0.18731962721088435
1999,chinese,30,0.09759319489795919
1999,malay,30,0.18232527108843538
1999,indian,30,0.1172631411564626
1999,other,30,0.18232527108843538
1999,chinese,31,0.09456226530612247
1999,malay,31,0.17666283673469388
1999,indian,31,0.11362132653061226
1999,other,31,0.17666283673469388
1999,chinese,32,0.08854445918367347
1999,malay,32,0.16542026870748297
1999,indian,32,0.10639062925170067
1999,other,32,0.16542026870748297
1999,chinese,33,0.07930691836734695
1999,malay,33,0.14816253741496602
1999,indian,33,0.09529125850340138
1999,other,33,0.14816253741496602
1999,chinese,34,0.06779928469387757
1999,malay,34,0.1266637799319728
1999,indian,34,0.08146425680272111
1999,other,34,0.1266637799319728
1999,chinese,35,0.05479564591836736
1999,malay,35,0.10237016020408164
1999,indian,35,0.06583972959183675
1999,other,35,0.10237016020408164
1999,chinese,36,0.04206540816326531
1999,malay,36,0.07858731292517007
1999,indian,36,0.0505437074829932
1999,other,36,0.07858731292517007
1999,chinese,37,0.031209663265306123
1999,malay,37,0.058306425170068024
1999,indian,37,0.03749998299319728
1999,other,37,0.058306425170068024
1999,chinese,38,0.023363040816326532
1999,malay,38,0.04364723129251701
1999,indian,38,0.02807187074829932
1999,other,38,0.04364723129251701
1999,chinese,39,0.017933588775510205
1999,malay,39,0.03350383639455782
1999,indian,39,0.021548110544217687
1999,other,39,0.03350383639455782
1999,chinese,40,0.01299569693877551
1999,malay,40,0.024278782653061222
1999,indian,40,0.015614984693877551
1999,other,40,0.024278782653061222
1999,chinese,41,0.007997122448979592
1999,malay,41,0.014940360544217686
1999,indian,41,0.009608945578231293
1999,other,41,0.014940360544217686
1999,chinese,42,0.004280255102040818
1999,malay,42,0.007996445578231294
1999,indian,42,0.005142942176870749
1999,other,42,0.007996445578231294
1999,chinese,43,0.0019841428571428575
1999,malay,43,0.0037068095238095245
1999,indian,43,0.00238404761904762
1999,other,43,0.0037068095238095245
1999,chinese,44,0.0008244153061224484
1999,malay,44,0.0015401867346938763
1999,indian,44,0.0009905765306122442
1999,other,44,0.0015401867346938763
1999,chinese,45,0.00037273979591836726
1999,malay,45,0.0006963588435374148
1999,indian,45,0.0004478656462585033
1999,other,45,0.0006963588435374148
1999,chinese,46,0.00025159387755102023
1999,malay,46,0.00047003197278911525
1999,indian,46,0.0003023027210884351
1999,other,46,0.00047003197278911525
1999,chinese,47,0.0002020122448979592
1999,malay,47,0.00037740272108843537
1999,indian,47,0.00024272789115646257
1999,other,47,0.00037740272108843537
1999,chinese,48,0.00010052346938775517
1999,malay,48,0.0001877996598639457
1999,indian,48,0.00012078401360544227
1999,other,48,0.0001877996598639457
1999,chinese,49,0.0
1999,malay,49,0.0
1999,indian,49,0.0
1999,other,49,0.0
2000,chinese,15,0.0
2000,malay,15,0.0
2000,indian,15,0.0
2000,other,15,0.0
2000,chinese,16,0.0033424015624999998
2000,malay,16,0.005936853125
2000,indian,16,0.0037163765625
2000,other,16,0.005936853125
2000,chinese,17,0.00841823125
2000,malay,17,0.0149526625
2000,indian,17,0.00936013125
2000,other,17,0.0149526625
2000,chinese,18,0.012787328124999999
2000,malay,18,0.022713156249999998
2000,indian,18,0.014218078124999999
2000,other,18,0.022713156249999998
2000,chinese,19,0.0164181428125
2000,malay,19,0.029162295625000004
2000,indian,19,0.018255137812500002
2000,other,19,0.029162295625000004
2000,chinese,20,0.020097800937500004
2000,malay,20,0.03569819187500001
2000,indian,20,0.022346505937500004
2000,other,20,0.03569819187500001
2000,chinese,21,0.025329768750000002
2000,malay,21,0.044991337500000006
2000,indian,21,0.028163868750000005
2000,other,21,0.044991337500000006
2000,chinese,22,0.033924515625000005
2000,malay,22,0.06025753125000002
2000,indian,22,0.03772026562500001
2000,other,22,0.06025753125000002
2000,chinese,23,0.046822668750000004
2000,malay,23,0.0831675375
2000,indian,23,0.05206156875000001
2000,other,23,0.0831675375
2000,chinese,24,0.062406495937499994
2000,malay,24,0.11084790187499999
2000,indian,24,0.0693890409375
2000,other,24,0.11084790187499999
2000,chinese,25,0.0787758846875
2000,malay,25,0.139923599375
2000,indian,25,0.0875899696875
2000,other,25,0.139923599375
2000,chinese,26,0.09305456874999998
2000,malay,26,0.16528573749999997
2000,indian,26,0.10346626874999999
2000,other,26,0.16528573749999997
2000,chinese,27,0.10341715312499998
2000,malay,27,0.18369200624999996
2000,indian,27,0.11498830312499998
2000,other,27,0.18369200624999996
2000,chinese,28,0.10826261874999998
2000,malay,28,0.19229863749999998
2000,indian,28,0.12037591874999999
2000,other,28,0.19229863749999998
2000,chinese,29,0.1084991496875
2000,malay,29,0.19271876937500002
2000,indian,29,0.12063891468750002
2000,other,29,0.19271876937500002
2000,chinese,30,0.10764950625
2000,malay,30,0.19120961250000001
2000,indian,30,0.11969420625000002
2000,other,30,0.19120961250000001
2000,chinese,31,0.10603807500000002
2000,malay,31,0.18834735000000002
2000,indian,31,0.11790247500000003
2000,other,31,0.18834735000000002
2000,chinese,32,0.10053436250000002
2000,malay,32,0.17857152500000004
2000,indian,32,0.11178296250000003
2000,other,32,0.17857152500000004
2000,chinese,33,0.09055832500000001
2000,malay,33,0.16085185000000002
2000,indian,33,0.10069072500000001
2000,other,33,0.16085185000000002
2000,chinese,34,0.07739785625
2000,malay,34,0.1374759125
2000,indian,34,0.08605775624999999
2000,other,34,0.1374759125
2000,chinese,35,0.06242749906249999
2000,malay,35,0.11088520812499998
2000,indian,35,0.0694123940625
2000,other,35,0.11088520812499998
2000,chinese,36,0.04794700624999999
2000,malay,36,0.0851646125
2000,indian,36,0.05331170625
2000,other,36,0.0851646125
2000,chinese,37,0.03561280937499999
2000,malay,37,0.06325631874999998
2000,indian,37,0.03959745937499999
2000,other,37,0.06325631874999998
2000,chinese,38,0.026775856249999994
2000,malay,38,0.04755991249999999
2000,indian,38,0.029771756249999996
2000,other,38,0.04755991249999999
2000,chinese,39,0.020733704062499997
2000,malay,39,0.036827698124999995
2000,indian,39,0.0230535590625
2000,other,39,0.036827698124999995
2000,chinese,40,0.015222394687499996
2000,malay,40,0.027038379374999994
2000,indian,40,0.016925599687499997
2000,other,40,0.027038379374999994
2000,chinese,41,0.009567593749999999
2000,malay,41,0.016994187499999997
2000,indian,41,0.010638093749999999
2000,other,41,0.016994187499999997
2000,chinese,42,0.0053227281250000005
2000,malay,42,0.00945435625
2000,indian,42,0.005918278125000001
2000,other,42,0.00945435625
2000,chinese,43,0.00263924375
2000,malay,43,0.0046878875000000006
2000,indian,43,0.0029345437500000004
2000,other,43,0.0046878875000000006
2000,chinese,44,0.0012105396874999997
2000,malay,44,0.002150189374999999
2000,indian,44,0.0013459846874999998
2000,other,44,0.002150189374999999
2000,chinese,45,0.0005742790624999997
2000,malay,45,0.0010200481249999995
2000,indian,45,0.0006385340624999997
2000,other,45,0.0010200481249999995
2000,chinese,46,0.00032309062499999945
2000,malay,46,0.000573881249999999
2000,indian,46,0.00035924062499999944
2000,other,46,0.000573881249999999
2000,chinese,47,0.00017785624999999987
2000,malay,47,0.0003159124999999998
2000,indian,47,0.0001977562499999999
2000,other,47,0.0003159124999999998
2000,chinese,48,6.032812500000146e-06
2000,malay,48,1.071562500000026e-05
2000,indian,48,6.707812500000163e-06
2000,other,48,1.071562500000026e-05
2000,chinese,49,0.0
2000,malay,49,0.0
2000,indian,49,0.0
2000,other,49,0.0
2001,chinese,15,0.0
2001,malay,15,0.0
2001,indian,15,0.0
2001,other,15,0.0
2001,chinese,16,0.0037016989361702136
2001,malay,16,0.007495175531914896
2001,indian,16,0.004619475531914895
2001,other,16,0.007495175531914896
2001,chinese,17,0.007872895035460997
2001,malay,17,0.015940985815602847
2001,indian,17,0.00982485248226951
2001,other,17,0.015940985815602847
2001,chinese,18,0.01123901205673759
2001,malay,18,0.022756677304964543
2001,indian,18,0.014025543971631207
2001,other,18,0.022756677304964543
2001,chinese,19,0.013804426595744684
2001,malay,19,0.02795111170212767
2001,indian,19,0.017227011702127665
2001,other,19,0.02795111170212767
2001,chinese,20,0.01632388687943263
2001,malay,20,0.03305249822695037
2001,indian,20,0.020371131560283695
2001,other,20,0.03305249822695037
2001,chinese,21,0.02020871631205674
2001,malay,21,0.04091847517730497
2001,indian,21,0.025219141843971633
2001,other,21,0.04091847517730497
2001,chinese,22,0.02715162765957447
2001,malay,22,0.05497643617021277
2001,indian,22,0.03388343617021277
2001,other,22,0.05497643617021277
2001,chinese,23,0.03804806382978724
2001,malay,23,0.07703946808510641
2001,indian,23,0.04748146808510639
2001,other,23,0.07703946808510641
2001,chinese,24,0.05144855638297873
2001,malay,24,0.10417269680851067
2001,indian,24,0.06420439680851066
2001,other,24,0.10417269680851067
2001,chinese,25,0.0655926840425532
2001,malay,25,0.13281163297872342
2001,indian,25,0.08185533297872341
2001,other,25,0.13281163297872342
2001,chinese,26,0.07791799290780144
2001,malay,26,0.15776783687943266
2001,indian,26,0.09723650354609932
2001,other,26,0.15776783687943266
2001,chinese,27,0.08687928723404256
2001,malay,27,0.17591260638297876
2001,indian,27,0.10841960638297875
2001,other,27,0.17591260638297876
2001,chinese,28,0.09107524113475178
2001,malay,28,0.1844085460992908
2001,indian,28,0.11365587943262413
2001,other,28,0.1844085460992908
2001,chinese,29,0.09130784432624113
2001,malay,29,0.1848795195035461
2001,indian,29,0.11394615283687944
2001,other,29,0.1848795195035461
2001,chinese,30,0.09058973936170214
2001,malay,30,0.18342550531914897
2001,indian,30,0.11305000531914895
2001,other,30,0.18342550531914897
2001,chinese,31,0.08927654609929078
2001,malay,31,0.18076656028368795
2001,indian,31,0.11141122695035462
2001,other,31,0.18076656028368795
2001,chinese,32,0.08477852127659576
2001,malay,32,0.17165898936170215
2001,indian,32,0.10579798936170214
2001,other,32,0.17165898936170215
2001,chinese,33,0.07664448936170214
2001,malay,33,0.15518925531914896
2001,indian,33,0.09564725531914894
2001,other,33,0.15518925531914896
2001,chinese,34,0.06590573936170213
2001,malay,34,0.13344550531914895
2001,indian,34,0.08224600531914894
2001,other,34,0.13344550531914895
2001,chinese,35,0.05369199078014185
2001,malay,35,0.10871518794326243
2001,indian,35,0.06700405460992909
2001,other,35,0.10871518794326243
2001,chinese,36,0.04181451063829787
2001,malay,36,0.08466574468085107
2001,indian,36,0.052181744680851065
2001,other,36,0.08466574468085107
2001,chinese,37,0.03154324113475177
2001,malay,37,0.06386854609929078
2001,indian,37,0.039363879432624115
2001,other,37,0.06386854609929078
2001,chinese,38,0.023940836879432627
2001,malay,38,0.04847524822695037
2001,indian,38,0.029876581560283694
2001,other,38,0.04847524822695037
2001,chinese,39,0.018495236170212762
2001,malay,39,0.03744903191489361
2001,indian,39,0.023080831914893615
2001,other,39,0.03744903191489361
2001,chinese,40,0.013418942907801415
2001,malay,40,0.02717058687943262
2001,indian,40,0.016745953546099288
2001,other,40,0.02717058687943262
2001,chinese,41,0.008282063829787233
2001,malay,41,0.016769468085106383
2001,indian,41,0.010335468085106382
2001,other,41,0.016769468085106383
2001,chinese,42,0.0044439609929078
2001,malay,42,0.00899810283687943
2001,indian,42,0.005545769503546097
2001,other,42,0.00899810283687943
2001,chinese,43,0.0020964751773049632
2001,malay,43,0.0042449290780141825
2001,indian,43,0.0026162624113475162
2001,other,43,0.0042449290780141825
2001,chinese,44,0.0009358620567375876
2001,malay,44,0.001894927304964537
2001,indian,44,0.0011678939716312045
2001,other,44,0.001894927304964537
2001,chinese,45,0.0004898783687943259
2001,malay,45,0.000991902482269503
2001,indian,45,0.0006113358156028365
2001,other,45,0.000991902482269503
2001,chinese,46,0.00034575106382978704
2001,malay,46,0.000700074468085106
2001,indian,46,0.00043147446808510615
2001,other,46,0.000700074468085106
2001,chinese,47,0.0002294709219858156
2001,malay,47,0.0004646312056737589
2001,indian,47,0.0002863645390070922
2001,other,47,0.0004646312056737589
2001,chinese,48,2.5615957446808717e-05
2001,malay,48,5.1867021276596163e-05
2001,indian,48,3.1967021276596005e-05
2001,other,48,5.1867021276596163e-05
2001,chinese,49,0.0
2001,malay,49,0.0
2001,indian,49,0.0
2001,other,49,0.0
2002,chinese,15,0.0
2002,malay,15,0.0
2002,indian,15,0.0
2002,other,15,0.0
2002,chinese,16,0.0034962547445255483
2002,malay,16,0.006757467153284672
2002,indian,16,0.004436424087591241
2002,other,16,0.006757467153284672
2002,chinese,17,0.007453048175182482
2002,malay,17,0.014405051094890509
2002,indian,17,0.00945722919708029
2002,other,17,0.014405051094890509
2002,chinese,18,0.010782442335766421
2002,malay,18,0.020840014598540138
2002,indian,18,0.013681922627737222
2002,other,18,0.020840014598540138
2002,chinese,19,0.013484263503649634
2002,malay,19,0.026062021897810216
2002,indian,19,0.01711028394160584
2002,other,19,0.026062021897810216
2002,chinese,20,0.01621570437956204
2002,malay,20,0.03134127737226276
2002,indian,20,0.020576229927007295
2002,other,20,0.03134127737226276
2002,chinese,21,0.02020915328467153
2002,malay,21,0.039059708029197074
2002,indian,21,0.02564354744525547
2002,other,21,0.039059708029197074
2002,chinese,22,0.026943510948905104
2002,malay,22,0.05207569343065692
2002,indian,22,0.03418882481751824
2002,other,22,0.05207569343065692
2002,chinese,23,0.037199226277372266
2002,malay,23,0.07189766423357663
2002,indian,23,0.047202379562043796
2002,other,23,0.07189766423357663
2002,chinese,24,0.04970247810218977
2002,malay,24,0.09606361313868611
2002,indian,24,0.06306785036496348
2002,other,24,0.09606361313868611
2002,chinese,25,0.06271604014598539
2002,malay,25,0.12121587591240872
2002,indian,25,0.07958085766423356
2002,other,25,0.12121587591240872
2002,chinese,26,0.07413960583941603
2002,malay,26,0.1432950364963503
2002,indian,26,0.09407630656934304
2002,other,26,0.1432950364963503
2002,chinese,27,0.08296210948905108
2002,malay,27,0.16034693430656932
2002,indian,27,0.10527124817518246
2002,other,27,0.16034693430656932
2002,chinese,28,0.0880721605839416
2002,malay,28,0.170223503649635
2002,indian,28,0.11175543065693429
2002,other,28,0.170223503649635
2002,chinese,29,0.08993490145985401
2002,malay,29,0.17382375912408757
2002,indian,29,0.11411907664233575
2002,other,29,0.17382375912408757
2002,chinese,30,0.09117832116788321
2002,malay,30,0.17622700729927004
2002,indian,30,0.11569686131386861
2002,other,30,0.17622700729927004
2002,chinese,31,0.09149623357664233
2002,malay,31,0.17684145985401456
2002,indian,31,0.11610026277372261
2002,other,31,0.17684145985401456
2002,chinese,32,0.0878723795620438
2002,malay,32,0.16983737226277373
2002,indian,32,0.11150192700729927
2002,other,32,0.16983737226277373
2002,chinese,33,0.07950937226277373
2002,malay,33,0.15367357664233575
2002,indian,33,0.10089004379562043
2002,other,33,0.15367357664233575
2002,chinese,34,0.06774661313868613
2002,malay,34,0.1309388321167883
2002,indian,34,0.0859641897810219
2002,other,34,0.1309388321167883
2002,chinese,35,0.05427086204379563
2002,malay,35,0.10489326277372264
2002,indian,35,0.06886470729927009
2002,other,35,0.10489326277372264
2002,chinese,36,0.04138594160583942
2002,malay,36,0.07998963503649635
2002,indian,36,0.052514934306569346
2002,other,36,0.07998963503649635
2002,chinese,37,0.030402328467153288
2002,malay,37,0.058760802919708026
2002,indian,37,0.03857774452554744
2002,other,37,0.058760802919708026
2002,chinese,38,0.02257525547445256
2002,malay,38,0.04363284671532847
2002,indian,38,0.028645912408759126
2002,other,38,0.04363284671532847
2002,chinese,39,0.01727072189781022
2002,malay,39,0.03338038686131387
2002,indian,39,0.0219149496350365
2002,other,39,0.03338038686131387
2002,chinese,40,0.012380603649635039
2002,malay,40,0.02392889781021898
2002,indian,40,0.01570984160583942
2002,other,40,0.02392889781021898
2002,chinese,41,0.007325883211678831
2002,malay,41,0.014159270072992697
2002,indian,41,0.009295868613138684
2002,other,41,0.014159270072992697
2002,chinese,42,0.003616036496350363
2002,malay,42,0.006988978102189777
2002,indian,42,0.004588416058394158
2002,other,42,0.006988978102189777
2002,chinese,43,0.0014262627737226259
2002,malay,43,0.0027566423357664196
2002,indian,43,0.001809795620437954
2002,other,43,0.0027566423357664196
2002,chinese,44,0.0004409948905109476
2002,malay,44,0.000852343065693428
2002,indian,44,0.0005595817518248158
2002,other,44,0.000852343065693428
2002,chinese,45,0.00017780510948905076
2002,malay,45,0.00034365693430656865
2002,indian,45,0.00022561824817518206
2002,other,45,0.00034365693430656865
2002,chinese,46,0.00021315766423357673
2002,malay,46,0.00041198540145985415
2002,indian,46,0.0002704773722627738
2002,other,46,0.00041198540145985415
2002,chinese,47,0.00026093138686131425
2002,malay,47,0.0005043211678832124
2002,indian,47,0.0003310978102189786
2002,other,47,0.0005043211678832124
2002,chinese,48,0.00019205036496350403
2002,malay,48,0.00037118978102189854
2002,indian,48,0.0002436941605839421
2002,other,48,0.00037118978102189854
2002,chinese,49,2.4668613138685716e-05
2002,malay,49,4.7678832116787516e-05
2002,indian,49,3.130218978102137e-05
2002,other,49,4.7678832116787516e-05
2003,chinese,15,0.0
2003,malay,15,0.0
2003,indian,15,0.0
2003,other,15,0.0
2003,chinese,16,0.0024213448818897654
2003,malay,16,0.004664976377952759
2003,indian,16,0.003087770078740159
2003,other,16,0.004664976377952759
2003,chinese,17,0.005953631496062993
2003,malay,17,0.011470299212598426
2003,indian,17,0.007592245669291339
2003,other,17,0.011470299212598426
2003,chinese,18,0.009191017322834645
2003,malay,18,0.01770746456692913
2003,indian,18,0.011720655118110233
2003,other,18,0.01770746456692913
2003,chinese,19,0.012107411023622047
2003,malay,19,0.023326204724409445
2003,indian,19,0.015439725984251966
2003,other,19,0.023326204724409445
2003,chinese,20,0.015165590551181102
2003,malay,20,0.02921811023622047
2003,indian,20,0.019339606299212594
2003,other,20,0.02921811023622047
2003,chinese,21,0.019256094488188973
2003,malay,21,0.037098897637795274
2003,indian,21,0.02455593700787401
2003,other,21,0.037098897637795274
2003,chinese,22,0.025452787401574795
2003,malay,22,0.04903748031496061
2003,indian,22,0.032458141732283445
2003,other,22,0.04903748031496061
2003,chinese,23,0.03431011023622047
2003,malay,23,0.06610204724409448
2003,indian,23,0.043753259842519675
2003,other,23,0.06610204724409448
2003,chinese,24,0.0448547874015748
2003,malay,24,0.08641748031496062
2003,indian,24,0.05720014173228345
2003,other,24,0.08641748031496062
2003,chinese,25,0.055675740944881896
2003,malay,25,0.10726518897637796
2003,indian,25,0.07099933937007874
2003,other,25,0.10726518897637796
2003,chinese,26,0.06525752755905513
2003,malay,26,0.12572551181102365
2003,indian,26,0.08321831496062992
2003,other,26,0.12572551181102365
2003,chinese,27,0.07299137795275591
2003,malay,27,0.14062559055118112
2003,indian,27,0.09308074803149606
2003,other,27,0.14062559055118112
2003,chinese,28,0.07808348031496065
2003,malay,28,0.150436062992126
2003,indian,28,0.09957434645669291
2003,other,28,0.150436062992126
2003,chinese,29,0.08073990472440945
2003,malay,29,0.15555394488188976
2003,indian,29,0.10296189685039368
2003,other,29,0.15555394488188976
2003,chinese,30,0.08301744685039371
2003,malay,30,0.15994187007874014
2003,indian,30,0.10586628543307085
2003,other,30,0.15994187007874014
2003,chinese,31,0.08426043307086613
2003,malay,31,0.1623366141732283
2003,indian,31,0.10745137795275587
2003,other,31,0.1623366141732283
2003,chinese,32,0.08159765748031496
2003,malay,32,0.1572064960629921
2003,indian,32,0.10405572834645667
2003,other,32,0.1572064960629921
2003,chinese,33,0.07413287401574803
2003,malay,33,0.14282480314960627
2003,indian,33,0.09453641732283462
2003,other,33,0.14282480314960627
2003,chinese,34,0.06321206102362203
2003,malay,34,0.12178470472440943
2003,indian,34,0.08060987598425194
2003,other,34,0.12178470472440943
2003,chinese,35,0.05064062755905512
2003,malay,35,0.09756451181102362
2003,indian,35,0.06457841496062991
2003,other,35,0.09756451181102362
2003,chinese,36,0.03870272440944882
2003,malay,36,0.07456488188976378
2003,indian,36,0.04935485039370078
2003,other,36,0.07456488188976378
2003,chinese,37,0.02854169291338583
2003,malay,37,0.05498858267716535
2003,indian,37,0.036397204724409445
2003,other,37,0.05498858267716535
2003,chinese,38,0.021355417322834646
2003,malay,38,0.04114346456692913
2003,indian,38,0.027233055118110232
2003,other,38,0.04114346456692913
2003,chinese,39,0.016535128346456693
2003,malay,39,0.03185666929133858
2003,indian,39,0.0210860811023622
2003,other,39,0.03185666929133858
2003,chinese,40,0.012091018110236221
2003,malay,40,0.023294622047244095
2003,indian,40,0.015418821259842517
2003,other,40,0.023294622047244095
2003,chinese,41,0.007444614173228346
2003,malay,41,0.01434283464566929
2003,indian,41,0.0094935905511811
2003,other,41,0.01434283464566929
2003,chinese,42,0.003984937007874016
2003,malay,42,0.007677401574803149
2003,indian,42,0.005081708661417322
2003,other,42,0.007677401574803149
2003,chinese,43,0.001859007874015748
2003,malay,43,0.003581574803149606
2003,indian,43,0.0023706614173228343
2003,other,43,0.003581574803149606
2003,chinese,44,0.0007975881889763777
2003,malay,44,0.00153663779527559
2003,indian,44,0.0010171078740157475
2003,other,44,0.00153663779527559
2003,chinese,45,0.0003899110236220473
2003,malay,45,0.0007512047244094489
2003,indian,45,0.0004972259842519685
2003,other,45,0.0007512047244094489
2003,chinese,46,0.00027516062992125973
2003,malay,46,0.0005301259842519683
2003,indian,46,0.0003508929133858266
2003,other,46,0.0005301259842519683
2003,chinese,47,0.0002090740157480317
2003,malay,47,0.00040280314960629954
2003,indian,47,0.00026661732283464587
2003,other,47,0.00040280314960629954
2003,chinese,48,8.059133858267716e-05
2003,malay,48,0.00015526771653543304
2003,indian,48,0.00010277244094488186
2003,other,48,0.00015526771653543304
2003,chinese,49,0.0
2003,malay,49,0.0
2003,indian,49,0.0
2003,other,49,0.0
2004,chinese,15,0.0
2004,malay,15,0.0
2004,indian,15,0.0
2004,other,15,0.0
2004,chinese,16,0.0023572980158730163
2004,malay,16,0.004476703571428571
2004,indian,16,0.002897962698412699
2004,other,16,0.004476703571428571
2004,chinese,17,0.005847763492063492
2004,malay,17,0.011105385714285713
2004,indian,17,0.00718899365079365
2004,other,17,0.011105385714285713
2004,chinese,18,0.009114735714285713
2004,malay,18,0.01730963571428571
2004,indian,18,0.011205271428571428
2004,other,18,0.01730963571428571
2004,chinese,19,0.012127677380952382
2004,malay,19,0.023031460714285714
2004,indian,19,0.014909254761904763
2004,other,19,0.023031460714285714
2004,chinese,20,0.015310736904761908
2004,malay,20,0.029076353571428577
2004,indian,20,0.018822373809523812
2004,other,20,0.029076353571428577
2004,chinese,21,0.019485912698412704
2004,malay,21,0.037005357142857145
2004,indian,21,0.023955158730158733
2004,other,21,0.037005357142857145
2004,chinese,22,0.02564571031746032
2004,malay,22,0.04870332142857143
2004,indian,22,0.03152775396825397
2004,other,22,0.04870332142857143
2004,chinese,23,0.03429953174603175
2004,malay,23,0.06513764285714287
2004,indian,23,0.04216639682539683
2004,other,23,0.06513764285714287
2004,chinese,24,0.04453588611111111
2004,malay,24,0.084577325
2004,indian,24,0.05475053888888889
2004,other,24,0.084577325
2004,chinese,25,0.05497068968253968
2004,malay,25,0.10439387857142855
2004,indian,25,0.06757864603174603
2004,other,25,0.10439387857142855
2004,chinese,26,0.06423906349206349
2004,malay,26,0.1219952857142857
2004,indian,26,0.07897279365079364
2004,other,26,0.1219952857142857
2004,chinese,27,0.07188723015873015
2004,malay,27,0.1365197857142857
2004,indian,27,0.08837512698412697
2004,other,27,0.1365197857142857
2004,chinese,28,0.07721179365079366
2004,malay,28,0.14663157142857142
2004,indian,28,0.09492092063492064
2004,other,28,0.14663157142857142
2004,chinese,29,0.08031820714285715
2004,malay,29,0.15253090714285714
2004,indian,29,0.09873981428571428
2004,other,29,0.15253090714285714
2004,chinese,30,0.08315043373015873
2004,malay,30,0.1579095392857143
2004,indian,30,0.10222163412698414
2004,other,30,0.1579095392857143
2004,chinese,31,0.08485130952380952
2004,malay,31,0.16113964285714283
2004,indian,31,0.10431261904761904
2004,other,31,0.16113964285714283
2004,chinese,32,0.08241740873015872
2004,malay,32,0.15651746428571428
2004,indian,32,0.10132048412698412
2004,other,32,0.15651746428571428
2004,chinese,33,0.07484753174603176
2004,malay,33,0.14214164285714287
2004,indian,33,0.09201439682539685
2004,other,33,0.14214164285714287
2004,chinese,34,0.06358649087301588
2004,malay,34,0.12075599642857143
2004,indian,34,0.07817054841269841
2004,other,34,0.12075599642857143
2004,chinese,35,0.050588803174603174
2004,malay,35,0.09607231428571428
2004,indian,35,0.06219173968253968
2004,other,35,0.09607231428571428
2004,chinese,36,0.038316095238095246
2004,malay,36,0.07276542857142858
2004,indian,36,0.04710419047619048
2004,other,36,0.07276542857142858
2004,chinese,37,0.027976666666666664
2004,malay,37,0.05312999999999999
2004,indian,37,0.034393333333333324
2004,other,37,0.05312999999999999
2004,chinese,38,0.020848412698412703
2004,malay,38,0.039592857142857145
2004,indian,38,0.025630158730158732
2004,other,38,0.039592857142857145
2004,chinese,39,0.016254149206349208
2004,malay,39,0.030867971428571426
2004,indian,39,0.019982165079365077
2004,other,39,0.030867971428571426
2004,chinese,40,0.012084423412698412
2004,malay,40,0.022949317857142857
2004,indian,40,0.014856080158730158
2004,other,40,0.022949317857142857
2004,chinese,41,0.007646436507936508
2004,malay,41,0.014521214285714285
2004,indian,41,0.009400206349206349
2004,other,41,0.014521214285714285
2004,chinese,42,0.004311988095238094
2004,malay,42,0.008188821428571427
2004,indian,42,0.00530097619047619
2004,other,42,0.008188821428571427
2004,chinese,43,0.0021825952380952387
2004,malay,43,0.004144928571428572
2004,indian,43,0.0026831904761904766
2004,other,43,0.004144928571428572
2004,chinese,44,0.0010245567460317462
2004,malay,44,0.0019457178571428576
2004,indian,44,0.0012595468253968256
2004,other,44,0.0019457178571428576
2004,chinese,45,0.0004901972222222221
2004,malay,45,0.0009309249999999997
2004,indian,45,0.0006026277777777776
2004,other,45,0.0009309249999999997
2004,chinese,46,0.00027206746031746033
2004,malay,46,0.0005166785714285714
2004,indian,46,0.00033446825396825396
2004,other,46,0.0005166785714285714
2004,chinese,47,0.00015657936507936507
2004,malay,47,0.00029735714285714283
2004,indian,47,0.00019249206349206347
2004,other,47,0.00029735714285714283
2004,chinese,48,3.741468253968256e-05
2004,malay,48,7.105357142857147e-05
2004,indian,48,4.5996031746031766e-05
2004,other,48,7.105357142857147e-05
2004,chinese,49,0.0
2004,malay,49,0.0
2004,indian,49,0.0
2004,other,49,0.0
2005,chinese,15,0.0
2005,malay,15,0.0
2005,indian,15,0.0
2005,other,15,0.0
2005,chinese,16,0.0029175317460317465
2005,malay,16,0.005384172222222222
2005,indian,16,0.0034214690476190475
2005,other,16,0.005384172222222222
2005,chinese,17,0.006477428571428572
2005,malay,17,0.011953799999999999
2005,indian,17,0.007596257142857142
2005,other,17,0.011953799999999999
2005,chinese,18,0.009757349206349207
2005,malay,18,0.01800674444444444
2005,indian,18,0.011442709523809522
2005,other,18,0.01800674444444444
2005,chinese,19,0.012731976190476193
2005,malay,19,0.023496283333333333
2005,indian,19,0.014931135714285714
2005,other,19,0.023496283333333333
2005,chinese,20,0.01584672222222222
2005,malay,20,0.029244405555555547
2005,indian,20,0.01858388333333333
2005,other,20,0.029244405555555547
2005,chinese,21,0.019958888888888894
2005,malay,21,0.036833222222222226
2005,indian,21,0.023406333333333335
2005,other,21,0.036833222222222226
2005,chinese,22,0.02610230158730159
2005,malay,22,0.0481706111111111
2005,indian,22,0.03061088095238095
2005,other,22,0.0481706111111111
2005,chinese,23,0.034810634920634936
2005,malay,23,0.06424144444444446
2005,indian,23,0.040823380952380965
2005,other,23,0.06424144444444446
2005,chinese,24,0.045146531746031754
2005,malay,24,0.08331587222222223
2005,indian,24,0.052944569047619044
2005,other,24,0.08331587222222223
2005,chinese,25,0.05571910317460318
2005,malay,25,0.1028270722222222
2005,indian,25,0.06534331190476189
2005,other,25,0.1028270722222222
2005,chinese,26,0.06509380952380953
2005,malay,26,0.12012766666666663
2005,indian,26,0.07633728571428569
2005,other,26,0.12012766666666663
2005,chinese,27,0.0727423015873016
2005,malay,27,0.1342426111111111
2005,indian,27,0.08530688095238095
2005,other,27,0.1342426111111111
2005,chinese,28,0.07792015873015876
2005,malay,28,0.14379811111111113
2005,indian,28,0.09137909523809525
2005,other,28,0.14379811111111113
2005,chinese,29,0.08078653174603176
2005,malay,29,0.14908787222222222
2005,indian,29,0.09474056904761904
2005,other,29,0.14908787222222222
2005,chinese,30,0.08330339285714287
2005,malay,30,0.153732625
2005,indian,30,0.09769216071428571
2005,other,30,0.153732625
2005,chinese,31,0.08474976190476191
2005,malay,31,0.15640183333333332
2005,indian,31,0.09938835714285713
2005,other,31,0.15640183333333332
2005,chinese,32,0.08226734126984128
2005,malay,32,0.15182063888888886
2005,indian,32,0.09647715476190476
2005,other,32,0.15182063888888886
2005,chinese,33,0.0749370634920635
2005,malay,33,0.13829294444444443
2005,indian,33,0.08788073809523808
2005,other,33,0.13829294444444443
2005,chinese,34,0.06410751984126985
2005,malay,34,0.11830751388888888
2005,indian,34,0.0751806369047619
2005,other,34,0.11830751388888888
2005,chinese,35,0.0516369246031746
2005,malay,35,0.09529359722222219
2005,indian,35,0.06055602976190475
2005,other,35,0.09529359722222219
2005,chinese,36,0.03978769841269842
2005,malay,36,0.07342638888888889
2005,indian,36,0.04666011904761905
2005,other,36,0.07342638888888889
2005,chinese,37,0.029621865079365078
2005,malay,37,0.054665805555555544
2005,indian,37,0.03473836904761904
2005,other,37,0.054665805555555544
2005,chinese,38,0.02230992063492064
2005,malay,38,0.04117194444444444
2005,indian,38,0.02616345238095238
2005,other,38,0.04117194444444444
2005,chinese,39,0.017278511904761908
2005,malay,39,0.03188670833333333
2005,indian,39,0.02026298214285714
2005,other,39,0.03188670833333333
2005,chinese,40,0.012583650793650794
2005,malay,40,0.02322255555555555
2005,indian,40,0.014757190476190472
2005,other,40,0.02322255555555555
2005,chinese,41,0.007710476190476191
2005,malay,41,0.014229333333333332
2005,indian,41,0.009042285714285713
2005,other,41,0.014229333333333332
2005,chinese,42,0.004082222222222222
2005,malay,42,0.007533555555555554
2005,indian,42,0.004787333333333333
2005,other,42,0.007533555555555554
2005,chinese,43,0.001878730158730158
2005,malay,43,0.003467111111111109
2005,indian,43,0.002203238095238094
2005,other,43,0.003467111111111109
2005,chinese,44,0.0008084126984126979
2005,malay,44,0.0014918888888888877
2005,indian,44,0.0009480476190476182
2005,other,44,0.0014918888888888877
2005,chinese,45,0.0004193968253968257
2005,malay,45,0.0007739777777777782
2005,indian,45,0.0004918380952380955
2005,other,45,0.0007739777777777782
2005,chinese,46,0.00031638095238095226
2005,malay,46,0.0005838666666666663
2005,indian,46,0.0003710285714285712
2005,other,46,0.0005838666666666663
2005,chinese,47,0.00023606349206349196
2005,malay,47,0.00043564444444444414
2005,indian,47,0.0002768380952380951
2005,other,47,0.00043564444444444414
2005,chinese,48,6.600000000000003e-05
2005,malay,48,0.00012180000000000002
2005,indian,48,7.740000000000001e-05
2005,other,48,0.00012180000000000002
2005,chinese,49,0.0
2005,malay,49,0.0
2005,indian,49,0.0
2005,other,49,0.0
2006,chinese,15,0.0
2006,malay,15,0.0
2006,indian,15,0.0
2006,other,15,0.0
2006,chinese,16,0.0026478269531249993
2006,malay,16,0.004818567968749998
2006,indian,16,0.003029495703124999
2006,other,16,0.004818567968749998
2006,chinese,17,0.005946651562500002
2006,malay,17,0.010821834375000002
2006,indian,17,0.006803826562500001
2006,other,17,0.010821834375000002
2006,chinese,18,0.00893367890625
2006,malay,18,0.0162576859375
2006,indian,18,0.01022141640625
2006,other,18,0.0162576859375
2006,chinese,19,0.011602578515625005
2006,malay,19,0.021114602343750007
2006,indian,19,0.013275022265625004
2006,other,19,0.021114602343750007
2006,chinese,20,0.014419463671875007
2006,malay,20,0.02624082578125001
2006,indian,20,0.016497944921875007
2006,other,20,0.02624082578125001
2006,chinese,21,0.018263835937500004
2006,malay,21,0.03323689062500001
2006,indian,21,0.020896460937500003
2006,other,21,0.03323689062500001
2006,chinese,22,0.024192363281250004
2006,malay,22,0.0440257421875
2006,indian,22,0.027679550781250003
2006,other,22,0.0440257421875
2006,chinese,23,0.0327597421875
2006,malay,23,0.059616828125
2006,indian,23,0.0374818671875
2006,other,23,0.059616828125
2006,chinese,24,0.04304428242187501
2006,malay,24,0.07833283828125001
2006,indian,24,0.049248863671875004
2006,other,24,0.07833283828125001
2006,chinese,25,0.053508373828125004
2006,malay,25,0.09737559921875
2006,indian,25,0.061221292578124996
2006,other,25,0.09737559921875
2006,chinese,26,0.0628563515625
2006,malay,26,0.114387234375
2006,indian,26,0.07191672656249999
2006,other,26,0.114387234375
2006,chinese,27,0.07086873046875
2006,malay,27,0.1289683203125
2006,indian,27,0.08108404296874999
2006,other,27,0.1289683203125
2006,chinese,28,0.07691866406250002
2006,malay,28,0.139978109375
2006,indian,28,0.0880060390625
2006,other,28,0.139978109375
2006,chinese,29,0.08098850507812501
2006,malay,29,0.14738448671874999
2006,indian,29,0.092662523828125
2006,other,29,0.14738448671874999
2006,chinese,30,0.084883434375
2006,malay,30,0.15447255624999998
2006,indian,30,0.09711888437499999
2006,other,30,0.15447255624999998
2006,chinese,31,0.08752003125
2006,malay,31,0.15927068749999998
2006,indian,31,0.10013553124999999
2006,other,31,0.15927068749999998
2006,chinese,32,0.08574403124999998
2006,malay,32,0.15603868749999994
2006,indian,32,0.09810353124999996
2006,other,32,0.15603868749999994
2006,chinese,33,0.0784284375
2006,malay,33,0.142725625
2006,indian,33,0.0897334375
2006,other,33,0.142725625
2006,chinese,34,0.067099846875
2006,malay,34,0.12210963124999998
2006,indian,34,0.07677189687499998
2006,other,34,0.12210963124999998
2006,chinese,35,0.053976351562500004
2006,malay,35,0.098227234375
2006,indian,35,0.0617567265625
2006,other,35,0.098227234375
2006,chinese,36,0.04157990625000001
2006,malay,36,0.0756679375
2006,indian,36,0.047573406250000005
2006,other,36,0.0756679375
2006,chinese,37,0.030929109375000007
2006,malay,37,0.05628540625
2006,indian,37,0.035387359375
2006,other,37,0.05628540625
2006,chinese,38,0.023282250000000015
2006,malay,38,0.042369500000000025
2006,indian,38,0.026638250000000013
2006,other,38,0.042369500000000025
2006,chinese,39,0.018033164062500006
2006,malay,39,0.03281710937500001
2006,indian,39,0.020632539062500004
2006,other,39,0.03281710937500001
2006,chinese,40,0.013100298046875005
2006,malay,40,0.023840182031250007
2006,indian,40,0.014988629296875004
2006,other,40,0.023840182031250007
2006,chinese,41,0.007947773437500001
2006,malay,41,0.014463515625000003
2006,indian,41,0.0090933984375
2006,other,41,0.014463515625000003
2006,chinese,42,0.00412217578125
2006,malay,42,0.0075016171874999985
2006,indian,42,0.004716363281249999
2006,other,42,0.0075016171874999985
2006,chinese,43,0.001828898437499999
2006,malay,43,0.0033282656249999975
2006,indian,43,0.0020925234374999987
2006,other,43,0.0033282656249999975
2006,chinese,44,0.0007508542968749994
2006,malay,44,0.0013664195312499986
2006,indian,44,0.0008590855468749992
2006,other,44,0.0013664195312499986
2006,chinese,45,0.0003933128906249998
2006,malay,45,0.0007157585937499995
2006,indian,45,0.00045000664062499974
2006,other,45,0.0007157585937499995
2006,chinese,46,0.00032424140625000056
2006,malay,46,0.0005900609375000009
2006,indian,46,0.00037097890625000055
2006,other,46,0.0005900609375000009
2006,chinese,47,0.00025790156250000046
2006,malay,47,0.0004693343750000008
2006,indian,47,0.0002950765625000005
2006,other,47,0.0004693343750000008
2006,chinese,48,7.574882812499988e-05
2006,malay,48,0.00013784921874999975
2006,indian,48,8.666757812499985e-05
2006,other,48,0.00013784921874999975
2006,chinese,49,0.0
2006,malay,49,0.0
2006,indian,49,0.0
2006,other,49,0.0
2007,chinese,15,0.0
2007,malay,15,0.0
2007,indian,15,0.0
2007,other,15,0.0
2007,chinese,16,0.002086995348837209
2007,malay,16,0.0035515534883720926
2007,indian,16,0.0022883720930232552
2007,other,16,0.0035515534883720926
2007,chinese,17,0.005431702325581395
2007,malay,17,0.009243423255813954
2007,indian,17,0.005955813953488372
2007,other,17,0.009243423255813954
2007,chinese,18,0.008659051162790699
2007,malay,18,0.014735578294573648
2007,indian,18,0.009494573643410855
2007,other,18,0.014735578294573648
2007,chinese,19,0.011742176744186044
2007,malay,19,0.019982300775193796
2007,indian,19,0.01287519379844961
2007,other,19,0.019982300775193796
2007,chinese,20,0.015061432558139534
2007,malay,20,0.025630858914728685
2007,indian,20,0.01651472868217054
2007,other,20,0.025630858914728685
2007,chinese,21,0.019353488372093025
2007,malay,21,0.032934883720930244
2007,indian,21,0.021220930232558145
2007,other,21,0.032934883720930244
2007,chinese,22,0.025507720930232555
2007,malay,22,0.043407875968992246
2007,indian,22,0.027968992248062013
2007,other,22,0.043407875968992246
2007,chinese,23,0.033980837209302325
2007,malay,23,0.05782703875968993
2007,indian,23,0.037259689922480625
2007,other,23,0.05782703875968993
2007,chinese,24,0.04395698604651162
2007,malay,24,0.07480399379844961
2007,indian,24,0.04819844961240309
2007,other,24,0.07480399379844961
2007,chinese,25,0.054013465116279066
2007,malay,25,0.0919176511627907
2007,indian,25,0.05922529069767442
2007,other,25,0.0919176511627907
2007,chinese,26,0.06307116279069767
2007,malay,26,0.10733162790697674
2007,indian,26,0.06915697674418604
2007,other,26,0.10733162790697674
2007,chinese,27,0.0710573488372093
2007,malay,27,0.12092215503875968
2007,indian,27,0.07791375968992247
2007,other,27,0.12092215503875968
2007,chinese,28,0.07745813953488372
2007,malay,28,0.13181472868217056
2007,indian,28,0.08493217054263566
2007,other,28,0.13181472868217056
2007,chinese,29,0.08214406976744185
2007,malay,29,0.13978903100775192
2007,indian,29,0.09007025193798449
2007,other,29,0.13978903100775192
2007,chinese,30,0.0867015069767442
2007,malay,30,0.14754466976744188
2007,indian,30,0.09506744186046513
2007,other,30,0.14754466976744188
2007,chinese,31,0.08988855813953489
2007,malay,31,0.15296824806201553
2007,indian,31,0.09856201550387597
2007,other,31,0.15296824806201553
2007,chinese,32,0.08857004651162792
2007,malay,32,0.1507244651162791
2007,indian,32,0.09711627906976746
2007,other,32,0.1507244651162791
2007,chinese,33,0.08156037209302328
2007,malay,33,0.1387957209302326
2007,indian,33,0.08943023255813956
2007,other,33,0.1387957209302326
2007,chinese,34,0.07039579534883722
2007,malay,34,0.11979635348837211
2007,indian,34,0.07718837209302327
2007,other,34,0.11979635348837211
2007,chinese,35,0.05745622093023255
2007,malay,35,0.09777637596899225
2007,indian,35,0.06300024224806201
2007,other,35,0.09777637596899225
2007,chinese,36,0.04519437209302325
2007,malay,36,0.07690972093023256
2007,indian,36,0.04955523255813953
2007,other,36,0.07690972093023256
2007,chinese,37,0.034381604651162787
2007,malay,37,0.05850904651162791
2007,indian,37,0.03769912790697674
2007,other,37,0.05850904651162791
2007,chinese,38,0.02619437209302325
2007,malay,38,0.04457638759689922
2007,indian,38,0.028721899224806197
2007,other,38,0.04457638759689922
2007,chinese,39,0.020145523255813952
2007,malay,39,0.03428273255813954
2007,indian,39,0.02208938953488372
2007,other,39,0.03428273255813954
2007,chinese,40,0.014277572093023253
2007,malay,40,0.024296920930232557
2007,indian,40,0.015655232558139533
2007,other,40,0.024296920930232557
2007,chinese,41,0.008285767441860464
2007,malay,41,0.014100341085271318
2007,indian,41,0.009085271317829458
2007,other,41,0.014100341085271318
2007,chinese,42,0.0038830697674418603
2007,malay,42,0.006608031007751938
2007,indian,42,0.004257751937984496
2007,other,42,0.006608031007751938
2007,chinese,43,0.0014033488372093034
2007,malay,43,0.002388155038759692
2007,indian,43,0.0015387596899224818
2007,other,43,0.002388155038759692
2007,chinese,44,0.0004293116279069761
2007,malay,44,0.0007305829457364331
2007,indian,44,0.00047073643410852644
2007,other,44,0.0007305829457364331
2007,chinese,45,0.0002882697674418602
2007,malay,45,0.0004905643410852709
2007,indian,45,0.0003160852713178291
2007,other,45,0.0004905643410852709
2007,chinese,46,0.00039767441860465104
2007,malay,46,0.0006767441860465115
2007,indian,46,0.0004360465116279068
2007,other,46,0.0006767441860465115
2007,chinese,47,0.0003853023255813952
2007,malay,47,0.00065568992248062
2007,indian,47,0.00042248062015503863
2007,other,47,0.00065568992248062
2007,chinese,48,0.00011930232558139538
2007,malay,48,0.00020302325581395358
2007,indian,48,0.00013081395348837213
2007,other,48,0.00020302325581395358
2007,chinese,49,0.0
2007,malay,49,0.0
2007,indian,49,0.0
2007,other,49,0.0
2008,chinese,15,0.0
2008,malay,15,0.0
2008,indian,15,0.0
2008,other,15,0.0
2008,chinese,16,0.0024828843749999992
2008,malay,16,0.004159920312499999
2008,indian,16,0.002591782812499999
2008,other,16,0.004159920312499999
2008,chinese,17,0.0057135375
2008,malay,17,0.009572681250000001
2008,indian,17,0.00596413125
2008,other,17,0.009572681250000001
2008,chinese,18,0.008568881249999999
2008,malay,18,0.014356634375
2008,indian,18,0.008944709374999998
2008,other,18,0.014356634375
2008,chinese,19,0.011056396874999999
2008,malay,19,0.018524314062500002
2008,indian,19,0.011541326562499999
2008,other,19,0.018524314062500002
2008,chinese,20,0.013688015625
2008,malay,20,0.0229334296875
2008,indian,20,0.0142883671875
2008,other,20,0.0229334296875
2008,chinese,21,0.0174170625
2008,malay,21,0.029181218750000005
2008,indian,21,0.018180968750000002
2008,other,21,0.029181218750000005
2008,chinese,22,0.02338603125
2008,malay,22,0.039181859375
2008,indian,22,0.024411734375
2008,other,22,0.039181859375
2008,chinese,23,0.032201437500000006
2008,malay,23,0.05395153125000001
2008,indian,23,0.03361378125
2008,other,23,0.05395153125000001
2008,chinese,24,0.042893390625
2008,malay,24,0.07186524218750001
2008,indian,24,0.044774679687500006
2008,other,24,0.07186524218750001
2008,chinese,25,0.0537981140625
2008,malay,25,0.09013543671875
2008,indian,25,0.05615768046875
2008,other,25,0.09013543671875
2008,chinese,26,0.06357459375000002
2008,malay,26,0.10651532812500004
2008,indian,26,0.06636295312500001
2008,other,26,0.10651532812500004
2008,chinese,27,0.072068484375
2008,malay,27,0.12074632031250003
2008,indian,27,0.07522938281250001
2008,other,27,0.12074632031250003
2008,chinese,28,0.07864753125000001
2008,malay,28,0.13176910937500003
2008,indian,28,0.08209698437500001
2008,other,28,0.13176910937500003
2008,chinese,29,0.0832628390625
2008,malay,29,0.13950177421875
2008,indian,29,0.08691471796875
2008,other,29,0.13950177421875
2008,chinese,30,0.08770211484374998
2008,malay,30,0.14693950820312499
2008,indian,30,0.09154869882812498
2008,other,30,0.14693950820312499
2008,chinese,31,0.090825046875
2008,malay,31,0.1521717890625
2008,indian,31,0.09480860156249998
2008,other,31,0.1521717890625
2008,chinese,32,0.08941385156249998
2008,malay,32,0.14980741796874997
2008,indian,32,0.09333551171874997
2008,other,32,0.14980741796874997
2008,chinese,33,0.082299984375
2008,malay,33,0.13788857031250001
2008,indian,33,0.0859096328125
2008,other,33,0.13788857031250001
2008,chinese,34,0.07102462734375
2008,malay,34,0.118997401953125
2008,indian,34,0.07413974257812499
2008,other,34,0.118997401953125
2008,chinese,35,0.057940989843749985
2008,malay,35,0.09707657070312499
2008,indian,35,0.06048226132812498
2008,other,35,0.09707657070312499
2008,chinese,36,0.045524296874999995
2008,malay,36,0.0762731640625
2008,indian,36,0.0475209765625
2008,other,36,0.0762731640625
2008,chinese,37,0.0346047890625
2008,malay,37,0.05797819921875001
2008,indian,37,0.036122542968750004
2008,other,37,0.05797819921875001
2008,chinese,38,0.026382984375
2008,malay,38,0.04420307031250001
2008,indian,38,0.027540132812500003
2008,other,38,0.04420307031250001
2008,chinese,39,0.02035162734375
2008,malay,39,0.03409790195312501
2008,indian,39,0.021244242578125003
2008,other,39,0.03409790195312501
2008,chinese,40,0.014518523437499998
2008,malay,40,0.02432489453125
2008,indian,40,0.015155300781249999
2008,other,40,0.02432489453125
2008,chinese,41,0.00854465625
2008,malay,41,0.014316046875
2008,indian,41,0.008919421875
2008,other,41,0.014316046875
2008,chinese,42,0.004136953124999999
2008,malay,42,0.006931210937499999
2008,indian,42,0.004318398437499998
2008,other,42,0.006931210937499999
2008,chinese,43,0.0016155937499999998
2008,malay,43,0.002706828125
2008,indian,43,0.0016864531249999998
2008,other,43,0.002706828125
2008,chinese,44,0.000574898437499999
2008,malay,44,0.0009632070312499985
2008,indian,44,0.000600113281249999
2008,other,44,0.0009632070312499985
2008,chinese,45,0.0003623953125
2008,malay,45,0.0006071710937500002
2008,indian,45,0.00037828984375
2008,other,45,0.0006071710937500002
2008,chinese,46,0.000412715625
2008,malay,46,0.0006914796875000001
2008,indian,46,0.0004308171875
2008,other,46,0.0006914796875000001
2008,chinese,47,0.0003637312500000001
2008,malay,47,0.0006094093750000002
2008,indian,47,0.0003796843750000001
2008,other,47,0.0006094093750000002
2008,chinese,48,8.558906249999992e-05
2008,malay,48,0.00014339921874999989
2008,indian,48,8.934296874999992e-05
2008,other,48,0.00014339921874999989
2008,chinese,49,0.0
2008,malay,49,0.0
2008,indian,49,0.0
2008,other,49,0.0
2009,chinese,15,0.0
2009,malay,15,0.0
2009,indian,15,0.0
2009,other,15,0.0
2009,chinese,16,0.0019378475409836068
2009,malay,16,0.0032656319672131153
2009,indian,16,0.002045505737704918
2009,other,16,0.0032656319672131153
2009,chinese,17,0.004801750819672132
2009,malay,17,0.008091839344262296
2009,indian,17,0.005068514754098361
2009,other,17,0.008091839344262296
2009,chinese,18,0.007191472131147542
2009,malay,18,0.012118962295081966
2009,indian,18,0.007590998360655737
2009,other,18,0.012118962295081966
2009,chinese,19,0.009133303278688528
2009,malay,19,0.015391307377049183
2009,indian,19,0.009640709016393443
2009,other,19,0.015391307377049183
2009,chinese,20,0.0111797262295082
2009,malay,20,0.018839909016393448
2009,indian,20,0.011800822131147541
2009,other,20,0.018839909016393448
2009,chinese,21,0.014343639344262296
2009,malay,21,0.024171688524590163
2009,indian,21,0.01514050819672131
2009,other,21,0.024171688524590163
2009,chinese,22,0.01983526229508197
2009,malay,22,0.03342609016393443
2009,indian,22,0.020937221311475407
2009,other,22,0.03342609016393443
2009,chinese,23,0.028305737704918038
2009,malay,23,0.047700409836065584
2009,indian,23,0.029878278688524593
2009,other,23,0.047700409836065584
2009,chinese,24,0.03876186393442623
2009,malay,24,0.06532091885245903
2009,indian,24,0.04091530081967213
2009,other,24,0.06532091885245903
2009,chinese,25,0.04952614426229509
2009,malay,25,0.08346072459016395
2009,indian,25,0.05227759672131147
2009,other,25,0.08346072459016395
2009,chinese,26,0.05918754098360657
2009,malay,26,0.09974196721311476
2009,indian,26,0.06247573770491803
2009,other,26,0.09974196721311476
2009,chinese,27,0.06753186885245901
2009,malay,27,0.11380370491803278
2009,indian,27,0.07128363934426228
2009,other,27,0.11380370491803278
2009,chinese,28,0.07389324590163936
2009,malay,28,0.12452380327868853
2009,indian,28,0.0779984262295082
2009,other,28,0.12452380327868853
2009,chinese,29,0.07828742950819674
2009,malay,29,0.13192881639344264
2009,indian,29,0.08263673114754098
2009,other,29,0.13192881639344264
2009,chinese,30,0.08243082295081967
2009,malay,30,0.13891120163934426
2009,indian,30,0.08701031311475407
2009,other,30,0.13891120163934426
2009,chinese,31,0.08541029508196724
2009,malay,31,0.14393216393442626
2009,indian,31,0.09015531147540984
2009,other,31,0.14393216393442626
2009,chinese,32,0.08434711475409837
2009,malay,32,0.14214050819672133
2009,indian,32,0.08903306557377048
2009,other,32,0.14214050819672133
2009,chinese,33,0.07822918032786885
2009,malay,33,0.13183065573770492
2009,indian,33,0.08257524590163932
2009,other,33,0.13183065573770492
2009,chinese,34,0.06838586557377051
2009,malay,34,0.11524284754098363
2009,indian,34,0.07218508032786886
2009,other,34,0.11524284754098363
2009,chinese,35,0.05694835573770494
2009,malay,35,0.0959685254098361
2009,indian,35,0.06011215327868853
2009,other,35,0.0959685254098361
2009,chinese,36,0.04597524590163935
2009,malay,36,0.07747680327868853
2009,indian,36,0.0485294262295082
2009,other,36,0.07747680327868853
2009,chinese,37,0.0359998524590164
2009,malay,37,0.06066641803278689
2009,indian,37,0.03799984426229508
2009,other,37,0.06066641803278689
2009,chinese,38,0.027994131147540978
2009,malay,38,0.0471752950819672
2009,indian,38,0.029549360655737694
2009,other,38,0.0471752950819672
2009,chinese,39,0.02163979180327869
2009,malay,39,0.036467056557377045
2009,indian,39,0.022842002459016388
2009,other,39,0.036467056557377045
2009,chinese,40,0.015320729508196722
2009,malay,40,0.025818266393442625
2009,indian,40,0.016171881147540982
2009,other,40,0.025818266393442625
2009,chinese,41,0.008982590163934429
2009,malay,41,0.015137327868852463
2009,indian,41,0.009481622950819673
2009,other,41,0.015137327868852463
2009,chinese,42,0.0042991967213114775
2009,malay,42,0.007244942622950823
2009,indian,42,0.004538040983606558
2009,other,42,0.007244942622950823
2009,chinese,43,0.0016881639344262312
2009,malay,43,0.002844868852459019
2009,indian,43,0.0017819508196721327
2009,other,43,0.002844868852459019
2009,chinese,44,0.0006929262295081978
2009,malay,44,0.0011677090163934444
2009,indian,44,0.000731422131147542
2009,other,44,0.0011677090163934444
2009,chinese,45,0.0005596967213114757
2009,malay,45,0.0009431926229508201
2009,indian,45,0.0005907909836065575
2009,other,45,0.0009431926229508201
2009,chinese,46,0.0006395901639344261
2009,malay,46,0.001077827868852459
2009,indian,46,0.0006751229508196719
2009,other,46,0.001077827868852459
2009,chinese,47,0.0005284918032786884
2009,malay,47,0.0008906065573770491
2009,indian,47,0.0005578524590163933
2009,other,47,0.0008906065573770491
2009,chinese,48,0.0001020245901639344
2009,malay,48,0.0001719303278688524
2009,indian,48,0.00010769262295081962
2009,other,48,0.0001719303278688524
2009,chinese,49,0.0
2009,malay,49,0.0
2009,indian,49,0.0
2009,other,49,0.0
2010,chinese,15,0.0
2010,malay,15,0.0
2010,indian,15,0.0
2010,other,15,0.0
2010,chinese,16,0.0020154313043478254
2010,malay,16,0.0032602565217391285
2010,indian,16,0.0022327817391304336
2010,other,16,0.0032602565217391285
2010,chinese,17,0.00458840347826087
2010,malay,17,0.007422417391304346
2010,indian,17,0.005083231304347825
2010,other,17,0.007422417391304346
2010,chinese,18,0.006742820869565217
2010,malay,18,0.010907504347826084
2010,indian,18,0.007469987826086955
2010,other,18,0.010907504347826084
2010,chinese,19,0.00850972695652174
2010,malay,19,0.013765734782608695
2010,indian,19,0.009427442608695652
2010,other,19,0.013765734782608695
2010,chinese,20,0.010387059130434785
2010,malay,20,0.016802595652173916
2010,indian,20,0.011507232173913045
2010,other,20,0.016802595652173916
2010,chinese,21,0.013281286956521742
2010,malay,21,0.021484434782608697
2010,indian,21,0.014713582608695654
2010,other,21,0.021484434782608697
2010,chinese,22,0.01827396521739131
2010,malay,22,0.029560826086956524
2010,indian,22,0.02024468695652174
2010,other,22,0.029560826086956524
2010,chinese,23,0.025950573913043482
2010,malay,23,0.04197886956521739
2010,indian,23,0.028749165217391303
2010,other,23,0.04197886956521739
2010,chinese,24,0.03543754956521739
2010,malay,24,0.05732544782608695
2010,indian,24,0.03925924608695652
2010,other,24,0.05732544782608695
2010,chinese,25,0.045147860869565216
2010,malay,25,0.07303330434782608
2010,indian,25,0.05001674782608695
2010,other,25,0.07303330434782608
2010,chinese,26,0.053919860869565225
2010,malay,26,0.08722330434782608
2010,indian,26,0.059734747826086954
2010,other,26,0.08722330434782608
2010,chinese,27,0.06176410434782609
2010,malay,27,0.09991252173913041
2010,indian,27,0.06842493913043478
2010,other,27,0.09991252173913041
2010,chinese,28,0.06816438260869565
2010,malay,28,0.11026591304347821
2010,indian,28,0.07551544347826085
2010,other,28,0.11026591304347821
2010,chinese,29,0.07301248695652174
2010,malay,29,0.11810843478260867
2010,indian,29,0.08088638260869564
2010,other,29,0.11810843478260867
2010,chinese,30,0.07770901043478261
2010,malay,30,0.12570575217391303
2010,indian,30,0.08608939391304346
2010,other,30,0.12570575217391303
2010,chinese,31,0.0812079652173913
2010,malay,31,0.1313658260869565
2010,indian,31,0.08996568695652173
2010,other,31,0.1313658260869565
2010,chinese,32,0.08077779130434783
2010,malay,32,0.1306699565217391
2010,indian,32,0.08948912173913041
2010,other,32,0.1306699565217391
2010,chinese,33,0.07538598260869565
2010,malay,33,0.12194791304347824
2010,indian,33,0.08351584347826085
2010,other,33,0.12194791304347824
2010,chinese,34,0.06631055478260868
2010,malay,34,0.10726707391304344
2010,indian,34,0.07346169304347824
2010,other,34,0.10726707391304344
2010,chinese,35,0.05574787826086958
2010,malay,35,0.09018039130434784
2010,indian,35,0.06175990434782609
2010,other,35,0.09018039130434784
2010,chinese,36,0.04559666086956522
2010,malay,36,0.07375930434782609
2010,indian,36,0.05051394782608696
2010,other,36,0.07375930434782609
2010,chinese,37,0.03611864347826088
2010,malay,37,0.058427217391304354
2010,indian,37,0.04001379130434783
2010,other,37,0.058427217391304354
2010,chinese,38,0.02815909565217392
2010,malay,38,0.04555147826086957
2010,indian,38,0.03119586086956522
2010,other,38,0.04555147826086957
2010,chinese,39,0.021525547826086962
2010,malay,39,0.034820739130434784
2010,indian,39,0.02384693043478261
2010,other,39,0.034820739130434784
2010,chinese,40,0.01479381391304348
2010,malay,40,0.023931169565217392
2010,indian,40,0.016389225217391307
2010,other,40,0.023931169565217392
2010,chinese,41,0.008129843478260873
2010,malay,41,0.01315121739130435
2010,indian,41,0.009006591304347828
2010,other,41,0.01315121739130435
2010,chinese,42,0.0032843999999999994
2010,malay,42,0.005312999999999998
2010,indian,42,0.0036385999999999988
2010,other,42,0.005312999999999998
2010,chinese,43,0.0007751999999999987
2010,malay,43,0.0012539999999999975
2010,indian,43,0.0008587999999999984
2010,other,43,0.0012539999999999975
2010,chinese,44,6.891652173912945e-05
2010,malay,44,0.00011148260869565058
2010,indian,44,7.634869565217282e-05
2010,other,44,0.00011148260869565058
2010,chinese,45,0.0002748678260869564
2010,malay,45,0.00044463913043478237
2010,indian,45,0.00030451043478260854
2010,other,45,0.00044463913043478237
2010,chinese,46,0.0006284973913043481
2010,malay,46,0.0010166869565217394
2010,indian,46,0.0006962765217391306
2010,other,46,0.0010166869565217394
2010,chinese,47,0.0006595408695652179
2010,malay,47,0.0010669043478260876
2010,indian,47,0.000730667826086957
2010,other,47,0.0010669043478260876
2010,chinese,48,0.00023406782608695646
2010,malay,48,0.00037863913043478245
2010,indian,48,0.0002593104347826086
2010,other,48,0.00037863913043478245
2010,chinese,49,0.0
2010,malay,49,0.0
2010,indian,49,0.0
2010,other,49,0.0
2011,chinese,15,0.0
2011,malay,15,0.0
2011,indian,15,0.0
2011,other,15,0.0
2011,chinese,16,0.002193075
2011,malay,16,0.0033302249999999996
2011,indian,16,0.00221338125
2011,other,16,0.0033302249999999996
2011,chinese,17,0.004877100000000001
2011,malay,17,0.007405966666666668
2011,indian,17,0.0049222583333333346
2011,other,17,0.007405966666666668
2011,chinese,18,0.0067945500000000025
2011,malay,18,0.010317650000000003
2011,indian,18,0.006857462500000002
2011,other,18,0.010317650000000003
2011,chinese,19,0.008011935000000001
2011,malay,19,0.012166271666666666
2011,indian,19,0.008086119583333334
2011,other,19,0.012166271666666666
2011,chinese,20,0.009232964999999997
2011,malay,20,0.01402042833333333
2011,indian,20,0.009318455416666665
2011,other,20,0.01402042833333333
2011,chinese,21,0.011718900000000003
2011,malay,21,0.01779536666666667
2011,indian,21,0.011827408333333336
2011,other,21,0.01779536666666667
2011,chinese,22,0.016969950000000004
2011,malay,22,0.025769183333333334
2011,indian,22,0.01712707916666667
2011,other,22,0.025769183333333334
2011,chinese,23,0.025809300000000004
2011,malay,23,0.0391919
2011,indian,23,0.026048275000000003
2011,other,23,0.0391919
2011,chinese,24,0.03706888500000001
2011,malay,24,0.05628978833333334
2011,indian,24,0.037412115416666676
2011,other,24,0.05628978833333334
2011,chinese,25,0.04879102500000002
2011,malay,25,0.07409007500000002
2011,indian,25,0.04924279375000002
2011,other,25,0.07409007500000002
2011,chinese,26,0.059271300000000006
2011,malay,26,0.09000456666666666
2011,indian,26,0.05982010833333334
2011,other,26,0.09000456666666666
2011,chinese,27,0.06821415000000003
2011,malay,27,0.10358445000000004
2011,indian,27,0.06884576250000003
2011,other,27,0.10358445000000004
2011,chinese,28,0.07482330000000002
2011,malay,28,0.11362056666666669
2011,indian,28,0.07551610833333336
2011,other,28,0.11362056666666669
2011,chinese,29,0.07920022500000003
2011,malay,29,0.12026700833333336
2011,indian,29,0.07993356041666669
2011,other,29,0.12026700833333336
2011,chinese,30,0.08327727000000003
2011,malay,30,0.1264580766666667
2011,indian,30,0.08404835583333337
2011,other,30,0.1264580766666667
2011,chinese,31,0.0862506
2011,malay,31,0.13097313333333332
2011,indian,31,0.08704921666666667
2011,other,31,0.13097313333333332
2011,chinese,32,0.08515170000000001
2011,malay,32,0.12930443333333333
2011,indian,32,0.08594014166666668
2011,other,32,0.12930443333333333
2011,chinese,33,0.07898580000000001
2011,malay,33,0.11994139999999999
2011,indian,33,0.07971715
2011,other,33,0.11994139999999999
2011,chinese,34,0.06908463000000001
2011,malay,34,0.10490629
2011,indian,34,0.06972430250000002
2011,other,34,0.10490629
2011,chinese,35,0.05755567500000001
2011,malay,35,0.08739935833333333
2011,indian,35,0.05808859791666667
2011,other,35,0.08739935833333333
2011,chinese,36,0.04647150000000001
2011,malay,36,0.07056783333333334
2011,indian,36,0.04690179166666668
2011,other,36,0.07056783333333334
2011,chinese,37,0.03641085
2011,malay,37,0.055290549999999994
2011,indian,37,0.036747987499999996
2011,other,37,0.055290549999999994
2011,chinese,38,0.0283635
2011,malay,38,0.04307049999999999
2011,indian,38,0.028626125
2011,other,38,0.04307049999999999
2011,chinese,39,0.021998475
2011,malay,39,0.033405091666666664
2011,indian,39,0.022202164583333333
2011,other,39,0.033405091666666664
2011,chinese,40,0.015676605
2011,malay,40,0.023805214999999998
2011,indian,40,0.01582175875
2011,other,40,0.023805214999999998
2011,chinese,41,0.009321300000000001
2011,malay,41,0.014154566666666667
2011,indian,41,0.009407608333333334
2011,other,41,0.014154566666666667
2011,chinese,42,0.004603949999999999
2011,malay,42,0.006991183333333331
2011,indian,42,0.004646579166666666
2011,other,42,0.006991183333333331
2011,chinese,43,0.0019341000000000007
2011,malay,43,0.0029369666666666672
2011,indian,43,0.001952008333333334
2011,other,43,0.0029369666666666672
2011,chinese,44,0.0008640450000000004
2011,malay,44,0.0013120683333333338
2011,indian,44,0.000872045416666667
2011,other,44,0.0013120683333333338
2011,chinese,45,0.0006546149999999998
2011,malay,45,0.0009940449999999996
2011,indian,45,0.0006606762499999998
2011,other,45,0.0009940449999999996
2011,chinese,46,0.0006695100000000001
2011,malay,46,0.0010166633333333335
2011,indian,46,0.0006757091666666667
2011,other,46,0.0010166633333333335
2011,chinese,47,0.0005124600000000002
2011,malay,47,0.0007781800000000001
2011,indian,47,0.0005172050000000001
2011,other,47,0.0007781800000000001
2011,chinese,48,6.151500000000006e-05
2011,malay,48,9.341166666666675e-05
2011,indian,48,6.20845833333334e-05
2011,other,48,9.341166666666675e-05
2011,chinese,49,0.0
2011,malay,49,0.0
2011,indian,49,0.0
2011,other,49,0.0
2012,chinese,15,0.0
2012,malay,15,0.0
2012,indian,15,0.0
2012,other,15,0.0
2012,chinese,16,0.0019525341085271312
2012,malay,16,0.002796425968992247
2012,indian,16,0.0019028934108527124
2012,other,16,0.002796425968992247
2012,chinese,17,0.004604927131782945
2012,malay,17,0.006595192248062013
2012,indian,17,0.004487852713178293
2012,other,17,0.006595192248062013
2012,chinese,18,0.006460454263565891
2012,malay,18,0.00925268449612403
2012,indian,18,0.006296205426356588
2012,other,18,0.00925268449612403
2012,chinese,19,0.007603910852713177
2012,malay,19,0.010890346899224804
2012,indian,19,0.007410591085271316
2012,other,19,0.010890346899224804
2012,chinese,20,0.008788210077519381
2012,malay,20,0.012586504263565893
2012,indian,20,0.008564781007751938
2012,other,20,0.012586504263565893
2012,chinese,21,0.011350868217054264
2012,malay,21,0.016256751937984495
2012,indian,21,0.011062286821705425
2012,other,21,0.016256751937984495
2012,chinese,22,0.01687994573643411
2012,malay,22,0.024175515503875967
2012,indian,22,0.016450794573643412
2012,other,22,0.024175515503875967
2012,chinese,23,0.026253627906976745
2012,malay,23,0.03760053488372093
2012,indian,23,0.025586162790697673
2012,other,23,0.03760053488372093
2012,chinese,24,0.038262231782945744
2012,malay,24,0.05479929806201551
2012,indian,24,0.037289463178294575
2012,other,24,0.05479929806201551
2012,chinese,25,0.05065621085271317
2012,malay,25,0.0725499968992248
2012,indian,25,0.04936834108527131
2012,other,25,0.0725499968992248
2012,chinese,26,0.06182834108527131
2012,malay,26,0.08855075968992247
2012,indian,26,0.06025643410852712
2012,other,26,0.08855075968992247
2012,chinese,27,0.07186840310077519
2012,malay,27,0.10293017054263565
2012,indian,27,0.07004124031007751
2012,other,27,0.10293017054263565
2012,chinese,28,0.08008998449612403
2012,malay,28,0.11470514728682171
2012,indian,28,0.07805379844961241
2012,other,28,0.11470514728682171
2012,chinese,29,0.08635551007751938
2012,malay,29,0.12367865426356589
2012,indian,29,0.08416003100775193
2012,other,29,0.12367865426356589
2012,chinese,30,0.09254822325581395
2012,malay,30,0.13254787906976745
2012,indian,30,0.09019530232558139
2012,other,30,0.13254787906976745
2012,chinese,31,0.0972759069767442
2012,malay,31,0.13931888372093024
2012,indian,31,0.09480279069767442
2012,other,31,0.13931888372093024
2012,chinese,32,0.09688806201550389
2012,malay,32,0.13876341085271318
2012,indian,32,0.09442480620155039
2012,other,32,0.13876341085271318
2012,chinese,33,0.0900093023255814
2012,malay,33,0.12891162790697674
2012,indian,33,0.08772093023255813
2012,other,33,0.12891162790697674
2012,chinese,34,0.07835602480620157
2012,malay,34,0.1122217643410853
2012,indian,34,0.07636392248062017
2012,other,34,0.1122217643410853
2012,chinese,35,0.06469473488372093
2012,malay,35,0.09265601860465116
2012,indian,35,0.06304995348837208
2012,other,35,0.09265601860465116
2012,chinese,36,0.05171144186046511
2012,malay,36,0.07406130232558139
2012,indian,36,0.050396744186046505
2012,other,36,0.07406130232558139
2012,chinese,37,0.04008706976744185
2012,malay,37,0.057412837209302306
2012,indian,37,0.03906790697674417
2012,other,37,0.057412837209302306
2012,chinese,38,0.03107150387596899
2012,malay,38,0.044500713178294564
2012,indian,38,0.030281550387596896
2012,other,38,0.044500713178294564
2012,chinese,39,0.024194939534883712
2012,malay,39,0.034652074418604635
2012,indian,39,0.023579813953488363
2012,other,39,0.034652074418604635
2012,chinese,40,0.0174066007751938
2012,malay,40,0.024929792635658914
2012,indian,40,0.01696406007751938
2012,other,40,0.024929792635658914
2012,chinese,41,0.010472728682170543
2012,malay,41,0.014999077519379844
2012,indian,41,0.010206472868217053
2012,other,41,0.014999077519379844
2012,chinese,42,0.0053086279069767435
2012,malay,42,0.007603034883720929
2012,indian,42,0.005173662790697674
2012,other,42,0.007603034883720929
2012,chinese,43,0.0023316434108527143
2012,malay,43,0.0033393875968992263
2012,indian,43,0.0022723643410852722
2012,other,43,0.0033393875968992263
2012,chinese,44,0.0010695465116279076
2012,malay,44,0.0015318081395348847
2012,indian,44,0.0010423546511627913
2012,other,44,0.0015318081395348847
2012,chinese,45,0.0007476534883720929
2012,malay,45,0.001070791860465116
2012,indian,45,0.0007286453488372091
2012,other,45,0.001070791860465116
2012,chinese,46,0.0006980294573643405
2012,malay,46,0.000999720155038759
2012,indian,46,0.0006802829457364335
2012,other,46,0.000999720155038759
2012,chinese,47,0.0005018201550387592
2012,malay,47,0.0007187085271317823
2012,indian,47,0.0004890620155038755
2012,other,47,0.0007187085271317823
2012,chinese,48,2.4834883720930167e-05
2012,malay,48,3.556860465116269e-05
2012,indian,48,2.4203488372092958e-05
2012,other,48,3.556860465116269e-05
2012,chinese,49,0.0
2012,malay,49,0.0
2012,indian,49,0.0
2012,other,49,0.0
2013,chinese,15,0.0
2013,malay,15,0.0
2013,indian,15,0.0
2013,other,15,0.0
2013,chinese,16,0.0016965882352941188
2013,malay,16,0.0026822252100840347
2013,indian,16,0.0017935361344537826
2013,other,16,0.0026822252100840347
2013,chinese,17,0.004022823529411766
2013,malay,17,0.006359892436974791
2013,indian,17,0.004252699159663867
2013,other,17,0.006359892436974791
2013,chinese,18,0.00556164705882353
2013,malay,18,0.008792699159663865
2013,indian,18,0.005879455462184875
2013,other,18,0.008792699159663865
2013,chinese,19,0.0063956470588235285
2013,malay,19,0.010111213445378148
2013,indian,19,0.006761112605042016
2013,other,19,0.010111213445378148
2013,chinese,20,0.007234235294117647
2013,malay,20,0.01143698151260504
2013,indian,20,0.007647620168067227
2013,other,20,0.01143698151260504
2013,chinese,21,0.009335294117647058
2013,malay,21,0.01475865546218487
2013,indian,21,0.009868739495798319
2013,other,21,0.01475865546218487
2013,chinese,22,0.01419176470588235
2013,malay,22,0.02243650420168066
2013,indian,22,0.015002722689075626
2013,other,22,0.02243650420168066
2013,chinese,23,0.022630588235294118
2013,malay,23,0.03577788235294117
2013,indian,23,0.023923764705882353
2013,other,23,0.03577788235294117
2013,chinese,24,0.03351988235294118
2013,malay,24,0.05299333781512604
2013,indian,24,0.03543530420168067
2013,other,24,0.05299333781512604
2013,chinese,25,0.04485410294117648
2013,malay,25,0.07091220084033613
2013,indian,25,0.047417194537815135
2013,other,25,0.07091220084033613
2013,chinese,26,0.055049117647058825
2013,malay,26,0.08703003361344537
2013,indian,26,0.05819478151260504
2013,other,26,0.08703003361344537
2013,chinese,27,0.06400720588235294
2013,malay,27,0.10119234453781512
2013,indian,27,0.06766476050420168
2013,other,27,0.10119234453781512
2013,chinese,28,0.07102323529411765
2013,malay,28,0.11228435294117646
2013,indian,28,0.07508170588235295
2013,other,28,0.11228435294117646
2013,chinese,29,0.07609574999999999
2013,malay,29,0.12030375714285711
2013,indian,29,0.08044407857142856
2013,other,29,0.12030375714285711
2013,chinese,30,0.08096130882352942
2013,malay,30,0.12799597394957984
2013,indian,30,0.08558766932773111
2013,other,30,0.12799597394957984
2013,chinese,31,0.08467323529411766
2013,malay,31,0.13386435294117646
2013,indian,31,0.08951170588235297
2013,other,31,0.13386435294117646
2013,chinese,32,0.08427397058823531
2013,malay,32,0.13323313445378152
2013,indian,32,0.08908962605042019
2013,other,32,0.13323313445378152
2013,chinese,33,0.07871205882352943
2013,malay,33,0.12444001680672269
2013,indian,33,0.08320989075630254
2013,other,33,0.12444001680672269
2013,chinese,34,0.06932060294117648
2013,malay,34,0.10959257226890756
2013,indian,34,0.07328178025210086
2013,other,34,0.10959257226890756
2013,chinese,35,0.058317970588235304
2013,malay,35,0.09219793445378152
2013,indian,35,0.06165042605042018
2013,other,35,0.09219793445378152
2013,chinese,36,0.04772647058823531
2013,malay,36,0.07545327731092438
2013,indian,36,0.050453697478991616
2013,other,36,0.07545327731092438
2013,chinese,37,0.03794382352941177
2013,malay,37,0.05998737815126051
2013,indian,37,0.04011204201680674
2013,other,37,0.05998737815126051
2013,chinese,38,0.029895882352941182
2013,malay,38,0.047263966386554626
2013,indian,38,0.03160421848739496
2013,other,38,0.047263966386554626
2013,chinese,39,0.023321735294117647
2013,malay,39,0.036870552941176464
2013,indian,39,0.02465440588235294
2013,other,39,0.036870552941176464
2013,chinese,40,0.01670302941176471
2013,malay,40,0.02640669411764706
2013,indian,40,0.017657488235294123
2013,other,40,0.02640669411764706
2013,chinese,41,0.010071176470588238
2013,malay,41,0.01592205042016807
2013,indian,41,0.010646672268907566
2013,other,41,0.01592205042016807
2013,chinese,42,0.005113235294117646
2013,malay,42,0.008083781512605038
2013,indian,42,0.005405420168067226
2013,other,42,0.008083781512605038
2013,chinese,43,0.002285294117647058
2013,malay,43,0.0036129411764705866
2013,indian,43,0.0024158823529411757
2013,other,43,0.0036129411764705866
2013,chinese,44,0.0011213823529411758
2013,malay,44,0.0017728521008403347
2013,indian,44,0.0011854613445378144
2013,other,44,0.0017728521008403347
2013,chinese,45,0.0008420294117647053
2013,malay,45,0.0013312084033613434
2013,indian,45,0.0008901453781512599
2013,other,45,0.0013312084033613434
2013,chinese,46,0.0007784117647058823
2013,malay,46,0.001230631932773109
2013,indian,46,0.0008228924369747899
2013,other,46,0.001230631932773109
2013,chinese,47,0.0005198823529411765
2013,malay,47,0.000821909243697479
2013,indian,47,0.0005495899159663867
2013,other,47,0.000821909243697479
2013,chinese,48,0.0
2013,malay,48,0.0
2013,indian,48,0.0
2013,other,48,0.0
2013,chinese,49,0.0
2013,malay,49,0.0
2013,indian,49,0.0
2013,other,49,0.0
2014,chinese,15,0.0
2014,malay,15,0.0
2014,indian,15,0.0
2014,other,15,0.0
2014,chinese,16,0.0013230492
2014,malay,16,0.0020255532
2014,indian,16,0.0013230492
2014,other,16,0.0020255532
2014,chinese,17,0.0035456687999999995
2014,malay,17,0.005428324799999999
2014,indian,17,0.0035456687999999995
2014,other,17,0.005428324799999999
2014,chinese,18,0.0050955767999999995
2014,malay,18,0.007801192799999999
2014,indian,18,0.0050955767999999995
2014,other,18,0.007801192799999999
2014,chinese,19,0.006061998
2014,malay,19,0.009280758
2014,indian,19,0.006061998
2014,other,19,0.009280758
2014,chinese,20,0.007122118799999998
2014,malay,20,0.010903774799999997
2014,indian,20,0.007122118799999998
2014,other,20,0.010903774799999997
2014,chinese,21,0.009467591999999999
2014,malay,21,0.014494631999999999
2014,indian,21,0.009467591999999999
2014,other,21,0.014494631999999999
2014,chinese,22,0.014510555999999999
2014,malay,22,0.022215276
2014,indian,22,0.014510555999999999
2014,other,22,0.022215276
2014,chinese,23,0.023038439999999997
2014,malay,23,0.035271239999999995
2014,indian,23,0.023038439999999997
2014,other,23,0.035271239999999995
2014,chinese,24,0.03400129319999999
2014,malay,24,0.05205507719999999
2014,indian,24,0.03400129319999999
2014,other,24,0.05205507719999999
2014,chinese,25,0.045209853599999995
2014,malay,25,0.06921508559999999
2014,indian,25,0.045209853599999995
2014,other,25,0.06921508559999999
2014,chinese,26,0.05543870399999999
2014,malay,26,0.08487518399999999
2014,indian,26,0.05543870399999999
2014,other,26,0.08487518399999999
2014,chinese,27,0.065188344
2014,malay,27,0.09980162399999999
2014,indian,27,0.065188344
2014,other,27,0.09980162399999999
2014,chinese,28,0.07401048
2014,malay,28,0.11330808
2014,indian,28,0.07401048
2014,other,28,0.11330808
2014,chinese,29,0.0815246184
2014,malay,29,0.1248120264
2014,indian,29,0.0815246184
2014,other,29,0.1248120264
2014,chinese,30,0.0891754416
2014,malay,30,0.1365252336
2014,indian,30,0.0891754416
2014,other,30,0.1365252336
2014,chinese,31,0.09520204799999998
2014,malay,31,0.14575180799999998
2014,indian,31,0.09520204799999998
2014,other,31,0.14575180799999998
2014,chinese,32,0.09593067199999998
2014,malay,32,0.14686731199999997
2014,indian,32,0.09593067199999998
2014,other,32,0.14686731199999997
2014,chinese,33,0.089835904
2014,malay,33,0.137536384
2014,indian,33,0.089835904
2014,other,33,0.137536384
2014,chinese,34,0.0786919344
2014,malay,34,0.12047526239999999
2014,indian,34,0.0786919344
2014,other,34,0.12047526239999999
2014,chinese,35,0.0655401808
2014,malay,35,0.10034027679999999
2014,indian,35,0.0655401808
2014,other,35,0.10034027679999999
2014,chinese,36,0.053075647999999996
2014,malay,36,0.08125740799999999
2014,indian,36,0.053075647999999996
2014,other,36,0.08125740799999999
2014,chinese,37,0.041701519999999985
2014,malay,37,0.06384391999999998
2014,indian,37,0.041701519999999985
2014,other,37,0.06384391999999998
2014,chinese,38,0.03260185599999999
2014,malay,38,0.049912575999999986
2014,indian,38,0.03260185599999999
2014,other,38,0.049912575999999986
2014,chinese,39,0.025396795199999996
2014,malay,39,0.038881819199999994
2014,indian,39,0.025396795199999996
2014,other,39,0.038881819199999994
2014,chinese,40,0.018152726799999998
2014,malay,40,0.027791342799999997
2014,indian,40,0.018152726799999998
2014,other,40,0.027791342799999997
2014,chinese,41,0.010794664
2014,malay,41,0.016526344000000002
2014,indian,41,0.010794664
2014,other,41,0.016526344000000002
2014,chinese,42,0.005322299999999999
2014,malay,42,0.0081483
2014,indian,42,0.005322299999999999
2014,other,42,0.0081483
2014,chinese,43,0.0022355920000000007
2014,malay,43,0.003422632000000001
2014,indian,43,0.0022355920000000007
2014,other,43,0.003422632000000001
2014,chinese,44,0.0010107172000000002
2014,malay,44,0.0015473812000000005
2014,indian,44,0.0010107172000000002
2014,other,44,0.0015473812000000005
2014,chinese,45,0.0007757675999999999
2014,malay,45,0.0011876795999999998
2014,indian,45,0.0007757675999999999
2014,other,45,0.0011876795999999998
2014,chinese,46,0.0007816887999999998
2014,malay,46,0.0011967447999999999
2014,indian,46,0.0007816887999999998
2014,other,46,0.0011967447999999999
2014,chinese,47,0.0005660847999999997
2014,malay,47,0.0008666607999999995
2014,indian,47,0.0005660847999999997
2014,other,47,0.0008666607999999995
2014,chinese,48,0.0
2014,malay,48,0.0
2014,indian,48,0.0
2014,other,48,0.0
2014,chinese,49,0.0
2014,malay,49,0.0
2014,indian,49,0.0
2014,other,49,0.0
2015,chinese,15,0.0
2015,malay,15,0.0
2015,indian,15,0.0
2015,other,15,0.0
2015,chinese,16,0.0008029556451612913
2015,malay,16,0.0013066278225806467
2015,indian,16,0.000839453629032259
2015,other,16,0.0013066278225806467
2015,chinese,17,0.002853435483870968
2015,malay,17,0.004643317741935484
2015,indian,17,0.0029831370967741935
2015,other,17,0.004643317741935484
2015,chinese,18,0.004345975806451613
2015,malay,18,0.007072087903225807
2015,indian,18,0.004543520161290322
2015,other,18,0.007072087903225807
2015,chinese,19,0.005361036290322581
2015,malay,19,0.00872386814516129
2015,indian,19,0.005604719758064515
2015,other,19,0.00872386814516129
2015,chinese,20,0.006510625
2015,malay,20,0.0105945625
2015,indian,20,0.006806562499999999
2015,other,20,0.0105945625
2015,chinese,21,0.008871854838709678
2015,malay,21,0.014436927419354838
2015,indian,21,0.009275120967741935
2015,other,21,0.014436927419354838
2015,chinese,22,0.01372116935483871
2015,malay,22,0.022328084677419355
2015,indian,22,0.01434485887096774
2015,other,22,0.022328084677419355
2015,chinese,23,0.021770241935483874
2015,malay,23,0.03542612096774194
2015,indian,23,0.022759798387096773
2015,other,23,0.03542612096774194
2015,chinese,24,0.03206965725806451
2015,malay,24,0.05218607862903225
2015,indian,24,0.033527368951612894
2015,other,24,0.05218607862903225
2015,chinese,25,0.042559
2015,malay,25,0.06925509999999999
2015,indian,25,0.04449349999999999
2015,other,25,0.06925509999999999
2015,chinese,26,0.05219322580645161
2015,malay,26,0.0849326129032258
2015,indian,26,0.05456564516129031
2015,other,26,0.0849326129032258
2015,chinese,27,0.06157161290322581
2015,malay,27,0.1001938064516129
2015,indian,27,0.06437032258064515
2015,other,27,0.1001938064516129
2015,chinese,28,0.07033967741935485
2015,malay,28,0.11446183870967742
2015,indian,28,0.07353693548387097
2015,other,28,0.11446183870967742
2015,chinese,29,0.07805422580645163
2015,malay,29,0.12701551290322582
2015,indian,29,0.08160214516129033
2015,other,29,0.12701551290322582
2015,chinese,30,0.08594220161290322
2015,malay,30,0.13985140080645161
2015,indian,30,0.08984866532258064
2015,other,30,0.13985140080645161
2015,chinese,31,0.0922101612903226
2015,malay,31,0.15005108064516132
2015,indian,31,0.09640153225806453
2015,other,31,0.15005108064516132
2015,chinese,32,0.09335895161290324
2015,malay,32,0.15192047580645163
2015,indian,32,0.09760254032258064
2015,other,32,0.15192047580645163
2015,chinese,33,0.08788822580645163
2015,malay,33,0.14301811290322583
2015,indian,33,0.09188314516129033
2015,other,33,0.14301811290322583
2015,chinese,34,0.07749562096774196
2015,malay,34,0.12610651048387098
2015,indian,34,0.0810181491935484
2015,other,34,0.12610651048387098
2015,chinese,35,0.0651937620967742
2015,malay,35,0.10608803104838711
2015,indian,35,0.06815711491935483
2015,other,35,0.10608803104838711
2015,chinese,36,0.05350524193548388
2015,malay,36,0.08706762096774194
2015,indian,36,0.055937298387096775
2015,other,36,0.08706762096774194
2015,chinese,37,0.04264141129032259
2015,malay,37,0.06938920564516131
2015,indian,37,0.04457965725806452
2015,other,37,0.06938920564516131
2015,chinese,38,0.03367330645161291
2015,malay,38,0.05479565322580645
2015,indian,38,0.035203911290322576
2015,other,38,0.05479565322580645
2015,chinese,39,0.02631692338709677
2015,malay,39,0.04282481169354838
2015,indian,39,0.027513147177419348
2015,other,39,0.04282481169354838
2015,chinese,40,0.018830625
2015,malay,40,0.0306425625
2015,indian,40,0.019686562499999997
2015,other,40,0.0306425625
2015,chinese,41,0.011281209677419355
2015,malay,41,0.018357604838709678
2015,indian,41,0.01179399193548387
2015,other,41,0.018357604838709678
2015,chinese,42,0.0056485887096774205
2015,malay,42,0.009191794354838712
2015,indian,42,0.0059053427419354845
2015,other,42,0.009191794354838712
2015,chinese,43,0.0024812096774193544
2015,malay,43,0.0040376048387096766
2015,indian,43,0.00259399193548387
2015,other,43,0.0040376048387096766
2015,chinese,44,0.0012341733870967738
2015,malay,44,0.002008336693548386
2015,indian,44,0.001290272177419354
2015,other,44,0.002008336693548386
2015,chinese,45,0.0009908427419354836
2015,malay,45,0.0016123713709677414
2015,indian,45,0.0010358810483870964
2015,other,45,0.0016123713709677414
2015,chinese,46,0.000965782258064516
2015,malay,46,0.0015715911290322578
2015,indian,46,0.001009681451612903
2015,other,46,0.0015715911290322578
2015,chinese,47,0.0006796935483870968
2015,malay,47,0.0011060467741935483
2015,indian,47,0.0007105887096774192
2015,other,47,0.0011060467741935483
2015,chinese,48,3.1491935483871014e-06
2015,malay,48,5.124596774193556e-06
2015,indian,48,3.292338709677424e-06
2015,other,48,5.124596774193556e-06
2015,chinese,49,0.0
2015,malay,49,0.0
2015,indian,49,0.0
2015,other,49,0.0
2016,chinese,15,0.0
2016,malay,15,0.0
2016,indian,15,0.0
2016,other,15,0.0
2016,chinese,16,0.0010622425
2016,malay,16,0.0017869499999999998
2016,indian,16,0.00103246
2016,other,16,0.0017869499999999998
2016,chinese,17,0.0029400033333333332
2016,malay,17,0.004945799999999999
2016,indian,17,0.002857573333333333
2016,other,17,0.004945799999999999
2016,chinese,18,0.004183878333333333
2016,malay,18,0.007038299999999999
2016,indian,18,0.004066573333333334
2016,other,18,0.007038299999999999
2016,chinese,19,0.004889632500000001
2016,malay,19,0.008225550000000002
2016,indian,19,0.004752540000000001
2016,other,19,0.008225550000000002
2016,chinese,20,0.005693737500000002
2016,malay,20,0.009578250000000003
2016,indian,20,0.005534100000000002
2016,other,20,0.009578250000000003
2016,chinese,21,0.007705783333333337
2016,malay,21,0.012963000000000006
2016,indian,21,0.007489733333333337
2016,other,21,0.012963000000000006
2016,chinese,22,0.012238125000000002
2016,malay,22,0.020587500000000005
2016,indian,22,0.011895000000000003
2016,other,22,0.020587500000000005
2016,chinese,23,0.02002861666666667
2016,malay,23,0.033693
2016,indian,23,0.019467066666666668
2016,other,23,0.033693
2016,chinese,24,0.030125404166666665
2016,malay,24,0.050678249999999994
2016,indian,24,0.029280766666666663
2016,other,24,0.050678249999999994
2016,chinese,25,0.040427809999999995
2016,malay,25,0.0680094
2016,indian,25,0.039294319999999994
2016,other,25,0.0680094
2016,chinese,26,0.049901233333333316
2016,malay,26,0.08394599999999997
2016,indian,26,0.048502133333333315
2016,other,26,0.08394599999999997
2016,chinese,27,0.0592031
2016,malay,27,0.09959399999999999
2016,indian,27,0.057543199999999996
2016,other,27,0.09959399999999999
2016,chinese,28,0.06799849999999999
2016,malay,28,0.11438999999999996
2016,indian,28,0.06609199999999998
2016,other,28,0.11438999999999996
2016,chinese,29,0.07582768999999999
2016,malay,29,0.12756059999999997
2016,indian,29,0.07370167999999999
2016,other,29,0.12756059999999997
2016,chinese,30,0.08384832083333334
2016,malay,30,0.14105325
2016,indian,30,0.08149743333333333
2016,other,30,0.14105325
2016,chinese,31,0.09027055000000002
2016,malay,31,0.15185700000000002
2016,indian,31,0.08773960000000001
2016,other,31,0.15185700000000002
2016,chinese,32,0.091664225
2016,malay,32,0.1542015
2016,indian,32,0.08909420000000001
2016,other,32,0.1542015
2016,chinese,33,0.08654338333333335
2016,malay,33,0.14558700000000002
2016,indian,33,0.08411693333333334
2016,other,33,0.14558700000000002
2016,chinese,34,0.0765651875
2016,malay,34,0.12880125
2016,indian,34,0.0744185
2016,other,34,0.12880125
2016,chinese,35,0.06472791125
2016,malay,35,0.108888075
2016,indian,35,0.06291311000000001
2016,other,35,0.108888075
2016,chinese,36,0.05346165833333334
2016,malay,36,0.08993550000000002
2016,indian,36,0.051962733333333344
2016,other,36,0.08993550000000002
2016,chinese,37,0.04287445416666667
2016,malay,37,0.07212525
2016,indian,37,0.04167236666666667
2016,other,37,0.07212525
2016,chinese,38,0.033976958333333335
2016,malay,38,0.0571575
2016,indian,38,0.033024333333333336
2016,other,38,0.0571575
2016,chinese,39,0.026538184583333336
2016,malay,39,0.044643675
2016,indian,39,0.025794123333333335
2016,other,39,0.044643675
2016,chinese,40,0.018918580833333337
2016,malay,40,0.031825650000000004
2016,indian,40,0.018388153333333337
2016,other,40,0.031825650000000004
2016,chinese,41,0.011265316666666669
2016,malay,41,0.018951000000000003
2016,indian,41,0.010949466666666668
2016,other,41,0.018951000000000003
2016,chinese,42,0.005554191666666667
2016,malay,42,0.009343500000000001
2016,indian,42,0.005398466666666667
2016,other,42,0.009343500000000001
2016,chinese,43,0.002362916666666667
2016,malay,43,0.003975
2016,indian,43,0.002296666666666667
2016,other,43,0.003975
2016,chinese,44,0.0011323275000000006
2016,malay,44,0.001904850000000001
2016,indian,44,0.0011005800000000005
2016,other,44,0.001904850000000001
2016,chinese,45,0.0009167225000000007
2016,malay,45,0.0015421500000000012
2016,indian,45,0.0008910200000000007
2016,other,45,0.0015421500000000012
2016,chinese,46,0.000906825
2016,malay,46,0.0015255
2016,indian,46,0.0008814
2016,other,46,0.0015255
2016,chinese,47,0.0006116833333333334
2016,malay,47,0.001029
2016,indian,47,0.0005945333333333333
2016,other,47,0.001029
2016,chinese,48,0.0
2016,malay,48,0.0
2016,indian,48,0.0
2016,other,48,0.0
2016,chinese,49,0.0
2016,malay,49,0.0
2016,indian,49,0.0
2016,other,49,0.0
2017,chinese,15,0.0
2017,malay,15,0.0
2017,indian,15,0.0
2017,other,15,0.0
2017,chinese,16,0.0012107375
2017,malay,16,0.0021817250000000002
2017,indian,16,0.0011987500000000002
2017,other,16,0.0021817250000000002
2017,chinese,17,0.0028368810344827594
2017,malay,17,0.005112003448275864
2017,indian,17,0.0028087931034482764
2017,other,17,0.005112003448275864
2017,chinese,18,0.00379159224137931
2017,malay,18,0.006832374137931034
2017,indian,18,0.003754051724137931
2017,other,18,0.006832374137931034
2017,chinese,19,0.004181356465517241
2017,malay,19,0.007534721551724138
2017,indian,19,0.004139956896551724
2017,other,19,0.007534721551724138
2017,chinese,20,0.004637162499999997
2017,malay,20,0.008356074999999996
2017,indian,20,0.004591249999999997
2017,other,20,0.008356074999999996
2017,chinese,21,0.0062489396551724105
2017,malay,21,0.011260465517241374
2017,indian,21,0.006187068965517239
2017,other,21,0.011260465517241374
2017,chinese,22,0.010303306034482757
2017,malay,22,0.018566353448275858
2017,indian,22,0.010201293103448274
2017,other,22,0.018566353448275858
2017,chinese,23,0.017529594827586207
2017,malay,23,0.031587982758620695
2017,indian,23,0.017356034482758624
2017,other,23,0.031587982758620695
2017,chinese,24,0.02701806594827586
2017,malay,24,0.04868601982758621
2017,indian,24,0.026750560344827586
2017,other,24,0.04868601982758621
2017,chinese,25,0.0367018327586207
2017,malay,25,0.06613597586206899
2017,indian,25,0.03633844827586208
2017,other,25,0.06613597586206899
2017,chinese,26,0.045624137931034495
2017,malay,26,0.08221379310344831
2017,indian,26,0.045172413793103466
2017,other,26,0.08221379310344831
2017,chinese,27,0.054513879310344855
2017,malay,27,0.09823293103448281
2017,indian,27,0.05397413793103451
2017,other,27,0.09823293103448281
2017,chinese,28,0.06308668965517242
2017,malay,28,0.1136809655172414
2017,indian,28,0.06246206896551725
2017,other,28,0.1136809655172414
2017,chinese,29,0.07085794310344828
2017,malay,29,0.12768461034482761
2017,indian,29,0.07015637931034484
2017,other,29,0.12768461034482761
2017,chinese,30,0.07886867974137932
2017,malay,30,0.14211979913793105
2017,indian,30,0.07808780172413794
2017,other,30,0.14211979913793105
2017,chinese,31,0.08533193965517241
2017,malay,31,0.15376646551724138
2017,indian,31,0.08448706896551725
2017,other,31,0.15376646551724138
2017,chinese,32,0.08693792672413792
2017,malay,32,0.15666042241379308
2017,indian,32,0.08607715517241378
2017,other,32,0.15666042241379308
2017,chinese,33,0.08222880172413793
2017,malay,33,0.14817467241379312
2017,indian,33,0.0814146551724138
2017,other,33,0.14817467241379312
2017,chinese,34,0.07280937629310345
2017,malay,34,0.13120105431034484
2017,indian,34,0.07208849137931035
2017,other,34,0.13120105431034484
2017,chinese,35,0.06159924698275862
2017,malay,35,0.11100062327586208
2017,indian,35,0.060989353448275864
2017,other,35,0.11100062327586208
2017,chinese,36,0.05095014655172415
2017,malay,36,0.09181115517241381
2017,indian,36,0.050445689655172425
2017,other,36,0.09181115517241381
2017,chinese,37,0.04094287500000001
2017,malay,37,0.07377825000000002
2017,indian,37,0.04053750000000001
2017,other,37,0.07377825000000002
2017,chinese,38,0.03254725000000001
2017,malay,38,0.058649500000000014
2017,indian,38,0.032225000000000004
2017,other,38,0.058649500000000014
2017,chinese,39,0.025538067672413796
2017,malay,39,0.04601909224137932
2017,indian,39,0.02528521551724138
2017,other,39,0.04601909224137932
2017,chinese,40,0.01834817370689655
2017,malay,40,0.03306304568965517
2017,indian,40,0.018166508620689654
2017,other,40,0.03306304568965517
2017,chinese,41,0.011105646551724139
2017,malay,41,0.020012155172413795
2017,indian,41,0.010995689655172416
2017,other,41,0.020012155172413795
2017,chinese,42,0.005684297413793103
2017,malay,42,0.010242991379310343
2017,indian,42,0.00562801724137931
2017,other,42,0.010242991379310343
2017,chinese,43,0.002628612068965515
2017,malay,43,0.00473670689655172
2017,indian,43,0.00260258620689655
2017,other,43,0.00473670689655172
2017,chinese,44,0.0014143047413793092
2017,malay,44,0.0025485491379310327
2017,indian,44,0.0014003017241379298
2017,other,44,0.0025485491379310327
2017,chinese,45,0.0011537073275862068
2017,malay,45,0.00207895775862069
2017,indian,45,0.0011422844827586208
2017,other,45,0.00207895775862069
2017,chinese,46,0.0010874043103448277
2017,malay,46,0.001959481034482759
2017,indian,46,0.0010766379310344829
2017,other,46,0.001959481034482759
2017,chinese,47,0.0007552362068965519
2017,malay,47,0.0013609206896551729
2017,indian,47,0.0007477586206896554
2017,other,47,0.0013609206896551729
2017,chinese,48,3.905043103448288e-05
2017,malay,48,7.03681034482761e-05
2017,indian,48,3.86637931034484e-05
2017,other,48,7.03681034482761e-05
2017,chinese,49,0.0
2017,malay,49,0.0
2017,indian,49,0.0
2017,other,49,0.0
2018,chinese,15,0.0
2018,malay,15,0.0
2018,indian,15,0.0
2018,other,15,0.0
2018,chinese,16,0.001197362280701755
2018,malay,16,0.002260326754385966
2018,indian,16,0.0012217982456140357
2018,other,16,0.002260326754385966
2018,chinese,17,0.0027056596491228076
2018,malay,17,0.005107622807017546
2018,indian,17,0.002760877192982457
2018,other,17,0.005107622807017546
2018,chinese,18,0.0035631596491228065
2018,malay,18,0.0067263728070175435
2018,indian,18,0.0036358771929824556
2018,other,18,0.0067263728070175435
2018,chinese,19,0.003878264035087719
2018,malay,19,0.007321212719298246
2018,indian,19,0.003957412280701754
2018,other,19,0.007321212719298246
2018,chinese,20,0.004262097368421053
2018,malay,20,0.00804579605263158
2018,indian,20,0.004349078947368422
2018,other,20,0.00804579605263158
2018,chinese,21,0.0057656666666666655
2018,malay,21,0.010884166666666665
2018,indian,21,0.005883333333333332
2018,other,21,0.010884166666666665
2018,chinese,22,0.009628499999999998
2018,malay,22,0.018176249999999998
2018,indian,22,0.009824999999999999
2018,other,22,0.018176249999999998
2018,chinese,23,0.016555982456140348
2018,malay,23,0.031253640350877195
2018,indian,23,0.016893859649122808
2018,other,23,0.031253640350877195
2018,chinese,24,0.025682490350877194
2018,malay,24,0.04848225219298246
2018,indian,24,0.026206622807017545
2018,other,24,0.04848225219298246
2018,chinese,25,0.03496635701754385
2018,malay,25,0.06600791885964911
2018,indian,25,0.035679956140350876
2018,other,25,0.06600791885964911
2018,chinese,26,0.043548964912280705
2018,malay,26,0.0822097807017544
2018,indian,26,0.044437719298245616
2018,other,26,0.0822097807017544
2018,chinese,27,0.05225678070175438
2018,malay,27,0.09864800438596491
2018,indian,27,0.053323245614035085
2018,other,27,0.09864800438596491
2018,chinese,28,0.06086573684210526
2018,malay,28,0.11489960526315789
2018,indian,28,0.062107894736842105
2018,other,28,0.11489960526315789
2018,chinese,29,0.06883584473684211
2018,malay,29,0.12994521710526316
2018,indian,29,0.07024065789473685
2018,other,29,0.12994521710526316
2018,chinese,30,0.07710304736842107
2018,malay,30,0.14555167105263161
2018,indian,30,0.07867657894736844
2018,other,30,0.14555167105263161
2018,chinese,31,0.08379687719298247
2018,malay,31,0.15818798245614038
2018,indian,31,0.08550701754385966
2018,other,31,0.15818798245614038
2018,chinese,32,0.08560987719298245
2018,malay,32,0.16161048245614035
2018,indian,32,0.08735701754385965
2018,other,32,0.16161048245614035
2018,chinese,33,0.08105287719298246
2018,malay,33,0.15300798245614036
2018,indian,33,0.08270701754385965
2018,other,33,0.15300798245614036
2018,chinese,34,0.07174433859649124
2018,malay,34,0.1354357412280702
2018,indian,34,0.07320850877192984
2018,other,34,0.1354357412280702
2018,chinese,35,0.06064983596491227
2018,malay,35,0.11449203728070174
2018,indian,35,0.06188758771929824
2018,other,35,0.11449203728070174
2018,chinese,36,0.05013559649122807
2018,malay,36,0.09464372807017545
2018,indian,36,0.05115877192982456
2018,other,36,0.09464372807017545
2018,chinese,37,0.040250061403508765
2018,malay,37,0.07598225877192982
2018,indian,37,0.041071491228070175
2018,other,37,0.07598225877192982
2018,chinese,38,0.03195917543859649
2018,malay,38,0.06033109649122808
2018,indian,38,0.03261140350877193
2018,other,38,0.06033109649122808
2018,chinese,39,0.025040418421052632
2018,malay,39,0.04727017763157895
2018,indian,39,0.025551447368421052
2018,other,39,0.04727017763157895
2018,chinese,40,0.01793155
2018,malay,40,0.033850375
2018,indian,40,0.0182975
2018,other,40,0.033850375
2018,chinese,41,0.010765385964912283
2018,malay,41,0.02032241228070176
2018,indian,41,0.010985087719298247
2018,other,41,0.02032241228070176
2018,chinese,42,0.005416219298245616
2018,malay,42,0.01022449561403509
2018,indian,42,0.005526754385964914
2018,other,42,0.01022449561403509
2018,chinese,43,0.0024302280701754405
2018,malay,43,0.004587675438596495
2018,indian,43,0.0024798245614035107
2018,other,43,0.004587675438596495
2018,chinese,44,0.0012811780701754392
2018,malay,44,0.0024185504385964927
2018,indian,44,0.0013073245614035095
2018,other,44,0.0024185504385964927
2018,chinese,45,0.0010782149122807022
2018,malay,45,0.002035405701754387
2018,indian,45,0.0011002192982456146
2018,other,45,0.002035405701754387
2018,chinese,46,0.0010591736842105262
2018,malay,46,0.0019994605263157893
2018,indian,46,0.0010807894736842105
2018,other,46,0.0019994605263157893
2018,chinese,47,0.0007621649122807017
2018,malay,47,0.001438780701754386
2018,indian,47,0.0007777192982456139
2018,other,47,0.001438780701754386
2018,chinese,48,6.847105263157887e-05
2018,malay,48,0.00012925657894736827
2018,indian,48,6.98684210526315e-05
2018,other,48,0.00012925657894736827
2018,chinese,49,0.0
2018,malay,49,0.0
2018,indian,49,0.0
2018,other,49,0.0
2019,chinese,15,0.0
2019,malay,15,0.0
2019,indian,15,0.0
2019,other,15,0.0
2019,chinese,16,0.0014889078947368424
2019,malay,16,0.0027071052631578957
2019,indian,16,0.001473868421052632
2019,other,16,0.0027071052631578957
2019,chinese,17,0.0028640526315789477
2019,malay,17,0.005207368421052632
2019,indian,17,0.002835122807017544
2019,other,17,0.005207368421052632
2019,chinese,18,0.00344328947368421
2019,malay,18,0.006260526315789473
2019,indian,18,0.0034085087719298236
2019,other,18,0.006260526315789473
2019,chinese,19,0.003358097368421053
2019,malay,19,0.00610563157894737
2019,indian,19,0.0033241771929824566
2019,other,19,0.00610563157894737
2019,chinese,20,0.003288797368421055
2019,malay,20,0.0059796315789473736
2019,indian,20,0.003255577192982458
2019,other,20,0.0059796315789473736
2019,chinese,21,0.004395947368421053
2019,malay,21,0.007992631578947371
2019,indian,21,0.004351543859649123
2019,other,21,0.007992631578947371
2019,chinese,22,0.008045921052631579
2019,malay,22,0.014628947368421054
2019,indian,22,0.007964649122807017
2019,other,22,0.014628947368421054
2019,chinese,23,0.015021947368421051
2019,malay,23,0.02731263157894737
2019,indian,23,0.014870210526315788
2019,other,23,0.02731263157894737
2019,chinese,24,0.02439212368421053
2019,malay,24,0.044349315789473695
2019,indian,24,0.02414573859649123
2019,other,24,0.044349315789473695
2019,chinese,25,0.03399321315789473
2019,malay,25,0.06180584210526316
2019,indian,25,0.03364984736842105
2019,other,25,0.06180584210526316
2019,chinese,26,0.042860052631578945
2019,malay,26,0.07792736842105263
2019,indian,26,0.04242712280701754
2019,other,26,0.07792736842105263
2019,chinese,27,0.051812605263157896
2019,malay,27,0.09420473684210529
2019,indian,27,0.05128924561403509
2019,other,27,0.09420473684210529
2019,chinese,28,0.06058626315789473
2019,malay,28,0.11015684210526316
2019,indian,28,0.05997428070175438
2019,other,28,0.11015684210526316
2019,chinese,29,0.06866891842105263
2019,malay,29,0.12485257894736844
2019,indian,29,0.06797529298245614
2019,other,29,0.12485257894736844
2019,chinese,30,0.0770196552631579
2019,malay,30,0.1400357368421053
2019,indian,30,0.07624167894736843
2019,other,30,0.1400357368421053
2019,chinese,31,0.08383910526315792
2019,malay,31,0.15243473684210535
2019,indian,31,0.08299224561403512
2019,other,31,0.15243473684210535
2019,chinese,32,0.08587555263157895
2019,malay,32,0.15613736842105266
2019,indian,32,0.08500812280701754
2019,other,32,0.15613736842105266
2019,chinese,33,0.08167500000000003
2019,malay,33,0.14850000000000005
2019,indian,33,0.08085000000000002
2019,other,33,0.14850000000000005
2019,chinese,34,0.07280121315789474
2019,malay,34,0.1323658421052632
2019,indian,34,0.07206584736842106
2019,other,34,0.1323658421052632
2019,chinese,35,0.0621772105263158
2019,malay,35,0.11304947368421056
2019,indian,35,0.06154915789473685
2019,other,35,0.11304947368421056
2019,chinese,36,0.052053157894736836
2019,malay,36,0.0946421052631579
2019,indian,36,0.05152736842105263
2019,other,36,0.0946421052631579
2019,chinese,37,0.042375473684210525
2019,malay,37,0.0770463157894737
2019,indian,37,0.04194743859649123
2019,other,37,0.0770463157894737
2019,chinese,38,0.034042105263157894
2019,malay,38,0.06189473684210527
2019,indian,38,0.03369824561403509
2019,other,38,0.06189473684210527
2019,chinese,39,0.026891526315789477
2019,malay,39,0.048893684210526325
2019,indian,39,0.026619894736842106
2019,other,39,0.048893684210526325
2019,chinese,40,0.019495618421052633
2019,malay,40,0.035446578947368426
2019,indian,40,0.01929869298245614
2019,other,40,0.035446578947368426
2019,chinese,41,0.012065842105263158
2019,malay,41,0.021937894736842108
2019,indian,41,0.011943964912280702
2019,other,41,0.021937894736842108
2019,chinese,42,0.006441078947368422
2019,malay,42,0.01171105263157895
2019,indian,42,0.00637601754385965
2019,other,42,0.01171105263157895
2019,chinese,43,0.003190578947368422
2019,malay,43,0.00580105263157895
2019,indian,43,0.0031583508771929835
2019,other,43,0.00580105263157895
2019,chinese,44,0.0017937236842105269
2019,malay,44,0.0032613157894736855
2019,indian,44,0.0017756052631578952
2019,other,44,0.0032613157894736855
2019,chinese,45,0.0013593394736842108
2019,malay,45,0.0024715263157894744
2019,indian,45,0.0013456087719298246
2019,other,45,0.0024715263157894744
2019,chinese,46,0.0011270368421052628
2019,malay,46,0.0020491578947368417
2019,indian,46,0.001115652631578947
2019,other,46,0.0020491578947368417
2019,chinese,47,0.0006415894736842105
2019,malay,47,0.0011665263157894738
2019,indian,47,0.0006351087719298245
2019,other,47,0.0011665263157894738
2019,chinese,48,0.0
2019,malay,48,0.0
2019,indian,48,0.0
2019,other,48,0.0
2019,chinese,49,0.0
2019,malay,49,0.0
2019,indian,49,0.0
2019,other,49,0.0
2020,chinese,15,0.0
2020,malay,15,0.0
2020,indian,15,0.0
2020,other,15,0.0
2020,chinese,16,0.0012049945454545453
2020,malay,16,0.0023330745454545458
2020,indian,16,0.001230632727272727
2020,other,16,0.0023330745454545458
2020,chinese,17,0.0024135781818181816
2020,malay,17,0.004673098181818183
2020,indian,17,0.002464930909090909
2020,other,17,0.004673098181818183
2020,chinese,18,0.00309636
2020,malay,18,0.005995080000000001
2020,indian,18,0.0031622399999999998
2020,other,18,0.005995080000000001
2020,chinese,19,0.003361525454545453
2020,malay,19,0.006508485454545453
2020,indian,19,0.0034330472727272716
2020,other,19,0.006508485454545453
2020,chinese,20,0.0037315436363636353
2020,malay,20,0.007224903636363635
2020,indian,20,0.0038109381818181806
2020,other,20,0.007224903636363635
2020,chinese,21,0.005091381818181816
2020,malay,21,0.009857781818181817
2020,indian,21,0.005199709090909089
2020,other,21,0.009857781818181817
2020,chinese,22,0.008481363636363634
2020,malay,22,0.016421363636363637
2020,indian,22,0.00866181818181818
2020,other,22,0.016421363636363637
2020,chinese,23,0.01450163636363636
2020,malay,23,0.02807763636363636
2020,indian,23,0.014810181818181814
2020,other,23,0.02807763636363636
2020,chinese,24,0.02245771090909091
2020,malay,24,0.04348195090909092
2020,indian,24,0.022935534545454547
2020,other,24,0.04348195090909092
2020,chinese,25,0.030421604545454544
2020,malay,25,0.058901404545454554
2020,indian,25,0.03106887272727273
2020,other,25,0.058901404545454554
2020,chinese,26,0.03791019999999999
2020,malay,26,0.0734006
2020,indian,26,0.038716799999999996
2020,other,26,0.0734006
2020,chinese,27,0.04610315454545454
2020,malay,27,0.08926355454545455
2020,indian,27,0.047084072727272726
2020,other,27,0.08926355454545455
2020,chinese,28,0.05500110909090907
2020,malay,28,0.10649150909090907
2020,indian,28,0.056171345454545434
2020,other,28,0.10649150909090907
2020,chinese,29,0.0638548409090909
2020,malay,29,0.12363384090909092
2020,indian,29,0.06521345454545453
2020,other,29,0.12363384090909092
2020,chinese,30,0.07319566363636361
2020,malay,30,0.1417192636363636
2020,indian,30,0.07475301818181815
2020,other,30,0.1417192636363636
2020,chinese,31,0.08084512727272725
2020,malay,31,0.15652992727272724
2020,indian,31,0.08256523636363633
2020,other,31,0.15652992727272724
2020,chinese,32,0.08351899999999997
2020,malay,32,0.161707
2020,indian,32,0.08529599999999997
2020,other,32,0.161707
2020,chinese,33,0.07961458181818179
2020,malay,33,0.1541473818181818
2020,indian,33,0.08130850909090906
2020,other,33,0.1541473818181818
2020,chinese,34,0.07078926363636363
2020,malay,34,0.13706006363636364
2020,indian,34,0.07229541818181817
2020,other,34,0.13706006363636364
2020,chinese,35,0.06018584999999998
2020,malay,35,0.11653004999999998
2020,indian,35,0.06146639999999998
2020,other,35,0.11653004999999998
2020,chinese,36,0.050190018181818175
2020,malay,36,0.09717641818181819
2020,indian,36,0.0512578909090909
2020,other,36,0.09717641818181819
2020,chinese,37,0.040681063636363625
2020,malay,37,0.07876546363636362
2020,indian,37,0.04154661818181817
2020,other,37,0.07876546363636362
2020,chinese,38,0.032586381818181805
2020,malay,38,0.0630927818181818
2020,indian,38,0.033279709090909076
2020,other,38,0.0630927818181818
2020,chinese,39,0.025720322727272718
2020,malay,39,0.049798922727272724
2020,indian,39,0.02626756363636363
2020,other,39,0.049798922727272724
2020,chinese,40,0.018605761818181812
2020,malay,40,0.036023921818181814
2020,indian,40,0.01900162909090909
2020,other,40,0.036023921818181814
2020,chinese,41,0.011418436363636363
2020,malay,41,0.02210803636363637
2020,indian,41,0.011661381818181818
2020,other,41,0.02210803636363637
2020,chinese,42,0.006003181818181816
2020,malay,42,0.011623181818181817
2020,indian,42,0.006130909090909089
2020,other,42,0.011623181818181817
2020,chinese,43,0.0029174181818181822
2020,malay,43,0.005648618181818184
2020,indian,43,0.0029794909090909098
2020,other,43,0.005648618181818184
2020,chinese,44,0.001646110909090908
2020,malay,44,0.0031871509090909077
2020,indian,44,0.0016811345454545443
2020,other,44,0.0031871509090909077
2020,chinese,45,0.001309590909090909
2020,malay,45,0.002535590909090909
2020,indian,45,0.0013374545454545453
2020,other,45,0.002535590909090909
2020,chinese,46,0.001156883636363636
2020,malay,46,0.0022399236363636363
2020,indian,46,0.0011814981818181816
2020,other,46,0.0022399236363636363
2020,chinese,47,0.0007373018181818181
2020,malay,47,0.0014275418181818184
2020,indian,47,0.0007529890909090908
2020,other,47,0.0014275418181818184
2020,chinese,48,0.0
2020,malay,48,0.0
2020,indian,48,0.0
2020,other,48,0.0
2020,chinese,49,0.0
2020,malay,49,0.0
2020,indian,49,0.0
2020,other,49,0.0
2021,chinese,15,0.0
2021,malay,15,0.0
2021,indian,15,0.0
2021,other,15,0.0
2021,chinese,16,0.0012810428571428567
2021,malay,16,0.00242864375
2021,indian,16,0.0014011406249999998
2021,other,16,0.00242864375
2021,chinese,17,0.0023470285714285713
2021,malay,17,0.004449575000000001
2021,indian,17,0.0025670625000000003
2021,other,17,0.004449575000000001
2021,chinese,18,0.002875457142857141
2021,malay,18,0.005451387499999998
2021,indian,18,0.0031450312499999985
2021,other,18,0.005451387499999998
2021,chinese,19,0.0029862428571428563
2021,malay,19,0.005661418749999999
2021,indian,19,0.0032662031249999996
2021,other,19,0.005661418749999999
2021,chinese,20,0.003205928571428572
2021,malay,20,0.006077906250000003
2021,indian,20,0.0035064843750000014
2021,other,20,0.006077906250000003
2021,chinese,21,0.004416857142857144
2021,malay,21,0.008373625000000004
2021,indian,21,0.004830937500000002
2021,other,21,0.008373625000000004
2021,chinese,22,0.007653857142857143
2021,malay,22,0.014510437500000003
2021,indian,22,0.008371406250000001
2021,other,22,0.014510437500000003
2021,chinese,23,0.013519714285714286
2021,malay,23,0.025631125000000005
2021,indian,23,0.014787187500000002
2021,other,23,0.025631125000000005
2021,chinese,24,0.021346499999999994
2021,malay,24,0.04046940624999999
2021,indian,24,0.023347734374999995
2021,other,24,0.04046940624999999
2021,chinese,25,0.02916471428571427
2021,malay,25,0.05529143749999998
2021,indian,25,0.031898906249999984
2021,other,25,0.05529143749999998
2021,chinese,26,0.03658457142857141
2021,malay,26,0.06935824999999997
2021,indian,26,0.040014374999999984
2021,other,26,0.06935824999999997
2021,chinese,27,0.04494257142857141
2021,malay,27,0.08520362499999998
2021,indian,27,0.04915593749999999
2021,other,27,0.08520362499999998
2021,chinese,28,0.05431028571428571
2021,malay,28,0.10296325
2021,indian,28,0.059401875
2021,other,28,0.10296325
2021,chinese,29,0.06385499999999997
2021,malay,29,0.12105843749999996
2021,indian,29,0.06984140624999999
2021,other,29,0.12105843749999996
2021,chinese,30,0.07391601428571429
2021,malay,30,0.14013244375000003
2021,indian,30,0.08084564062500002
2021,other,30,0.14013244375000003
2021,chinese,31,0.08222657142857143
2021,malay,31,0.15588787500000004
2021,indian,31,0.08993531250000002
2021,other,31,0.15588787500000004
2021,chinese,32,0.08557242857142858
2021,malay,32,0.16223106250000002
2021,indian,32,0.09359484375000002
2021,other,32,0.16223106250000002
2021,chinese,33,0.08232599999999998
2021,malay,33,0.156076375
2021,indian,33,0.0900440625
2021,other,33,0.156076375
2021,chinese,34,0.07410184285714284
2021,malay,34,0.14048474375
2021,indian,34,0.08104889062500001
2021,other,34,0.14048474375
2021,chinese,35,0.06416018571428571
2021,malay,35,0.12163701875
2021,indian,35,0.070175203125
2021,other,35,0.12163701875
2021,chinese,36,0.05470885714285713
2021,malay,36,0.10371887499999999
2021,indian,36,0.0598378125
2021,other,36,0.10371887499999999
2021,chinese,37,0.04528842857142856
2021,malay,37,0.0858593125
2021,indian,37,0.049534218750000004
2021,other,37,0.0858593125
2021,chinese,38,0.036681428571428566
2021,malay,38,0.069541875
2021,indian,38,0.0401203125
2021,other,38,0.069541875
2021,chinese,39,0.02887538571428571
2021,malay,39,0.05474291875
2021,indian,39,0.031582453125
2021,other,39,0.05474291875
2021,chinese,40,0.02063738571428571
2021,malay,40,0.039125043750000005
2021,indian,40,0.022572140625000004
2021,other,40,0.039125043750000005
2021,chinese,41,0.01244485714285714
2021,malay,41,0.023593375
2021,indian,41,0.013611562499999999
2021,other,41,0.023593375
2021,chinese,42,0.00627642857142857
2021,malay,42,0.011899062499999998
2021,indian,42,0.006864843749999999
2021,other,42,0.011899062499999998
2021,chinese,43,0.002838
2021,malay,43,0.005380375000000001
2021,indian,43,0.0031040625
2021,other,43,0.005380375000000001
2021,chinese,44,0.0015176142857142845
2021,malay,44,0.0028771437499999983
2021,indian,44,0.001659890624999999
2021,other,44,0.0028771437499999983
2021,chinese,45,0.001255242857142856
2021,malay,45,0.002379731249999998
2021,indian,45,0.001372921874999999
2021,other,45,0.002379731249999998
2021,chinese,46,0.0011489999999999996
2021,malay,46,0.0021783124999999997
2021,indian,46,0.0012567187499999998
2021,other,46,0.0021783124999999997
2021,chinese,47,0.000666
2021,malay,47,0.0012626250000000003
2021,indian,47,0.0007284375000000001
2021,other,47,0.0012626250000000003
2021,chinese,48,0.0
2021,malay,48,0.0
2021,indian,48,0.0
2021,other,48,0.0
2021,chinese,49,0.0
2021,malay,49,0.0
2021,indian,49,0.0
2021,other,49,0.0
2022,chinese,15,0.0
2022,malay,15,0.0
2022,indian,15,0.0
2022,other,15,0.0
2022,chinese,16,0.0011518716346153848
2022,malay,16,0.0024229024038461546
2022,indian,16,0.001337230288461539
2022,other,16,0.0024229024038461546
2022,chinese,17,0.0021045634615384622
2022,malay,17,0.004426840384615387
2022,indian,17,0.0024432288461538475
2022,other,17,0.004426840384615387
2022,chinese,18,0.0026470586538461537
2022,malay,18,0.005567950961538462
2022,indian,18,0.0030730221153846154
2022,other,18,0.005567950961538462
2022,chinese,19,0.002881665865384615
2022,malay,19,0.006061435096153846
2022,indian,19,0.0033453822115384613
2022,other,19,0.006061435096153846
2022,chinese,20,0.003243301442307691
2022,malay,20,0.006822116826923075
2022,indian,20,0.0037652120192307684
2022,other,20,0.006822116826923075
2022,chinese,21,0.004457913461538462
2022,malay,21,0.009376990384615386
2022,indian,21,0.005175278846153848
2022,other,21,0.009376990384615386
2022,chinese,22,0.007376177884615383
2022,malay,22,0.015515408653846152
2022,indian,22,0.008563149038461537
2022,other,22,0.015515408653846152
2022,chinese,23,0.012495375000000001
2022,malay,23,0.026283375000000005
2022,indian,23,0.014506125000000002
2022,other,23,0.026283375000000005
2022,chinese,24,0.019273386057692302
2022,malay,24,0.04054057067307692
2022,indian,24,0.022374850480769228
2022,other,24,0.04054057067307692
2022,chinese,25,0.02596870528846154
2022,malay,25,0.054623828365384625
2022,indian,25,0.03014757740384616
2022,other,25,0.054623828365384625
2022,chinese,26,0.03237152884615384
2022,malay,26,0.06809183653846153
2022,indian,26,0.03758074038461538
2022,other,26,0.06809183653846153
2022,chinese,27,0.03982383173076922
2022,malay,27,0.08376737019230768
2022,indian,27,0.046232264423076916
2022,other,27,0.08376737019230768
2022,chinese,28,0.04847322115384615
2022,malay,28,0.10196091346153845
2022,indian,28,0.05627350961538461
2022,other,28,0.10196091346153845
2022,chinese,29,0.05747809759615385
2022,malay,29,0.12090220528846155
2022,indian,29,0.06672744663461538
2022,other,29,0.12090220528846155
2022,chinese,30,0.06703969038461537
2022,malay,30,0.14101452115384613
2022,indian,30,0.07782768653846152
2022,other,30,0.14101452115384613
2022,chinese,31,0.07493376923076922
2022,malay,31,0.1576193076923077
2022,indian,31,0.08699207692307692
2022,other,31,0.1576193076923077
2022,chinese,32,0.07814774999999999
2022,malay,32,0.16437974999999996
2022,indian,32,0.09072324999999999
2022,other,32,0.16437974999999996
2022,chinese,33,0.07512115384615384
2022,malay,33,0.15801346153846152
2022,indian,33,0.08720961538461537
2022,other,33,0.15801346153846152
2022,chinese,34,0.0673970596153846
2022,malay,34,0.14176622884615384
2022,indian,34,0.07824256346153845
2022,other,34,0.14176622884615384
2022,chinese,35,0.058048574999999984
2022,malay,35,0.12210217499999998
2022,indian,35,0.067389725
2022,other,35,0.12210217499999998
2022,chinese,36,0.049221923076923066
2022,malay,36,0.10353576923076922
2022,indian,36,0.057142692307692304
2022,other,36,0.10353576923076922
2022,chinese,37,0.04055705769230769
2022,malay,37,0.08530967307692308
2022,indian,37,0.04708348076923077
2022,other,37,0.08530967307692308
2022,chinese,38,0.03282911538461538
2022,malay,38,0.06905434615384616
2022,indian,38,0.03811196153846154
2022,other,38,0.06905434615384616
2022,chinese,39,0.025968328846153847
2022,malay,39,0.054623036538461546
2022,indian,39,0.030147140384615388
2022,other,39,0.054623036538461546
2022,chinese,40,0.018757743749999996
2022,malay,40,0.03945594375
2022,indian,40,0.02177623125
2022,other,40,0.03945594375
2022,chinese,41,0.011531682692307692
2022,malay,41,0.024256298076923078
2022,indian,41,0.01338735576923077
2022,other,41,0.024256298076923078
2022,chinese,42,0.006064485576923078
2022,malay,42,0.012756331730769234
2022,indian,42,0.00704037980769231
2022,other,42,0.012756331730769234
2022,chinese,43,0.0029554903846153854
2022,malay,43,0.006216721153846156
2022,indian,43,0.00343108653846154
2022,other,43,0.006216721153846156
2022,chinese,44,0.0016809822115384616
2022,malay,44,0.003535859134615385
2022,indian,44,0.0019514850961538464
2022,other,44,0.003535859134615385
2022,chinese,45,0.0013354081730769236
2022,malay,45,0.002808962019230771
2022,indian,45,0.001550301442307693
2022,other,45,0.002808962019230771
2022,chinese,46,0.0011479817307692307
2022,malay,46,0.0024147201923076923
2022,indian,46,0.001332714423076923
2022,other,46,0.0024147201923076923
2022,chinese,47,0.0006623711538461536
2022,malay,47,0.0013932634615384611
2022,indian,47,0.0007689596153846152
2022,other,47,0.0013932634615384611
2022,chinese,48,0.0
2022,malay,48,0.0
2022,indian,48,0.0
2022,other,48,0.0
2022,chinese,49,0.0
2022,malay,49,0.0
2022,indian,49,0.0
2022,other,49,0.0
2023,chinese,15,0.00023576395331017882
2023,malay,15,0.0004557590282410397
2023,indian,15,0.00025184577272930676
2023,other,15,0.0004557590282410397
2023,chinese,16,0.0004550178902300288
2023,malay,16,0.0008796022825876692
2023,indian,16,0.00048605535562884115
2023,other,16,0.0008796022825876692
2023,chinese,17,0.0008438483918153859
2023,malay,17,0.0016312566770144167
2023,indian,17,0.0009014085797226637
2023,other,17,0.0016312566770144167
2023,chinese,18,0.0015037838203204195
2023,malay,18,0.0029069882949076037
2023,indian,18,0.0016063592119536882
2023,other,18,0.0029069882949076037
2023,chinese,19,0.002575084856697906
2023,malay,19,0.004977937277726268
2023,indian,19,0.0027507353285911368
2023,other,19,0.004977937277726268
2023,chinese,20,0.004237238991543639
2023,malay,20,0.008191073733270302
2023,indian,20,0.004526267536157674
2023,other,20,0.008191073733270302
2023,chinese,21,0.006699768032465427
2023,malay,21,0.01295142758273809
2023,indian,21,0.007156769444833172
2023,other,21,0.01295142758273809
2023,chinese,22,0.010179397365179657
2023,malay,22,0.019677954098139827
2023,indian,22,0.010873749609973383
2023,other,22,0.019677954098139827
2023,chinese,23,0.014861750306475194
2023,malay,23,0.028729484649966105
2023,indian,23,0.01587549299837204
2023,other,23,0.028729484649966105
2023,chinese,24,0.020849878590398684
2023,malay,24,0.040305230175717036
2023,indian,24,0.022272080660281673
2023,other,24,0.040305230175717036
2023,chinese,25,0.02810754117556145
2023,malay,25,0.054335132544903034
2023,indian,25,0.030024799497517008
2023,other,25,0.054335132544903034
2023,chinese,26,0.03641061415912904
2023,malay,26,0.07038593429501865
2023,indian,26,0.03889423777344928
2023,other,26,0.07038593429501865
2023,chinese,27,0.045323040499239506
2023,malay,27,0.08761468665944223
2023,indian,27,0.048414594329250396
2023,other,27,0.08761468665944223
2023,chinese,28,0.05421207158006317
2023,malay,28,0.10479821327799459
2023,indian,28,0.05790995979938908
2023,other,28,0.10479821327799459
2023,chinese,29,0.06231017121055375
2023,malay,29,0.12045277779632786
2023,indian,29,0.06656044317670426
2023,other,29,0.12045277779632786
2023,chinese,30,0.06881892644718358
2023,malay,30,0.13303495552136146
2023,indian,30,0.07351317055109798
2023,other,30,0.13303495552136146
2023,chinese,31,0.07303699101734987
2023,malay,31,0.1411889628773025
2023,indian,31,0.07801895574930441
2023,other,31,0.1411889628773025
2023,chinese,32,0.07448415518879083
2023,malay,32,0.1439864988331636
2023,indian,32,0.0795648331996338
2023,other,32,0.1439864988331636
2023,chinese,33,0.07299127812489886
2023,malay,33,0.14110059456166713
2023,indian,33,0.07797012471062621
2023,other,33,0.14110059456166713
2023,chinese,34,0.06873280766040202
2023,malay,34,0.13286847793212103
2023,indian,34,0.07342117747031102
2023,other,34,0.13286847793212103
2023,chinese,35,0.06219324698850061
2023,malay,35,0.12022674973278132
2023,indian,35,0.06643554337484606
2023,other,35,0.12022674973278132
2023,chinese,36,0.05407647627544903
2023,malay,36,0.10453609184934817
2023,indian,36,0.057765115331905585
2023,other,36,0.10453609184934817
2023,chinese,37,0.045181382156877135
2023,malay,37,0.08734084467659946
2023,indian,37,0.0482632732549517
2023,other,37,0.08734084467659946
2023,chinese,38,0.03627409395861753
2023,malay,38,0.07012202493547998
2023,indian,38,0.038748405321506356
2023,other,38,0.07012202493547998
2023,chinese,39,0.0279846266535286
2023,malay,39,0.054097524537691254
2023,indian,39,0.02989350078816643
2023,other,39,0.054097524537691254
2023,chinese,40,0.020745709098208737
2023,malay,40,0.0401038584822657
2023,indian,40,0.02216080560789535
2023,other,40,0.0401038584822657
2023,chinese,41,0.014778243030393982
2023,malay,41,0.028568055413378115
2023,indian,41,0.01578628956341978
2023,other,41,0.028568055413378115
2023,chinese,42,0.010115864444144352
2023,malay,42,0.01955513760331176
2023,indian,42,0.010805883011338453
2023,other,42,0.01955513760331176
2023,chinese,43,0.0066537853605581135
2023,malay,43,0.01286253775216746
2023,indian,43,0.00710765022462982
2023,other,43,0.01286253775216746
2023,chinese,44,0.004205523529508535
2023,malay,44,0.008129764071829746
2023,indian,44,0.004492388714007161
2023,other,44,0.008129764071829746
2023,chinese,45,0.0025542107977009304
2023,malay,45,0.004937585304024031
2023,indian,45,0.002728437418141807
2023,other,45,0.004937585304024031
2023,chinese,46,0.0014906602889653297
2023,malay,46,0.0028816189888134806
2023,indian,46,0.0015923405044767588
2023,other,46,0.0028816189888134806
2023,chinese,47,0.0008359605479912686
2023,malay,47,0.0016160085613219082
2023,indian,47,0.0008929826940214709
2023,other,47,0.0016160085613219082
2023,chinese,48,0.0004504824807250414
2023,malay,48,0.0008708348107174096
2023,indian,48,0.0004812105789130188
2023,other,48,0.0008708348107174096
2023,chinese,49,0.00023326786528392988
2023,malay,49,0.00045093380098608853
2023,indian,49,0.0002491794227256487
2023,other,49,0.00045093380098608853
2024,chinese,15,0.0002489947171066527
2024,malay,15,0.0004174308992047186
2024,indian,15,0.00022970629298957435
2024,other,15,0.0004174308992047186
2024,chinese,16,0.00048274734456035893
2024,malay,16,0.0008093089703674546
2024,indian,16,0.00044535122776128176
2024,other,16,0.0008093089703674546
2024,chinese,17,0.0008993619824933115
2024,malay,17,0.0015077487804767999
2024,indian,17,0.0008296927318574556
2024,other,17,0.0015077487804767999
2024,chinese,18,0.001610030738857044
2024,malay,18,0.0026991599937458135
2024,indian,18,0.0014853093949929255
2024,other,18,0.0026991599937458135
2024,chinese,19,0.002769612126336316
2024,malay,19,0.004643157468476151
2024,indian,19,0.0025550635850927843
2024,other,19,0.004643157468476151
2024,chinese,20,0.0045781392791872984
2024,malay,20,0.007675089729622765
2024,indian,20,0.004223492830820299
2024,other,20,0.007675089729622765
2024,chinese,21,0.007271841904996894
2024,malay,21,0.012190987586203307
2024,indian,21,0.00670852725958679
2024,other,21,0.012190987586203307
2024,chinese,22,0.011099038040174243
2024,malay,22,0.01860714750599632
2024,indian,22,0.010239248902885967
2024,other,22,0.01860714750599632
2024,chinese,23,0.01627840433911008
2024,malay,23,0.02729017322075208
2024,indian,23,0.015017394585607744
2024,other,23,0.02729017322075208
2024,chinese,24,0.022941615228580577
2024,malay,24,0.03846081228290922
2024,indian,24,0.021164438549486034
2024,other,24,0.03846081228290922
2024,chinese,25,0.03106861534609497
2024,malay,25,0.05208544258154236
2024,indian,25,0.028661879024580304
2024,other,25,0.05208544258154236
2024,chinese,26,0.040430175008766334
2024,malay,26,0.06777976860322131
2024,indian,26,0.03729824364990639
2024,other,26,0.06777976860322131
2024,chinese,27,0.050556292906273365
2024,malay,27,0.08475584965637396
2024,indian,27,0.04663993985792434
2024,other,27,0.08475584965637396
2024,chinese,28,0.06074782735447341
2024,malay,28,0.10184159925951022
2024,indian,28,0.05604198511083157
2024,other,28,0.10184159925951022
2024,chinese,29,0.07014104786049986
2024,malay,29,0.11758900357323032
2024,indian,29,0.06470755796613348
2024,other,29,0.11758900357323032
2024,chinese,30,0.07782152795521602
2024,malay,30,0.13046505873422412
2024,indian,30,0.0717930681787127
2024,other,30,0.13046505873422412
2024,chinese,31,0.08296850900856245
2024,malay,31,0.13909379172203196
2024,indian,31,0.07654133734518409
2024,other,31,0.13909379172203196
2024,chinese,32,0.0849988129886961
2024,malay,32,0.14249752504591245
2024,indian,32,0.0784143634331983
2024,other,32,0.14249752504591245
2024,chinese,33,0.0836755324669076
2024,malay,33,0.14027909172118588
2024,indian,33,0.07719359109401994
2024,other,33,0.14027909172118588
2024,chinese,34,0.07915350552695351
2024,malay,34,0.13269807235777317
2024,indian,34,0.07302186384917675
2024,other,34,0.13269807235777317
2024,chinese,35,0.07194951231576098
2024,malay,35,0.12062083072406929
2024,indian,35,0.0663759293711521
2024,other,35,0.12062083072406929
2024,chinese,36,0.06284512085021919
2024,malay,36,0.10535763815382287
2024,indian,36,0.05797681135862121
2024,other,36,0.10535763815382287
2024,chinese,37,0.05274742407482336
2024,malay,37,0.08842920411381627
2024,indian,37,0.04866133462497053
2024,other,37,0.08842920411381627
2024,chinese,38,0.04254190015914384
2024,malay,38,0.07132000165972317
2024,indian,38,0.03924638360139898
2024,other,38,0.07132000165972317
2024,chinese,39,0.03296995854993842
2024,malay,39,0.05527297769272785
2024,indian,39,0.030415934307884675
2024,other,39,0.05527297769272785
2024,chinese,40,0.02455306696782374
2024,malay,40,0.04116235453390065
2024,indian,40,0.0226510588667942
2024,other,40,0.04116235453390065
2024,chinese,41,0.017570287096680015
2024,malay,41,0.02945596929637123
2024,indian,41,0.016209201394470397
2024,other,41,0.02945596929637123
2024,chinese,42,0.012081967215959074
2024,malay,42,0.02025499375137135
2024,indian,42,0.011146035279177317
2024,other,42,0.02025499375137135
2024,chinese,43,0.00798329261301899
2024,malay,43,0.013383709713967528
2024,indian,43,0.007364865300343549
2024,other,43,0.013383709713967528
2024,chinese,44,0.005068879276337524
2024,malay,44,0.008497798101376677
2024,indian,44,0.004676217558786349
2024,other,44,0.008497798101376677
2024,chinese,45,0.0030926249106623988
2024,malay,45,0.005184677058058857
2024,indian,45,0.00285305412134984
2024,other,45,0.005184677058058857
2024,chinese,46,0.0018131253966390192
2024,malay,46,0.003039641055379307
2024,indian,46,0.001672671285667502
2024,other,46,0.003039641055379307
2024,chinese,47,0.0010214417411447453
2024,malay,47,0.0017124112087432408
2024,indian,47,0.0009423155582962642
2024,other,47,0.0017124112087432408
2024,chinese,48,0.0005529481390308757
2024,malay,48,0.0009269981370342381
2024,indian,48,0.000510113904054684
2024,other,48,0.0009269981370342381
2024,chinese,49,0.00028763392106340196
2024,malay,49,0.00048220816773331826
2024,indian,49,0.00026535230350782646
2024,other,49,0.00048220816773331826
2025,chinese,15,0.00019822764733646946
2025,malay,15,0.0003829808884684743
2025,indian,15,0.00020968750957751285
2025,other,15,0.0003829808884684743
2025,chinese,16,0.0003860293326562307
2025,malay,16,0.00074581855145882
2025,indian,16,0.00040834631534095856
2025,other,16,0.00074581855145882
2025,chinese,17,0.0007223725598552854
2025,malay,17,0.0013956422754139452
2025,indian,17,0.0007641340907713032
2025,other,17,0.0013956422754139452
2025,chinese,18,0.001298934256260424
2025,malay,18,0.0025095742304823854
2025,indian,18,0.0013740277552598342
2025,other,18,0.0025095742304823854
2025,chinese,19,0.002244389499284746
2025,malay,19,0.004336217959780259
2025,indian,19,0.0023741413014306397
2025,other,19,0.004336217959780259
2025,chinese,20,0.003726443468239651
2025,malay,20,0.007199584162301659
2025,indian,20,0.003941875217387015
2025,other,20,0.007199584162301659
2025,chinese,21,0.005945333383051398
2025,malay,21,0.01148653627219535
2025,indian,21,0.006289042761951496
2025,other,21,0.01148653627219535
2025,chinese,22,0.009114720603625564
2025,malay,22,0.017609873505653035
2025,indian,22,0.00964165740526076
2025,other,22,0.017609873505653035
2025,chinese,23,0.013427528374757617
2025,malay,23,0.02594232850966303
2025,indian,23,0.014203795598225356
2025,other,23,0.02594232850966303
2025,chinese,24,0.01900791388251767
2025,malay,24,0.03672377614562733
2025,indian,24,0.020106792255490183
2025,other,24,0.03672377614562733
2025,chinese,25,0.02585583520037451
2025,malay,25,0.04995413541041448
2025,indian,25,0.02735060302668316
2025,other,25,0.04995413541041448
2025,chinese,26,0.033796248551345935
2025,malay,26,0.0652952172464924
2025,indian,26,0.03575006456977997
2025,other,26,0.0652952172464924
2025,chinese,27,0.042448689852773086
2025,malay,27,0.08201195530784476
2025,indian,27,0.044902717555578085
2025,other,27,0.08201195530784476
2025,chinese,28,0.051232554308491156
2025,malay,28,0.09898260626718068
2025,indian,28,0.05419439148166567
2025,other,28,0.09898260626718068
2025,chinese,29,0.0594174068916856
2025,malay,29,0.11479595095655486
2025,indian,29,0.0628524236860027
2025,other,29,0.11479595095655486
2025,chinese,30,0.06621667669953775
2025,malay,30,0.1279323142587339
2025,indian,30,0.07004477032438097
2025,other,30,0.1279323142587339
2025,chinese,31,0.07090993588149602
2025,malay,31,0.13699981112645523
2025,indian,31,0.07500935444213623
2025,other,31,0.13699981112645523
2025,chinese,32,0.07296806788315337
2025,malay,32,0.14097617483339164
2025,indian,32,0.07718647039749424
2025,other,32,0.14097617483339164
2025,chinese,33,0.07215138121220618
2025,malay,33,0.1393983152812939
2025,indian,33,0.07632256974368995
2025,other,33,0.1393983152812939
2025,chinese,34,0.06855553080150131
2025,malay,34,0.13245104024879586
2025,indian,34,0.0725188373805946
2025,other,34,0.13245104024879586
2025,chinese,35,0.06259308836109266
2025,malay,35,0.12093144883986462
2025,indian,35,0.06621169645889259
2025,other,35,0.12093144883986462
2025,chinese,36,0.054915668638780876
2025,malay,36,0.10609847742591494
2025,indian,36,0.058090432633265486
2025,other,36,0.10609847742591494
2025,chinese,37,0.04629692580839316
2025,malay,37,0.08944684567315335
2025,indian,37,0.04897342628184847
2025,other,37,0.08944684567315335
2025,chinese,38,0.03750541503482337
2025,malay,38,0.07246142183201353
2025,indian,38,0.0396736639918555
2025,other,38,0.07246142183201353
2025,chinese,39,0.029195888210665984
2025,malay,39,0.056407203317949954
2025,indian,39,0.030883749926197628
2025,other,39,0.056407203317949954
2025,chinese,40,0.021839125576131567
2025,malay,40,0.04219374960509187
2025,indian,40,0.02310168089538279
2025,other,40,0.04219374960509187
2025,chinese,41,0.015697647382136515
2025,malay,41,0.030328256537651026
2025,indian,41,0.016605153872401274
2025,other,41,0.030328256537651026
2025,chinese,42,0.010842254257029295
2025,malay,42,0.020947512741802253
2025,indian,42,0.011469062584916173
2025,other,42,0.020947512741802253
2025,chinese,43,0.007195984439626971
2025,malay,43,0.013902826125034805
2025,indian,43,0.007611995987334248
2025,other,43,0.013902826125034805
2025,chinese,44,0.004589299065517048
2025,malay,44,0.00886664326180446
2025,indian,44,0.004854613898137264
2025,other,44,0.00886664326180446
2025,chinese,45,0.0028124701234807704
2025,malay,45,0.005433764266260041
2025,indian,45,0.0029750635891512387
2025,other,45,0.005433764266260041
2025,chinese,46,0.0016562076186087394
2025,malay,46,0.0031998355112714634
2025,indian,46,0.00175195567094579
2025,other,46,0.0031998355112714634
2025,chinese,47,0.0009371882199696739
2025,malay,47,0.0018106716291544235
2025,indian,47,0.000991368593086604
2025,other,47,0.0018106716291544235
2025,chinese,48,0.0005095935450486739
2025,malay,48,0.0009845477725378556
2025,indian,48,0.0005390539755368096
2025,other,48,0.0009845477725378556
2025,chinese,49,0.00026626000299222587
2025,malay,49,0.0005144211409445539
2025,indian,49,0.00028165292620747976
2025,other,49,0.0005144211409445539
2026,chinese,15,0.00018758603022773492
2026,malay,15,0.000350696036223027
2026,indian,15,0.00019138289363977641
2026,other,15,0.000350696036223027
2026,chinese,16,0.0003669522789643301
2026,malay,16,0.0006860250177455387
2026,indian,16,0.00037437963205812626
2026,other,16,0.0006860250177455387
2026,chinese,17,0.0006897687651156581
2026,malay,17,0.0012895372408214024
2026,indian,17,0.0007037301341144967
2026,other,17,0.0012895372408214024
2026,chinese,18,0.0012458978586989211
2026,malay,18,0.0023292322997294688
2026,indian,18,0.0012711156427156296
2026,other,18,0.0023292322997294688
2026,chinese,19,0.0021624519582487682
2026,malay,19,0.0040427495019745895
2026,indian,19,0.0022062213941209615
2026,other,19,0.0040427495019745895
2026,chinese,20,0.0036065813622470403
2026,malay,20,0.006742579852670059
2026,indian,20,0.0036795809177056315
2026,other,20,0.006742579852670059
2026,chinese,21,0.005780033481202067
2026,malay,21,0.01080589438687449
2026,indian,21,0.005897025122949098
2026,other,21,0.01080589438687449
2026,chinese,22,0.008901238449853924
2026,malay,22,0.016641052844127164
2026,indian,22,0.00908140531276518
2026,other,22,0.016641052844127164
2026,chinese,23,0.013172132053076206
2026,malay,23,0.024625578429331888
2026,indian,23,0.013438744583818432
2026,other,23,0.024625578429331888
2026,chinese,24,0.018730413530028786
2026,malay,24,0.035016902771622595
2026,indian,24,0.01910952929754215
2026,other,24,0.035016902771622595
2026,chinese,25,0.025593187924451855
2026,malay,25,0.047847004110699885
2026,indian,25,0.026111210714901023
2026,other,25,0.047847004110699885
2026,chinese,26,0.033603708365297365
2026,malay,26,0.06282284086825339
2026,indian,26,0.034283869306099904
2026,other,26,0.06282284086825339
2026,chinese,27,0.04239707472613906
2026,malay,27,0.07926222456894935
2026,indian,27,0.043255219128522523
2026,other,27,0.07926222456894935
2026,chinese,28,0.05140087310052848
2026,malay,28,0.09609501535308339
2026,indian,28,0.05244126024548513
2026,other,28,0.09609501535308339
2026,chinese,29,0.059881278162047094
2026,malay,29,0.11194931131014212
2026,indian,29,0.06109331422807895
2026,other,29,0.11194931131014212
2026,chinese,30,0.06703438433752272
2026,malay,30,0.12532219403161282
2026,indian,30,0.06839120393080945
2026,other,30,0.12532219403161282
2026,chinese,31,0.07210912272745516
2026,malay,31,0.13480952438375865
2026,indian,31,0.07356865833053763
2026,other,31,0.13480952438375865
2026,chinese,32,0.07453647317828946
2026,malay,32,0.13934750719942093
2026,indian,32,0.0760451399352419
2026,other,32,0.13934750719942093
2026,chinese,33,0.07403439218561737
2026,malay,33,0.1384088562040389
2026,indian,33,0.07553289649631172
2026,other,33,0.1384088562040389
2026,chinese,34,0.07066172537806427
2026,malay,34,0.13210358454029128
2026,indian,34,0.07209196471621744
2026,other,34,0.13210358454029128
2026,chinese,35,0.06480686240632443
2026,malay,35,0.1211577948440895
2026,indian,35,0.06611859550511144
2026,other,35,0.1211577948440895
2026,chinese,36,0.05711415684598306
2026,malay,36,0.1067761197024633
2026,indian,36,0.058270184574566286
2026,other,36,0.1067761197024633
2026,chinese,37,0.048367376403347775
2026,malay,37,0.09042382935748772
2026,indian,37,0.04934636359967237
2026,other,37,0.09042382935748772
2026,chinese,38,0.039359288536656864
2026,malay,38,0.07358301927711017
2026,indian,38,0.04015594616829068
2026,other,38,0.07358301927711017
2026,chinese,39,0.03077711087426516
2026,malay,39,0.057538457298221504
2026,indian,39,0.031400059641105496
2026,other,39,0.057538457298221504
2026,chinese,40,0.023125668864917556
2026,malay,40,0.04323392523466156
2026,indian,40,0.02359374746269797
2026,other,40,0.04323392523466156
2026,chinese,41,0.01669731093582582
2026,malay,41,0.031215974631312093
2026,indian,41,0.017035275382830485
2026,other,41,0.031215974631312093
2026,chinese,42,0.011584691421282158
2026,malay,42,0.021657824718494843
2026,indian,42,0.01181917311985991
2026,other,42,0.021657824718494843
2026,chinese,43,0.007723391063660761
2026,malay,43,0.014439042336670291
2026,indian,43,0.007879717528434822
2026,other,43,0.014439042336670291
2026,chinese,44,0.004947856638883264
2026,malay,44,0.009250122244975139
2026,indian,44,0.005048004479409529
2026,other,44,0.009250122244975139
2026,chinese,45,0.0030458717704166726
2026,malay,45,0.005694321455771227
2026,indian,45,0.0031075221985899493
2026,other,45,0.005694321455771227
2026,chinese,46,0.0018017371749951359
2026,malay,46,0.0033683856138933665
2026,indian,46,0.001838205508748715
2026,other,46,0.0033683856138933665
2026,chinese,47,0.0010241332337540094
2026,malay,47,0.0019146386604896527
2026,indian,47,0.001044862357343733
2026,other,47,0.0019146386604896527
2026,chinese,48,0.0005593795029032921
2026,malay,48,0.0010457717676227436
2026,indian,48,0.0005707017083225389
2026,other,48,0.0010457717676227436
2026,chinese,49,0.0002935902108899263
2026,malay,49,0.0005488730856342669
2026,indian,49,0.0002995326679508716
2026,other,49,0.0005488730856342669
2027,chinese,15,0.00016487789223862168
2027,malay,15,0.0003214974649390512
2027,indian,15,0.00017452713596531104
2027,other,15,0.0003214974649390512
2027,chinese,16,0.00032398034129126725
2027,malay,16,0.0006317333209505478
2027,indian,16,0.00034294082916098756
2027,other,16,0.0006317333209505478
2027,chinese,17,0.000611729905678974
2027,malay,17,0.001192819796716969
2027,indian,17,0.0006475305268214271
2027,other,17,0.001192819796716969
2027,chinese,18,0.0011099048032034286
2027,malay,18,0.00216421726229463
2027,indian,18,0.0011748604004282721
2027,other,18,0.00216421726229463
2027,chinese,19,0.0019350707485830205
2027,malay,19,0.00377321866322006
2027,indian,19,0.002048318007071997
2027,other,19,0.00377321866322006
2027,chinese,20,0.003241852039102153
2027,malay,20,0.006321327851343649
2027,indian,20,0.0034315768107282306
2027,other,20,0.006321327851343649
2027,chinese,21,0.00521885069032171
2027,malay,21,0.01017630225649392
2027,indian,21,0.00552427649120006
2027,other,21,0.01017630225649392
2027,chinese,22,0.008073131081446774
2027,malay,22,0.01574189930236032
2027,indian,22,0.00854559957546203
2027,other,22,0.01574189930236032
2027,chinese,23,0.012000371339762537
2027,malay,23,0.023399674217555084
2027,indian,23,0.012702675974398218
2027,other,23,0.023399674217555084
2027,chinese,24,0.017140875702400242
2027,malay,24,0.033423207989471106
2027,indian,24,0.018144021030713726
2027,other,24,0.033423207989471106
2027,chinese,25,0.023526485089419936
2027,malay,25,0.045874587626509845
2027,indian,25,0.024903339108948458
2027,other,25,0.045874587626509845
2027,chinese,26,0.031028935970489478
2027,malay,26,0.060503710466112755
2027,indian,26,0.032844860238406326
2027,other,26,0.060503710466112755
2027,chinese,27,0.039324442707375125
2027,malay,27,0.0766792228412572
2027,indian,27,0.0416258496877029
2027,other,27,0.0766792228412572
2027,chinese,28,0.04788992780917144
2027,malay,28,0.09338116940796413
2027,indian,28,0.05069261760105373
2027,other,28,0.09338116940796413
2027,chinese,29,0.056041757407405864
2027,malay,29,0.10927652393284196
2027,indian,29,0.05932152141186946
2027,other,29,0.10927652393284196
2027,chinese,30,0.06301809975291903
2027,malay,30,0.1228797811565782
2027,indian,30,0.06670614425332234
2027,other,30,0.1228797811565782
2027,chinese,31,0.06809337841852255
2027,malay,31,0.13277613052577864
2027,indian,31,0.07207844637161774
2027,other,31,0.13277613052577864
2027,chinese,32,0.07070180474603814
2027,malay,32,0.13786233365701994
2027,indian,32,0.07483952713348821
2027,other,32,0.13786233365701994
2027,chinese,33,0.07054108988998756
2027,malay,33,0.1375489537484296
2027,indian,33,0.07466940666947239
2027,other,33,0.1375489537484296
2027,chinese,34,0.06763007644219945
2027,malay,34,0.13187273220556264
2027,indian,34,0.07158803030723894
2027,other,34,0.13187273220556264
2027,chinese,35,0.06230510449398887
2027,malay,35,0.12148950278057946
2027,indian,35,0.0659514219627327
2027,other,35,0.12148950278057946
2027,chinese,36,0.05515608061694412
2027,malay,36,0.10754953167801189
2027,indian,36,0.05838401164915046
2027,other,36,0.10754953167801189
2027,chinese,37,0.04691904426860853
2027,malay,37,0.09148803144505106
2027,indian,37,0.04966491448458574
2027,other,37,0.09148803144505106
2027,chinese,38,0.0383522519199984
2027,malay,38,0.0747835358614263
2027,indian,38,0.04059676281966387
2027,other,38,0.0747835358614263
2027,chinese,39,0.030124405729188675
2027,malay,39,0.05873995563160743
2027,indian,39,0.03188739365350015
2027,other,39,0.05873995563160743
2027,chinese,40,0.022736936974030512
2027,malay,40,0.04433503787791326
2027,indian,40,0.0240675838150471
2027,other,40,0.04433503787791326
2027,chinese,41,0.016490400892688033
2027,malay,41,0.032154839019624466
2027,indian,41,0.01745547810955392
2027,other,41,0.032154839019624466
2027,chinese,42,0.011492544180340231
2027,malay,42,0.022409455685738922
2027,indian,42,0.012165128954018408
2027,other,42,0.022409455685738922
2027,chinese,43,0.007696384917267316
2027,malay,43,0.015007277243182668
2027,indian,43,0.008146804878808601
2027,other,43,0.015007277243182668
2027,chinese,44,0.004952710189041412
2027,malay,44,0.009657351563241538
2027,indian,44,0.005242560496276985
2027,other,44,0.009657351563241538
2027,chinese,45,0.003062559176482148
2027,malay,45,0.0059717224553056305
2027,indian,45,0.00324179108877829
2027,other,45,0.0059717224553056305
2027,chinese,46,0.0018197485870901317
2027,malay,46,0.003548350537676599
2027,indian,46,0.001926246780387742
2027,other,46,0.003548350537676599
2027,chinese,47,0.0010390190324912575
2027,malay,47,0.0020259962110985644
2027,indian,47,0.0010998261409825962
2027,other,47,0.0020259962110985644
2027,chinese,48,0.0005700601710996635
2027,malay,48,0.0011115674599116022
2027,indian,48,0.0006034221303965351
2027,other,48,0.0011115674599116022
2027,chinese,49,0.00030054038852051276
2027,malay,49,0.0005860274637748494
2027,indian,49,0.000318129086551364
2027,other,49,0.0005860274637748494
2028,chinese,15,0.0001495260063682557
2028,malay,15,0.00029338245014784946
2028,indian,15,0.0001586753460846238
2028,other,15,0.00029338245014784946
2028,chinese,16,0.00029518300752430515
2028,malay,16,0.0005791735905539251
2028,indian,16,0.0003132449465804964
2028,other,16,0.0005791735905539251
2028,chinese,17,0.0005599519708294879
2028,malay,17,0.0010986722989342734
2028,indian,17,0.0005942148454317249
2028,other,17,0.0010986722989342734
2028,chinese,18,0.0010206930325867066
2028,malay,18,0.002002684549814209
2028,indian,18,0.0010831481701783995
2028,other,18,0.002002684549814209
2028,chinese,19,0.0017878233552876739
2028,malay,19,0.00350785799169984
2028,indian,19,0.0018972183938343373
2028,other,19,0.00350785799169984
2028,chinese,20,0.0030091183747180147
2028,malay,20,0.005904140309782984
2028,indian,20,0.0031932431763211254
2028,other,20,0.005904140309782984
2028,chinese,21,0.004866752570228606
2028,malay,21,0.009548972971300715
2028,indian,21,0.005164544062571855
2028,other,21,0.009548972971300715
2028,chinese,22,0.0075635328673630455
2028,malay,22,0.014840280017482322
2028,indian,22,0.008026337521484482
2028,other,22,0.014840280017482322
2028,chinese,23,0.011295245321741641
2028,malay,23,0.022162209959331332
2028,indian,23,0.011986389552356707
2028,other,23,0.022162209959331332
2028,chinese,24,0.0162088523654355
2028,malay,24,0.03180311530119084
2028,indian,24,0.017200655064549854
2028,other,24,0.03180311530119084
2028,chinese,25,0.022350877464007202
2028,malay,25,0.04385427894860775
2028,indian,25,0.023718504245755664
2028,other,25,0.04385427894860775
2028,chinese,26,0.02961574585358428
2028,malay,26,0.058108554441571605
2028,indian,26,0.03142790232287916
2028,other,26,0.058108554441571605
2028,chinese,27,0.037708271226612175
2028,malay,27,0.07398676171459488
2028,indian,27,0.0400156008473842
2028,other,27,0.07398676171459488
2028,chinese,28,0.04613563220651347
2028,malay,28,0.0905219442732372
2028,indian,28,0.04895862321884093
2028,other,28,0.0905219442732372
2028,chinese,29,0.05424032500680454
2028,malay,29,0.10642402504966748
2028,indian,29,0.057559233682739235
2028,other,29,0.10642402504966748
2028,chinese,30,0.06127651822059466
2028,malay,30,0.12022962084476568
2028,indian,30,0.0650259641895834
2028,other,30,0.12022962084476568
2028,chinese,31,0.06651994724150946
2028,malay,31,0.13051766431423206
2028,indian,31,0.0705902331403286
2028,other,31,0.13051766431423206
2028,chinese,32,0.06938981814682353
2028,malay,32,0.1361485895175405
2028,indian,32,0.07363570844044054
2028,other,32,0.1361485895175405
2028,chinese,33,0.06955456675472362
2028,malay,33,0.1364718399768963
2028,indian,33,0.0738105378431006
2028,other,33,0.1364718399768963
2028,chinese,34,0.0669948776171347
2028,malay,34,0.13144951717805703
2028,indian,34,0.07109422400819701
2028,other,34,0.13144951717805703
2028,chinese,35,0.062007409138081795
2028,malay,35,0.12166368956211697
2028,indian,35,0.06580157755677755
2028,other,35,0.12166368956211697
2028,chinese,36,0.05514823203954017
2028,malay,36,0.10820541409522547
2028,indian,36,0.05852269459586755
2028,other,36,0.10820541409522547
2028,chinese,37,0.04713088524539662
2028,malay,37,0.09247471344133439
2028,indian,37,0.05001477474874686
2028,other,37,0.09247471344133439
2028,chinese,38,0.03870486506338535
2028,malay,38,0.07594216163957299
2028,indian,38,0.0410731752171987
2028,other,38,0.07594216163957299
2028,chinese,39,0.030542981615557463
2028,malay,39,0.05992786806011651
2028,indian,39,0.03241187466994219
2028,other,39,0.05992786806011651
2028,chinese,40,0.023160245658360015
2028,malay,40,0.04544232660465336
2028,indian,40,0.024577396832189943
2028,other,40,0.04544232660465336
2028,chinese,41,0.016875656878492806
2028,malay,41,0.033111441167452516
2028,indian,41,0.01790826064735113
2028,other,41,0.033111441167452516
2028,chinese,42,0.011815821812192701
2028,malay,42,0.023183624293649598
2028,indian,42,0.012538819573007466
2028,other,42,0.023183624293649598
2028,chinese,43,0.00794973806150725
2028,malay,43,0.015598046702153886
2028,indian,43,0.008436174206947651
2028,other,43,0.015598046702153886
2028,chinese,44,0.005139575551204086
2028,malay,44,0.010084274331641328
2028,indian,44,0.005454060795998862
2028,other,44,0.010084274331641328
2028,chinese,45,0.003192913400396077
2028,malay,45,0.006264761423581851
2028,indian,45,0.0033882844271138053
2028,other,45,0.006264761423581851
2028,chinese,46,0.0019060415608065872
2028,malay,46,0.0037398119348941924
2028,indian,46,0.002022670247527389
2028,other,46,0.0037398119348941924
2028,chinese,47,0.0010933590830152367
2028,malay,47,0.0021452613793242854
2028,indian,47,0.0011602605801223436
2028,other,47,0.0021452613793242854
2028,chinese,48,0.0006026683261296411
2028,malay,48,0.0011824853377743556
2028,indian,48,0.0006395449697716505
2028,other,48,0.0011824853377743556
2028,chinese,49,0.00031921175970544793
2028,malay,49,0.0006263199991294155
2028,indian,49,0.0003387439929399259
2028,other,49,0.0006263199991294155
2029,chinese,15,0.00013538402743098007
2029,malay,15,0.000268011312613808
2029,indian,15,0.00014430932703801092
2029,other,15,0.000268011312613808
2029,chinese,16,0.0002684781026195614
2029,malay,16,0.0005314893496414609
2029,indian,16,0.0002861777349120664
2029,other,16,0.0005314893496414609
2029,chinese,17,0.0005116053749773935
2029,malay,17,0.0010127932422299493
2029,indian,17,0.000545333365929417
2029,other,17,0.0010127932422299493
2029,chinese,18,0.0009367986577114699
2029,malay,18,0.0018545218566208151
2029,indian,18,0.0009985578537569696
2029,other,18,0.0018545218566208151
2029,chinese,19,0.0016483236488816877
2029,malay,19,0.0032630834902173415
2029,indian,19,0.0017569906954660684
2029,other,19,0.0032630834902173415
2029,chinese,20,0.0027869162349715747
2029,malay,20,0.0055170841971018516
2029,indian,20,0.002970645902708788
2029,other,20,0.0055170841971018516
2029,chinese,21,0.004527835670166345
2029,malay,21,0.008963473788512916
2029,indian,21,0.004826336835292626
2029,other,21,0.008963473788512916
2029,chinese,22,0.0070687532641864476
2029,malay,22,0.01399356982376363
2029,indian,22,0.0075347664411338205
2029,other,22,0.01399356982376363
2029,chinese,23,0.01060426362649128
2029,malay,23,0.020992599110612926
2029,indian,23,0.01130335813397759
2029,other,23,0.020992599110612926
2029,chinese,24,0.015286351037372137
2029,malay,24,0.030261435446586896
2029,indian,24,0.016294115878585397
2029,other,24,0.030261435446586896
2029,chinese,25,0.021174484417803577
2029,malay,25,0.04191780574432479
2029,indian,25,0.02257042913181093
2029,other,25,0.04191780574432479
2029,chinese,26,0.028184325008806667
2029,malay,26,0.055794749824497586
2029,indian,26,0.03004239903495998
2029,other,26,0.055794749824497586
2029,chinese,27,0.036048589463469345
2029,malay,27,0.07136314352079819
2029,indian,27,0.03842512137404755
2029,other,27,0.07136314352079819
2029,chinese,28,0.04430521150933837
2029,malay,28,0.08770826306156233
2029,indian,28,0.04722606779037428
2029,other,28,0.08770826306156233
2029,chinese,29,0.052324766680099985
2029,malay,29,0.10358407610007177
2029,indian,29,0.05577431850943942
2029,other,29,0.10358407610007177
2029,chinese,30,0.05938076294393402
2029,malay,30,0.11755239168613583
2029,indian,30,0.06329548693483375
2029,other,30,0.11755239168613583
2029,chinese,31,0.06475454584514218
2029,malay,31,0.12819053443003287
2029,indian,31,0.06902354074470486
2029,other,31,0.12819053443003287
2029,chinese,32,0.06785483302815237
2029,malay,32,0.13432797954202685
2029,indian,32,0.07232821682425834
2029,other,32,0.13432797954202685
2029,chinese,33,0.06832464079274447
2029,malay,33,0.13525802866269346
2029,indian,33,0.07282899703911849
2029,other,33,0.13525802866269346
2029,chinese,34,0.06610890691380857
2029,malay,34,0.13087167854026677
2029,indian,34,0.07046718914322342
2029,other,34,0.13087167854026677
2029,chinese,35,0.061465106167603076
2029,malay,35,0.12167863592567904
2029,indian,35,0.06551724214208865
2029,other,35,0.12167863592567904
2029,chinese,36,0.05491403037819317
2029,malay,36,0.10870987990128474
2029,indian,36,0.05853428147468856
2029,other,36,0.10870987990128474
2029,chinese,37,0.04714373651407434
2029,malay,37,0.09332751392034067
2029,indian,37,0.05025172481201109
2029,other,37,0.09332751392034067
2029,chinese,38,0.0388911373864135
2029,malay,38,0.07699035829976689
2029,indian,38,0.04145506652797269
2029,other,38,0.07699035829976689
2029,chinese,39,0.030829267500570016
2029,malay,39,0.06103077745978803
2029,indian,39,0.03286171146260361
2029,other,39,0.06103077745978803
2029,chinese,40,0.023483435499383892
2029,malay,40,0.0464886921470867
2029,indian,40,0.02503159964852061
2029,other,40,0.0464886921470867
2029,chinese,41,0.017188811940014207
2029,malay,41,0.03402761860267222
2029,indian,41,0.018321998028245686
2029,other,41,0.03402761860267222
2029,chinese,42,0.012089708182572002
2029,malay,42,0.02393324102269663
2029,indian,42,0.012886731802998997
2029,other,42,0.02393324102269663
2029,chinese,43,0.008170928791139178
2029,malay,43,0.016175477950702843
2029,indian,43,0.00870960376567272
2029,other,43,0.016175477950702843
2029,chinese,44,0.005306554062554744
2029,malay,44,0.010505054006363423
2029,indian,44,0.005656392856598256
2029,other,44,0.010505054006363423
2029,chinese,45,0.003311610279645559
2029,malay,45,0.006555788262139462
2029,indian,45,0.0035299308192869748
2029,other,45,0.006555788262139462
2029,chinese,46,0.0019858717835239802
2029,malay,46,0.0039313064730351925
2029,indian,46,0.0021167919591564884
2029,other,46,0.0039313064730351925
2029,chinese,47,0.0011443224716998887
2029,malay,47,0.0022653438039440675
2029,indian,47,0.0012197628401154795
2029,other,47,0.0022653438039440675
2029,chinese,48,0.0006336227493175827
2029,malay,48,0.0012543434256537382
2029,indian,48,0.0006753948326482632
2029,other,48,0.0012543434256537382
2029,chinese,49,0.00033713052530696984
2029,malay,49,0.0006673962676709943
2029,indian,49,0.0003593561231277645
2029,other,49,0.0006673962676709943
2030,chinese,15,0.0001226062065876898
2030,malay,15,0.0002450774262821889
2030,indian,15,0.00013116747501353633
2030,other,15,0.0002450774262821889
2030,chinese,16,0.0002442473234313214
2030,malay,16,0.00048822573562007414
2030,indian,16,0.0002613024706085121
2030,other,16,0.00048822573562007414
2030,chinese,17,0.00046755417778617707
2030,malay,17,0.000934593588109807
2030,indian,17,0.0005002022543481947
2030,other,17,0.000934593588109807
2030,chinese,18,0.0008600406666948077
2030,malay,18,0.0017191344464346575
2030,indian,18,0.000920095040854505
2030,other,18,0.0017191344464346575
2030,chinese,19,0.0015201662486034736
2030,malay,19,0.0030386588256633654
2030,indian,19,0.0016263154531863451
2030,other,19,0.0030386588256633654
2030,chinese,20,0.0025819532034203705
2030,malay,20,0.005161063729858935
2030,indian,20,0.002762244194004493
2030,other,20,0.005161063729858935
2030,chinese,21,0.004213965243823166
2030,malay,21,0.008423290999221492
2030,indian,21,0.004508215335997376
2030,other,21,0.008423290999221492
2030,chinese,22,0.0066087442434041264
2030,malay,22,0.013210212396321995
2030,indian,22,0.007070215444579285
2030,other,22,0.013210212396321995
2030,chinese,23,0.00995938351877041
2030,malay,23,0.019907801962633854
2030,indian,23,0.01065482103399247
2030,other,23,0.019907801962633854
2030,chinese,24,0.014422202113619012
2030,malay,24,0.0288285256815227
2030,indian,24,0.015429266494965763
2030,other,24,0.0288285256815227
2030,chinese,25,0.02006856837670167
2030,malay,25,0.040115041675418704
2030,indian,25,0.02146990364003938
2030,other,25,0.040115041675418704
2030,chinese,26,0.02683409651414314
2030,malay,26,0.05363864924399644
2030,indian,26,0.028707850784962564
2030,other,26,0.05363864924399644
2030,chinese,27,0.034478105893751575
2030,malay,27,0.06891825210726162
2030,indian,27,0.036885621203019824
2030,other,27,0.06891825210726162
2030,chinese,28,0.0425682420515262
2030,malay,28,0.08508961735051965
2030,indian,28,0.045540670256935784
2030,other,28,0.08508961735051965
2030,chinese,29,0.0505026276159733
2030,malay,29,0.10094965288529892
2030,indian,29,0.05402909306388423
2030,other,29,0.10094965288529892
2030,chinese,30,0.05757424037469401
2030,malay,30,0.11508509270360882
2030,indian,30,0.06159449791287525
2030,other,30,0.11508509270360882
2030,chinese,31,0.0630708191378222
2030,malay,31,0.12607219861052993
2030,indian,31,0.06747488829145613
2030,other,31,0.12607219861052993
2030,chinese,32,0.06639184845274197
2030,malay,32,0.13271060085590172
2030,indian,32,0.07102781633488602
2030,other,32,0.13271060085590172
2030,chinese,33,0.06715635170520705
2030,malay,33,0.13423876565859055
2030,indian,33,0.07184570283554828
2030,other,33,0.13423876565859055
2030,chinese,34,0.06527478920898994
2030,malay,34,0.1304777122274808
2030,indian,34,0.06983275578679957
2030,other,34,0.1304777122274808
2030,chinese,35,0.06096630902641834
2030,malay,35,0.12186549540975178
2030,indian,35,0.06522342578286063
2030,other,35,0.12186549540975178
2030,chinese,36,0.05471675762644611
2030,malay,36,0.10937327323641503
2030,indian,36,0.058537484671752356
2030,other,36,0.10937327323641503
2030,chinese,37,0.04718856890408201
2030,malay,37,0.09432518417149456
2030,indian,37,0.05048362236232972
2030,other,37,0.09432518417149456
2030,chinese,38,0.039105624505694575
2030,malay,38,0.07816819452903283
2030,indian,38,0.041836267249413785
2030,other,38,0.07816819452903283
2030,chinese,39,0.031140642487079186
2030,malay,39,0.0622469997719791
2030,indian,39,0.03331511151850238
2030,other,39,0.0622469997719791
2030,chinese,40,0.023828778613727616
2030,malay,40,0.047631322235906944
2030,indian,40,0.02549267945243668
2030,other,40,0.047631322235906944
2030,chinese,41,0.01752111764158176
2030,malay,41,0.03502294489565794
2030,indian,41,0.0187445711308073
2030,other,41,0.03502294489565794
2030,chinese,42,0.012379627230519791
2030,malay,42,0.0247456247479507
2030,indian,42,0.013244063988512111
2030,other,42,0.0247456247479507
2030,chinese,43,0.008405024597743992
2030,malay,43,0.0168007954375485
2030,indian,43,0.008991925324141264
2030,other,43,0.0168007954375485
2030,chinese,44,0.005483476422837929
2030,malay,44,0.010960915651745761
2030,indian,44,0.005866373136383504
2030,other,44,0.010960915651745761
2030,chinese,45,0.0034376245746013195
2030,malay,45,0.0068714643957697085
2030,indian,45,0.003677664842949393
2030,other,45,0.0068714643957697085
2030,chinese,46,0.0020708387217330377
2030,malay,46,0.0041393974929388915
2030,indian,46,0.002215439934484151
2030,other,46,0.0041393974929388915
2030,chinese,47,0.001198724442169178
2030,malay,47,0.0023961291135637464
2030,indian,47,0.0012824282121793324
2030,other,47,0.0023961291135637464
2030,chinese,48,0.0006667723357988961
2030,malay,48,0.0013328105690708486
2030,indian,48,0.000713331291536755
2030,other,48,0.0013328105690708486
2030,chinese,49,0.00035638611965928225
2030,malay,49,0.0007123798655847383
2030,indian,49,0.0003812716235710828
2030,other,49,0.0007123798655847383
2031,chinese,15,0.00011104286694504165
2031,malay,15,0.0002241344854103167
2031,indian,15,0.00011915185388254179
2031,other,15,0.0002241344854103167
2031,chinese,16,0.0002222047220310958
2031,malay,16,0.00044850914244524547
2031,indian,16,0.00023843138510250945
2031,other,16,0.00044850914244524547
2031,chinese,17,0.00042726828343925
2031,malay,17,0.0008624197075909686
2031,indian,17,0.00045846986373464867
2031,other,17,0.0008624197075909686
2031,chinese,18,0.0007894650867601432
2031,malay,18,0.001593495879910698
2031,indian,18,0.0008471163547098335
2031,other,18,0.001593495879910698
2031,chinese,19,0.0014016843995724184
2031,malay,19,0.002829230010436623
2031,indian,19,0.001504043432613739
2031,other,19,0.002829230010436623
2031,chinese,20,0.002391402720467199
2031,malay,20,0.00482692704994754
2031,indian,20,0.0025660366609990873
2031,other,20,0.00482692704994754
2031,chinese,21,0.003920491233127751
2031,malay,21,0.007913315904637525
2031,indian,21,0.004206787985658026
2031,other,21,0.007913315904637525
2031,chinese,22,0.006176090571283356
2031,malay,22,0.012466130604563929
2031,indian,22,0.006627104122582797
2031,other,22,0.012466130604563929
2031,chinese,23,0.009349154354050485
2031,malay,23,0.018870801500503725
2031,indian,23,0.010031883219211987
2031,other,23,0.018870801500503725
2031,chinese,24,0.01359930152452592
2031,malay,24,0.027449511463423695
2031,indian,24,0.014592400509227799
2031,other,24,0.027449511463423695
2031,chinese,25,0.01900844371678528
2031,malay,25,0.038367595038961456
2031,indian,25,0.020396549283961483
2031,other,25,0.038367595038961456
2031,chinese,26,0.025530674062929956
2031,malay,26,0.05153239150521447
2031,indian,26,0.02739507029276016
2031,other,26,0.05153239150521447
2031,chinese,27,0.032950638228147054
2031,malay,27,0.06650921888447356
2031,indian,27,0.035356882792298844
2031,other,27,0.06650921888447356
2031,chinese,28,0.04086497797096267
2031,malay,28,0.08248391869564055
2031,indian,28,0.04384917300918853
2031,other,28,0.08248391869564055
2031,chinese,29,0.04869951604828773
2031,malay,29,0.09829754282746232
2031,indian,29,0.052255833985338056
2031,other,29,0.09829754282746232
2031,chinese,30,0.055767862678850144
2031,malay,30,0.11256464776025327
2031,indian,30,0.05984035182143429
2031,other,30,0.11256464776025327
2031,chinese,31,0.06136621893806173
2031,malay,31,0.12386465048733564
2031,indian,31,0.06584753215936753
2031,other,31,0.12386465048733564
2031,chinese,32,0.0648874581957656
2031,malay,32,0.1309720962039765
2031,indian,32,0.06962591250078158
2031,other,32,0.1309720962039765
2031,chinese,33,0.065929260424639
2031,malay,33,0.13307492201253052
2031,indian,33,0.07074379310278969
2031,other,33,0.13307492201253052
2031,chinese,34,0.06436973104703649
2031,malay,34,0.12992708979108572
2031,indian,34,0.0690703779466627
2031,other,34,0.12992708979108572
2031,chinese,35,0.0603908619434105
2031,malay,35,0.12189594106815516
2031,indian,35,0.06480094900362537
2031,other,35,0.12189594106815516
2031,chinese,36,0.05444359445070847
2031,malay,36,0.10989167842844856
2031,indian,36,0.05841937793304464
2031,other,36,0.10989167842844856
2031,chinese,37,0.04716375304720571
2031,malay,37,0.09519768185097938
2031,indian,37,0.05060792076283718
2031,other,37,0.09519768185097938
2031,chinese,38,0.03926050615703749
2031,malay,38,0.07924537240929995
2031,indian,38,0.04212753346230896
2031,other,38,0.07924537240929995
2031,chinese,39,0.031404317600183945
2031,malay,39,0.0633880478650023
2031,indian,39,0.033697640964457626
2031,other,39,0.0633880478650023
2031,chinese,40,0.02413841250442221
2031,malay,40,0.04872218102922646
2031,indian,40,0.025901137811102433
2031,other,40,0.04872218102922646
2031,chinese,41,0.01782846141386945
2031,malay,41,0.03598585964673481
2031,indian,41,0.019130397906488513
2031,other,41,0.03598585964673481
2031,chinese,42,0.012653328212883234
2031,malay,42,0.025540111542023392
2031,indian,42,0.013577346801532919
2031,other,42,0.025540111542023392
2031,chinese,43,0.008629414888800296
2031,malay,43,0.017418043308001466
2031,indian,43,0.00925958425074755
2031,other,43,0.017418043308001466
2031,chinese,44,0.0056551419033079595
2031,malay,44,0.011414621715842201
2031,indian,44,0.006068112795407946
2031,other,44,0.011414621715842201
2031,chinese,45,0.003561157231186875
2031,malay,45,0.007188018154037216
2031,indian,45,0.003821213354236821
2031,other,45,0.007188018154037216
2031,chinese,46,0.002154885357321258
2031,malay,46,0.004349528555674536
2031,indian,46,0.002312247443649386
2031,other,46,0.004349528555674536
2031,chinese,47,0.001252975146258669
2031,malay,47,0.0025290678038562935
2031,indian,47,0.0013444745768258978
2031,other,47,0.0025290678038562935
2031,chinese,48,0.0007000771222118038
2031,malay,48,0.001413070734315047
2031,indian,48,0.0007512007683805206
2031,other,48,0.001413070734315047
2031,chinese,49,0.0003758671112481736
2031,malay,49,0.0007586690066635874
2031,indian,49,0.000403315083181894
2031,other,49,0.0007586690066635874
2032,chinese,15,0.0001003415129285214
2032,malay,15,0.00020534269933722958
2032,indian,15,0.00010831248659844265
2032,other,15,0.00020534269933722958
2032,chinese,16,0.0002016747573857611
2032,malay,16,0.000412714915901989
2032,indian,16,0.00021769548633525178
2032,other,16,0.000412714915901989
2032,chinese,17,0.0003894997462147347
2032,malay,17,0.0007970871371639987
2032,indian,17,0.00042044100004783464
2032,other,17,0.0007970871371639987
2032,chinese,18,0.0007228491918193018
2032,malay,18,0.0014792661574441891
2032,indian,18,0.0007802712069669103
2032,other,18,0.0014792661574441891
2032,chinese,19,0.001289060332429986
2032,malay,19,0.002637982232321722
2032,indian,19,0.001391461279643716
2032,other,19,0.002637982232321722
2032,chinese,20,0.0022089401188347467
2032,malay,20,0.00452045931377319
2032,indian,20,0.0023844148850783765
2032,other,20,0.00452045931377319
2032,chinese,21,0.0036373066579171165
2032,malay,21,0.007443523080881094
2032,indian,21,0.003926248639690301
2032,other,21,0.007443523080881094
2032,chinese,22,0.00575521140823477
2032,malay,22,0.0117776841442006
2032,indian,22,0.0062123964482146705
2032,other,22,0.0117776841442006
2032,chinese,23,0.008750404689495887
2032,malay,23,0.017907161919256852
2032,indian,23,0.009445523223644493
2032,other,23,0.017907161919256852
2032,chinese,24,0.012784406918684457
2032,malay,24,0.026162497948165067
2032,indian,24,0.01379998031358617
2032,other,24,0.026162497948165067
2032,chinese,25,0.017948109407309017
2032,malay,25,0.036729695677621924
2032,indian,25,0.019373879293920534
2032,other,25,0.036729695677621924
2032,chinese,26,0.024212664528470366
2032,malay,26,0.049549720223619094
2032,indian,26,0.026136080927150307
2032,other,26,0.049549720223619094
2032,chinese,27,0.031387178995922894
2032,malay,27,0.0642319202840285
2032,indian,27,0.033880527661373325
2032,other,27,0.0642319202840285
2032,chinese,28,0.03909739894728588
2032,malay,28,0.08001040847988082
2032,indian,28,0.04220323548966713
2032,other,28,0.08001040847988082
2032,chinese,29,0.04679822494617242
2032,malay,29,0.09576967253307611
2032,indian,29,0.0505158031245154
2032,other,29,0.09576967253307611
2032,chinese,30,0.053826590319366256
2032,malay,30,0.11015278751249669
2032,indian,30,0.05810249090781903
2032,other,30,0.11015278751249669
2032,chinese,31,0.059490876330927624
2032,malay,31,0.12174439845681913
2032,indian,31,0.06421673898731554
2032,other,31,0.12174439845681913
2032,chinese,32,0.06318149424373944
2032,malay,32,0.12929701972314347
2032,indian,32,0.06820053384504465
2032,other,32,0.12929701972314347
2032,chinese,33,0.06447857980313786
2032,malay,33,0.13195142508603594
2032,indian,33,0.06960065786320105
2032,other,33,0.13195142508603594
2032,chinese,34,0.06323056788777524
2032,malay,34,0.12939744590009183
2032,indian,34,0.06825350582301104
2032,other,34,0.12939744590009183
2032,chinese,35,0.0595833264598104
2032,malay,35,0.12193359192684769
2032,indian,35,0.06431653321059752
2032,other,35,0.12193359192684769
2032,chinese,36,0.053952110664891986
2032,malay,36,0.1104096571352455
2032,indian,36,0.05823798239430152
2032,other,36,0.1104096571352455
2032,chinese,37,0.04694378905799264
2032,malay,37,0.09606756048369017
2032,indian,37,0.05067293062290157
2032,other,37,0.09606756048369017
2032,chinese,38,0.03924947185627625
2032,malay,38,0.08032161628128594
2032,indian,38,0.04236738883394388
2032,other,38,0.08032161628128594
2032,chinese,39,0.031533736026646685
2032,malay,39,0.06453184018175927
2032,indian,39,0.03403872695459593
2032,other,39,0.06453184018175927
2032,chinese,40,0.024344615619749307
2032,malay,40,0.04981974996976227
2032,indian,40,0.026278514007823318
2032,other,40,0.04981974996976227
2032,chinese,41,0.018059937365115103
2032,malay,41,0.0369585446758788
2032,indian,41,0.01949459069070634
2032,other,41,0.0369585446758788
2032,chinese,42,0.012874053602606725
2032,malay,42,0.02634595434149594
2032,indian,42,0.013896748390601735
2032,other,42,0.02634595434149594
2032,chinese,43,0.008818608526438123
2032,malay,43,0.01804673685264311
2032,indian,43,0.00951914506727795
2032,other,43,0.01804673685264311
2032,chinese,44,0.005804574717592968
2032,malay,44,0.011878703103313282
2032,indian,44,0.006265681102065997
2032,other,44,0.011878703103313282
2032,chinese,45,0.003671353841677168
2032,malay,45,0.0075131985363737774
2032,indian,45,0.003963000478755676
2032,other,45,0.0075131985363737774
2032,chinese,46,0.00223134884419989
2032,malay,46,0.004566317384086152
2032,indian,46,0.002408603724721738
2032,other,46,0.004566317384086152
2032,chinese,47,0.0013031487126415125
2032,malay,47,0.002666813230953214
2032,indian,47,0.001406668818859731
2032,other,47,0.002666813230953214
2032,chinese,48,0.000731316956184631
2032,malay,48,0.001496594913423451
2032,indian,48,0.0007894116373587844
2032,other,48,0.001496594913423451
2032,chinese,49,0.0003943686039539211
2032,malay,49,0.0008070509533520772
2032,indian,49,0.0004256966322705719
2032,other,49,0.0008070509533520772
2033,chinese,15,9.048267022451284e-05
2033,malay,15,0.00018756494880338374
2033,indian,15,9.834361028582863e-05
2033,other,15,0.00018756494880338374
2033,chinese,16,0.00018268864378084062
2033,malay,16,0.0003787021982517699
2033,indian,16,0.00019856024079583677
2033,other,16,0.0003787021982517699
2033,chinese,17,0.00035443974490176843
2033,malay,17,0.0007347315507094111
2033,indian,17,0.00038523270871580534
2033,other,17,0.0007347315507094111
2033,chinese,18,0.0006607819137141707
2033,malay,18,0.0013697598170839972
2033,indian,18,0.0007181892272297859
2033,other,18,0.0013697598170839972
2033,chinese,19,0.001183746990228224
2033,malay,19,0.002453833900650801
2033,indian,19,0.0012865883864299256
2033,other,19,0.002453833900650801
2033,chinese,20,0.002037721219235837
2033,malay,20,0.004224069373872153
2033,indian,20,0.002214754062390643
2033,other,20,0.004224069373872153
2033,chinese,21,0.0033706674759635398
2033,malay,21,0.006987184076173034
2033,indian,21,0.0036635038271612933
2033,other,21,0.006987184076173034
2033,chinese,22,0.005357626447633635
2033,malay,22,0.011106026467439696
2033,indian,22,0.005823085526938729
2033,other,22,0.011106026467439696
2033,chinese,23,0.008183035424986725
2033,malay,23,0.016962923582333683
2033,indian,23,0.00889395996817088
2033,other,23,0.016962923582333683
2033,chinese,24,0.012009972460887534
2033,malay,24,0.024895926083602127
2033,indian,24,0.013053373074715944
2033,other,24,0.024895926083602127
2033,chinese,25,0.01693773206036575
2033,malay,25,0.03511086530564464
2033,indian,25,0.018409245844947797
2033,other,25,0.03511086530564464
2033,chinese,26,0.022953781898398175
2033,malay,26,0.0475817625179979
2033,indian,26,0.024947957172360643
2033,other,26,0.0475817625179979
2033,chinese,27,0.02989090459305133
2033,malay,27,0.06196198648615518
2033,indian,27,0.032487762188007994
2033,other,27,0.06196198648615518
2033,chinese,28,0.03740328462018695
2033,malay,28,0.07753468313276149
2033,indian,28,0.04065280165771542
2033,other,28,0.07753468313276149
2033,chinese,29,0.04497450100068301
2033,malay,29,0.0932293438812057
2033,indian,29,0.0488817890568016
2033,other,29,0.0932293438812057
2033,chinese,30,0.05196476112632152
2033,malay,30,0.10771971843949898
2033,indian,30,0.056479347969316133
2033,other,30,0.10771971843949898
2033,chinese,31,0.057694912724074246
2033,malay,31,0.11959796637804124
2033,indian,31,0.06270732283135162
2033,other,31,0.11959796637804124
2033,chinese,32,0.061553412363883855
2033,malay,32,0.12759639619452448
2033,indian,32,0.06690104063304671
2033,other,32,0.12759639619452448
2033,chinese,33,0.06310340447526978
2033,malay,33,0.13080943345675802
2033,indian,33,0.06858569273018333
2033,other,33,0.13080943345675802
2033,chinese,34,0.062164077799746316
2033,malay,34,0.12886226766946363
2033,indian,34,0.06756475937046316
2033,other,34,0.12886226766946363
2033,chinese,35,0.05884536288618905
2033,malay,35,0.12198277802454201
2033,indian,35,0.06395772163275255
2033,other,35,0.12198277802454201
2033,chinese,36,0.05352676885238433
2033,malay,36,0.11095766332377903
2033,indian,36,0.058177059571927064
2033,other,36,0.11095766332377903
2033,chinese,37,0.046785989721933034
2033,malay,37,0.09698444735478909
2033,indian,37,0.05085065602765636
2033,other,37,0.09698444735478909
2033,chinese,38,0.03929584152273004
2033,malay,38,0.08145783590502369
2033,indian,38,0.04270977983934549
2033,other,38,0.08145783590502369
2033,chinese,39,0.03171489700706171
2033,malay,39,0.06574300933730147
2033,indian,39,0.0344702191455962
2033,other,39,0.06574300933730147
2033,chinese,40,0.02459608056038242
2033,malay,40,0.050986145519633604
2033,indian,40,0.026732935214966655
2033,other,40,0.050986145519633604
2033,chinese,41,0.018329657055519227
2033,malay,41,0.037996239265169804
2033,indian,41,0.019922098294271214
2033,other,41,0.037996239265169804
2033,chinese,42,0.01312588320868102
2033,malay,42,0.02720913967201287
2033,indian,42,0.014266231751658918
2033,other,42,0.02720913967201287
2033,chinese,43,0.00903209337722749
2033,malay,43,0.018722967919530986
2033,indian,43,0.009816782251797836
2033,other,43,0.018722967919530986
2033,chinese,44,0.005972193952382219
2033,malay,44,0.012379986688533648
2033,indian,44,0.006491045336605744
2033,other,44,0.012379986688533648
2033,chinese,45,0.0037945903230647594
2033,malay,45,0.007865949777006472
2033,indian,45,0.004124256180768194
2033,other,45,0.007865949777006472
2033,chinese,46,0.0023167612998183256
2033,malay,46,0.004802502109098478
2033,indian,46,0.0025180365458854345
2033,other,46,0.004802502109098478
2033,chinese,47,0.001359198781812997
2033,malay,47,0.002817534554316353
2033,indian,47,0.0014772830528533407
2033,other,47,0.002817534554316353
2033,chinese,48,0.0007662488473375732
2033,malay,48,0.0015883862121322306
2033,indian,48,0.0008328189015372022
2033,other,48,0.0015883862121322306
2033,chinese,49,0.00041508948638485144
2033,malay,49,0.0008604546933618822
2033,indian,49,0.0004511515694827228
2033,other,49,0.0008604546933618822
2034,chinese,15,7.464654926685311e-05
2034,malay,15,0.00017128898391083864
2034,indian,15,8.925093025997803e-05
2034,other,15,0.00017128898391083864
2034,chinese,16,0.00015139874614270124
2034,malay,16,0.0003474097282039245
2034,indian,16,0.00018101947198020815
2034,other,16,0.0003474097282039245
2034,chinese,17,0.0002950662408042889
2034,malay,17,0.0006770788076629892
2034,indian,17,0.0003527950955368748
2034,other,17,0.0006770788076629892
2034,chinese,18,0.0005525882183179946
2034,malay,18,0.001268006027960095
2034,indian,18,0.0006607005014963902
2034,other,18,0.001268006027960095
2034,chinese,19,0.000994417392102721
2034,malay,19,0.002281856915684347
2034,indian,19,0.0011889722724434083
2034,other,19,0.002281856915684347
2034,chinese,20,0.0017195742253876762
2034,malay,20,0.003945850474252467
2034,indian,20,0.0020560039382166236
2034,other,20,0.003945850474252467
2034,chinese,21,0.0028573167780395503
2034,malay,21,0.006556590926556285
2034,indian,21,0.003416342523427458
2034,other,21,0.006556590926556285
2034,chinese,22,0.00456227248226373
2034,malay,22,0.01046889676062153
2034,indian,22,0.00545486786918828
2034,other,22,0.01046889676062153
2034,chinese,23,0.006999862663287783
2034,malay,23,0.016062354856132624
2034,indian,23,0.008369365503516187
2034,other,23,0.016062354856132624
2034,chinese,24,0.010320087673745915
2034,malay,24,0.02368116609365713
2034,indian,24,0.012339182913246347
2034,other,24,0.02368116609365713
2034,chinese,25,0.014620523105732539
2034,malay,25,0.033549233978293465
2034,indian,25,0.017480986072233248
2034,other,25,0.033549233978293465
2034,chinese,26,0.01990344133317853
2034,malay,26,0.04567177285183651
2034,indian,26,0.023797491937780628
2034,other,26,0.04567177285183651
2034,chinese,27,0.02603629852548432
2034,malay,27,0.05974463874125558
2034,indian,27,0.031130224863024445
2034,other,27,0.05974463874125558
2034,chinese,28,0.03272775244042788
2034,malay,28,0.07509929817607348
2034,indian,28,0.039130842340538305
2034,other,28,0.07509929817607348
2034,chinese,29,0.03953111306127246
2034,malay,29,0.09071074625195864
2034,indian,29,0.04726526074658928
2034,other,29,0.09071074625195864
2034,chinese,30,0.045882584180356685
2034,malay,30,0.10528525833607014
2034,indian,30,0.054859378779710095
2034,other,30,0.10528525833607014
2034,chinese,31,0.051173214414005165
2034,malay,31,0.11742549369684951
2034,indian,31,0.06118510548311941
2034,other,31,0.11742549369684951
2034,chinese,32,0.05484329647170227
2034,malay,32,0.12584711040527902
2034,indian,32,0.06557322845728311
2034,other,32,0.12584711040527902
2034,chinese,33,0.05647944833150184
2034,malay,33,0.12960153431825883
2034,indian,33,0.0675294886858929
2034,other,33,0.12960153431825883
2034,chinese,34,0.055891194251045426
2034,malay,34,0.12825168700833733
2034,indian,34,0.06682614439971198
2034,other,34,0.12825168700833733
2034,chinese,35,0.05314744350084393
2034,malay,35,0.1219556923143762
2034,indian,35,0.06354558676828592
2034,other,35,0.1219556923143762
2034,chinese,36,0.0485632119148309
2034,malay,36,0.11143640671990028
2034,indian,36,0.058064463560350575
2034,other,36,0.11143640671990028
2034,chinese,37,0.04264012214663555
2034,malay,37,0.09784488724617449
2034,indian,37,0.0509825384477113
2034,other,37,0.09784488724617449
2034,chinese,38,0.035976214246137624
2034,malay,38,0.08255343674561445
2034,indian,38,0.043014856282524314
2034,other,38,0.08255343674561445
2034,chinese,39,0.02916744756961531
2034,malay,39,0.06692958357139456
2034,indian,39,0.03487397414167229
2034,other,39,0.06692958357139456
2034,chinese,40,0.02272308466550533
2034,malay,40,0.052141915760367356
2034,indian,40,0.027168790315042105
2034,other,40,0.052141915760367356
2034,chinese,41,0.01701069217668516
2034,malay,41,0.039033876410658204
2034,indian,41,0.02033878479375936
2034,other,41,0.039033876410658204
2034,chinese,42,0.01223664769576885
2034,malay,42,0.02807903340300667
2034,indian,42,0.01463071234822571
2034,other,42,0.02807903340300667
2034,chinese,43,0.008458407871582125
2034,malay,43,0.01940923062159683
2034,indian,43,0.01011327085406544
2034,other,43,0.01940923062159683
2034,chinese,44,0.005618241479095015
2034,malay,44,0.012891994121250583
2034,indian,44,0.006717434139411546
2034,other,44,0.012891994121250583
2034,chinese,45,0.0035858960704252046
2034,malay,45,0.00822843788956966
2034,indian,45,0.004287466242504064
2034,other,45,0.00822843788956966
2034,chinese,46,0.002199279421700442
2034,malay,46,0.005046614226364045
2034,indian,46,0.0026295620657116265
2034,other,46,0.005046614226364045
2034,chinese,47,0.0012961295966748985
2034,malay,47,0.0029741859980363956
2034,indian,47,0.0015497135952953287
2034,other,47,0.0029741859980363956
2034,chinese,48,0.0007340094137433703
2034,malay,48,0.0016843072840732345
2034,indian,48,0.0008776162279381767
2034,other,48,0.0016843072840732345
2034,chinese,49,0.0003994292719264201
2034,malay,49,0.0009165572260806916
2034,indian,49,0.00047757645119074374
2034,other,49,0.0009165572260806916
2035,chinese,15,7.373748767631723e-05
2035,malay,15,0.00015657930345991896
2035,indian,15,8.102804539728002e-05
2035,other,15,0.00015657930345991896
2035,chinese,16,0.00015022763692033484
2035,malay,16,0.0003190037997045908
2035,indian,16,0.00016508091295082956
2035,other,16,0.0003190037997045908
2035,chinese,17,0.00029410067467669005
2035,malay,17,0.0006245138021261684
2035,indian,17,0.0003231789361156564
2035,other,17,0.0006245138021261684
2035,chinese,18,0.0005532571579535477
2035,malay,18,0.0011748246808577392
2035,indian,18,0.0006079586859239895
2035,other,18,0.0011748246808577392
2035,chinese,19,0.0010000991072320307
2035,malay,19,0.002123679915549561
2035,indian,19,0.001098980700539966
2035,other,19,0.002123679915549561
2035,chinese,20,0.0017371773108971744
2035,malay,20,0.0036888429738841876
2035,indian,20,0.0019089351488131858
2035,other,20,0.0036888429738841876
2035,chinese,21,0.002899549269986579
2035,malay,21,0.006157104335248899
2035,indian,21,0.003186232909255756
2035,other,21,0.006157104335248899
2035,chinese,22,0.004650527199810618
2035,malay,22,0.009875252502013671
2035,indian,22,0.00511033316895291
2035,other,22,0.009875252502013671
2035,chinese,23,0.007167362067011153
2035,malay,23,0.015219674489372323
2035,indian,23,0.00787601201567718
2035,other,23,0.015219674489372323
2035,chinese,24,0.01061456147621191
2035,malay,24,0.022539697172399766
2035,indian,24,0.011664042216113571
2035,other,24,0.022539697172399766
2035,chinese,25,0.015105336937162843
2035,malay,25,0.0320757217350651
2035,indian,25,0.016598828705127525
2035,other,25,0.0320757217350651
2035,chinese,26,0.020655918232526688
2035,malay,26,0.04386221162526599
2035,indian,26,0.02269820593311634
2035,other,26,0.04386221162526599
2035,chinese,27,0.02714215927975735
2035,malay,27,0.05763554642759481
2035,indian,27,0.029825753271585088
2035,other,27,0.05763554642759481
2035,chinese,28,0.03427126592754893
2035,malay,28,0.07277398670240774
2035,indian,28,0.03765972748609901
2035,other,28,0.07277398670240774
2035,chinese,29,0.04158165931986466
2035,malay,29,0.08829738384351252
2035,indian,29,0.045692912590868766
2035,other,29,0.08829738384351252
2035,chinese,30,0.048479646722989496
2035,malay,30,0.10294504945964768
2035,indian,30,0.05327291638627581
2035,other,30,0.10294504945964768
2035,chinese,31,0.05431291020800671
2035,malay,31,0.11533180634769837
2035,indian,31,0.059682925099253395
2035,other,31,0.11533180634769837
2035,chinese,32,0.0584699502903856
2035,malay,32,0.12415915402478644
2035,indian,32,0.06425097919396176
2035,other,32,0.12415915402478644
2035,chinese,33,0.06048510175954174
2035,malay,33,0.12843826663561714
2035,indian,33,0.06646537230485727
2035,other,33,0.12843826663561714
2035,chinese,34,0.06012431684769002
2035,malay,34,0.12767215089209508
2035,indian,34,0.06606891594137904
2035,other,34,0.12767215089209508
2035,chinese,35,0.057429884222454854
2035,malay,35,0.12195060548860956
2035,indian,35,0.06310807992760217
2035,other,35,0.12195060548860956
2035,chinese,36,0.052712275313741536
2035,malay,36,0.11193290702612332
2035,indian,36,0.05792403256081606
2035,other,36,0.11193290702612332
2035,chinese,37,0.0464912904798119
2035,malay,37,0.0987228356929733
2035,indian,37,0.05108796779343265
2035,other,37,0.0987228356929733
2035,chinese,38,0.039401923816018626
2035,malay,38,0.08366878206069527
2035,indian,38,0.0432976627264443
2035,other,38,0.08366878206069527
2035,chinese,39,0.03208848415636437
2035,malay,39,0.06813891626391683
2035,indian,39,0.03526113016441804
2035,other,39,0.06813891626391683
2035,chinese,40,0.025111165953455597
2035,malay,40,0.053322794116856524
2035,indian,40,0.027593951990701384
2035,other,40,0.053322794116856524
2035,chinese,41,0.018882974205562474
2035,malay,41,0.0400974191219727
2035,indian,41,0.02074996774883884
2035,other,41,0.0400974191219727
2035,chinese,42,0.013644565209254047
2035,malay,42,0.02897381757643775
2035,indian,42,0.014993627855274423
2035,other,42,0.02897381757643775
2035,chinese,43,0.009474028953159871
2035,malay,43,0.020117811186579432
2035,indian,43,0.010410743195938023
2035,other,43,0.020117811186579432
2035,chinese,44,0.006321138928583835
2035,malay,44,0.013422745494879712
2035,indian,44,0.00694612127709239
2035,other,44,0.013422745494879712
2035,chinese,45,0.0040526723418652585
2035,malay,45,0.008605725967042246
2035,indian,45,0.004453367328412891
2035,other,45,0.008605725967042246
2035,chinese,46,0.002496738609365621
2035,malay,46,0.005301748197498133
2035,indian,46,0.0027435956358165333
2035,other,46,0.005301748197498133
2035,chinese,47,0.0014780529059213172
2035,malay,47,0.00313860021244526
2035,indian,47,0.0016241906489450344
2035,other,47,0.00313860021244526
2035,chinese,48,0.0008407987957222451
2035,malay,48,0.001785410568394118
2035,indian,48,0.0009239300813830367
2035,other,48,0.001785410568394118
2035,chinese,49,0.000459599189310869
2035,malay,49,0.0009759448443502148
2035,indian,49,0.0005050405858619312
2035,other,49,0.0009759448443502148
2036,chinese,15,7.73856027659027e-05
2036,malay,15,0.00014303228212911412
2036,indian,15,7.351658612472587e-05
2036,other,15,0.00014303228212911412
2036,chinese,16,0.00015836720494024506
2036,malay,16,0.0002927110719229679
2036,indian,16,0.00015044938393180747
2036,other,16,0.0002927110719229679
2036,chinese,17,0.0003114260965242002
2036,malay,17,0.000575610755855544
2036,indian,17,0.00029585585210039147
2036,other,17,0.000575610755855544
2036,chinese,18,0.0005884771062807641
2036,malay,18,0.0010876858289351218
2036,indian,18,0.0005590552547247396
2036,other,18,0.0010876858289351218
2036,chinese,19,0.0010685358650818844
2036,malay,19,0.0019749813641926
2036,indian,19,0.0010151127101805481
2036,other,19,0.0019749813641926
2036,chinese,20,0.0018643769785889853
2036,malay,20,0.003445939353903467
2036,indian,20,0.00177116447784245
2036,other,20,0.003445939353903467
2036,chinese,21,0.0031258172348965062
2036,malay,21,0.005777467082323491
2036,indian,21,0.0029695370165246635
2036,other,21,0.005777467082323491
2036,chinese,22,0.005035919396327558
2036,malay,22,0.009307920570883973
2036,indian,22,0.004784140573760817
2036,other,22,0.009307920570883973
2036,chinese,23,0.0077961360002691575
2036,malay,23,0.014409645774559651
2036,indian,23,0.007406355746012229
2036,other,23,0.014409645774559651
2036,chinese,24,0.011597532280476514
2036,malay,24,0.02143578973159498
2036,indian,24,0.01101769515592135
2036,other,24,0.02143578973159498
2036,chinese,25,0.016578201398272277
2036,malay,25,0.030641590875295867
2036,indian,25,0.015749347776950376
2036,other,25,0.030641590875295867
2036,chinese,26,0.02277167371493946
2036,malay,26,0.042089023577166935
2036,indian,26,0.021633167566488677
2036,other,26,0.042089023577166935
2036,chinese,27,0.030056491650229347
2036,malay,27,0.055553597049982466
2036,indian,27,0.028553769409738267
2036,other,27,0.055553597049982466
2036,chinese,28,0.03812128015919161
2036,malay,28,0.07045979489682264
2036,indian,28,0.036215345953767755
2036,other,28,0.07045979489682264
2036,chinese,29,0.046460360777800906
2036,malay,29,0.08587296852482339
2036,indian,29,0.044137500935923515
2036,other,29,0.08587296852482339
2036,chinese,30,0.054410615207078114
2036,malay,30,0.10056747233280638
2036,indian,30,0.051690269714264936
2036,other,30,0.10056747233280638
2036,chinese,31,0.06123090639907603
2036,malay,31,0.11317345818947258
2036,indian,31,0.058169569569678746
2036,other,31,0.11317345818947258
2036,chinese,32,0.06621307555016043
2036,malay,32,0.12238203185386043
2036,indian,32,0.06290264722743956
2036,other,32,0.12238203185386043
2036,chinese,33,0.06880228669237795
2036,malay,33,0.12716768661842706
2036,indian,33,0.06536240662878141
2036,other,33,0.12716768661842706
2036,chinese,34,0.06869862295377877
2036,malay,34,0.12697608429737609
2036,indian,34,0.0652639257241383
2036,other,34,0.12697608429737609
2036,chinese,35,0.06591423840694684
2036,malay,35,0.12182968933728036
2036,indian,35,0.0626187509238495
2036,other,35,0.12182968933728036
2036,chinese,36,0.06077101400814532
2036,malay,36,0.11232343627509114
2036,indian,36,0.057732670232366085
2036,other,36,0.11232343627509114
2036,chinese,37,0.05383934235739876
2036,malay,37,0.09951158523640138
2036,indian,37,0.051147558561891834
2036,other,37,0.09951158523640138
2036,chinese,38,0.04583413091114315
2036,malay,38,0.08471550403835516
2036,indian,38,0.0435425804302929
2036,other,38,0.08471550403835516
2036,chinese,39,0.03749421014129288
2036,malay,39,0.06930077755368555
2036,indian,39,0.03561962730159751
2036,other,39,0.06930077755368555
2036,chinese,40,0.029473066559007048
2036,malay,40,0.05447524889132884
2036,indian,40,0.027999513586521124
2036,other,40,0.05447524889132884
2036,chinese,41,0.022262415939451035
2036,malay,41,0.04114775932106941
2036,indian,41,0.0211493709457576
2036,other,41,0.04114775932106941
2036,chinese,42,0.01615864902173861
2036,malay,42,0.029866129655851253
2036,indian,42,0.01535077159067221
2036,other,42,0.029866129655851253
2036,chinese,43,0.011269989643269829
2036,malay,43,0.020830390675184152
2036,indian,43,0.010706528535295955
2036,other,43,0.020830390675184152
2036,chinese,44,0.007553141440315915
2036,malay,44,0.013960517445609217
2036,indian,44,0.00717551008666287
2036,other,44,0.013960517445609217
2036,chinese,45,0.004864265345850392
2036,malay,45,0.008990651341222131
2036,indian,45,0.004621068641327373
2036,other,45,0.008990651341222131
2036,chinese,46,0.003010179110330434
2036,malay,46,0.005563732430571138
2036,indian,46,0.0028596804044403643
2036,other,46,0.005563732430571138
2036,chinese,47,0.0017899988332785949
2036,malay,47,0.003308465773753705
2036,indian,47,0.0017005049865408202
2036,other,47,0.003308465773753705
2036,chinese,48,0.0010228180203476483
2036,malay,48,0.0018904807926050956
2036,indian,48,0.00097168060201427
2036,other,48,0.0018904807926050956
2036,chinese,49,0.0005616025620153027
2036,malay,49,0.0010380134446662157
2036,indian,49,0.0005335243461650264
2036,other,49,0.0010380134446662157
2037,chinese,15,6.108192165285254e-05
2037,malay,15,0.00013074676536051455
2037,indian,15,6.664448432770714e-05
2037,other,15,0.00013074676536051455
2037,chinese,16,0.00012556016683030894
2037,malay,16,0.00026876341193864204
2037,indian,16,0.00013699458602602814
2037,other,16,0.00026876341193864204
2037,chinese,17,0.0002480137320097743
2037,malay,17,0.000530877096656522
2037,indian,17,0.0002705996607297254
2037,other,17,0.000530877096656522
2037,chinese,18,0.0004707435452314566
2037,malay,18,0.0010076335876129023
2037,indian,18,0.0005136128656993882
2037,other,18,0.0010076335876129023
2037,chinese,19,0.0008585744620996513
2037,malay,19,0.0018377914561800747
2037,indian,19,0.0009367624779188271
2037,other,19,0.0018377914561800747
2037,chinese,20,0.0015047232822735163
2037,malay,20,0.0032208826539223824
2037,indian,20,0.0016417542947149606
2037,other,20,0.0032208826539223824
2037,chinese,21,0.0025340811793401
2037,malay,21,0.005424238602752001
2037,indian,21,0.0027648529854951294
2037,other,21,0.005424238602752001
2037,chinese,22,0.004100810798166316
2037,malay,22,0.008777846745931192
2037,indian,22,0.004474260363361116
2037,other,22,0.008777846745931192
2037,chinese,23,0.0063768232153515
2037,malay,23,0.013649685309861371
2037,indian,23,0.00695754297402995
2037,other,23,0.013649685309861371
2037,chinese,24,0.009528500440998905
2037,malay,24,0.020395897471550208
2037,indian,24,0.010396234779837617
2037,other,24,0.020395897471550208
2037,chinese,25,0.013681394561034493
2037,malay,25,0.02928522934563994
2037,indian,25,0.01492732155000006
2037,other,25,0.02928522934563994
2037,chinese,26,0.018876518075157958
2037,malay,26,0.04040546880012789
2037,indian,26,0.020595550679810604
2037,other,26,0.04040546880012789
2037,chinese,27,0.025026446792533952
2037,malay,27,0.05356948304913111
2037,indian,27,0.027305536497726338
2037,other,27,0.05356948304913111
2037,chinese,28,0.03188323270426782
2037,malay,28,0.06824653567730236
2037,indian,28,0.03478675105135606
2037,other,28,0.06824653567730236
2037,chinese,29,0.039031155613137074
2037,malay,29,0.08354677139503916
2037,indian,29,0.042585615648039046
2037,other,29,0.08354677139503916
2037,chinese,30,0.045914136711154775
2037,malay,30,0.09827989521059205
2037,indian,30,0.050095410911550106
2037,other,30,0.09827989521059205
2037,chinese,31,0.05190000814845184
2037,malay,31,0.11109274240191704
2037,indian,31,0.0566263992039262
2037,other,31,0.11109274240191704
2037,chinese,32,0.056373428345338754
2037,malay,32,0.12066816512953592
2037,indian,32,0.06150720147954936
2037,other,32,0.12066816512953592
2037,chinese,33,0.058839301124044154
2037,malay,33,0.12594640263225565
2037,indian,33,0.0641976345128866
2037,other,33,0.12594640263225565
2037,chinese,34,0.059012853003956325
2037,malay,34,0.12631789302264831
2037,indian,34,0.06438699128536317
2037,other,34,0.12631789302264831
2037,chinese,35,0.05687373693299128
2037,malay,35,0.12173908313191022
2037,indian,35,0.06205307179480113
2037,other,35,0.12173908313191022
2037,chinese,36,0.052669956261128956
2037,malay,36,0.1127408278338079
2037,indian,36,0.057466464374437434
2037,other,36,0.1127408278338079
2037,chinese,37,0.04687056320681689
2037,malay,37,0.10032714040571883
2037,indian,37,0.05113893653870726
2037,other,37,0.10032714040571883
2037,chinese,38,0.04007960023782354
2037,malay,38,0.08579098276933818
2037,indian,38,0.043729539242249066
2037,other,38,0.08579098276933818
2037,chinese,39,0.0329330951241701
2037,malay,39,0.07049378186343107
2037,indian,39,0.03593222155549431
2037,other,39,0.07049378186343107
2037,chinese,40,0.02600324986361129
2037,malay,40,0.05566034460819298
2037,indian,40,0.028371294339001287
2037,other,40,0.05566034460819298
2037,chinese,41,0.01972915879276478
2037,malay,41,0.04223055898761962
2037,indian,41,0.021525839043439046
2037,other,41,0.04223055898761962
2037,chinese,42,0.014383855205776527
2037,malay,42,0.030788856844706895
2037,indian,42,0.01569375335441195
2037,other,42,0.030788856844706895
2037,chinese,43,0.01007691881045123
2037,malay,43,0.02156979518023224
2037,indian,43,0.010994596102451399
2037,other,43,0.02156979518023224
2037,chinese,44,0.006783687874925121
2037,malay,44,0.014520585188897407
2037,indian,44,0.007401459679574296
2037,other,44,0.014520585188897407
2037,chinese,45,0.004388231248618917
2037,malay,45,0.00939307451182753
2037,indian,45,0.004787855404042951
2037,other,45,0.00939307451182753
2037,chinese,46,0.0027277125716411925
2037,malay,46,0.005838709489236273
2037,indian,46,0.0029761178563500823
2037,other,46,0.005838709489236273
2037,chinese,47,0.001629269951746469
2037,malay,47,0.003487476659634271
2037,indian,47,0.0017776430869656655
2037,other,47,0.003487476659634271
2037,chinese,48,0.0009351315656178919
2037,malay,48,0.002001663079395658
2037,indian,48,0.001020291426379108
2037,other,48,0.002001663079395658
2037,chinese,49,0.0005157479219962609
2037,malay,49,0.0011039661280739844
2037,indian,49,0.0005627156673274403
2037,other,49,0.0011039661280739844
2038,chinese,15,5.743227707319217e-05
2038,malay,15,0.00011934464574203393
2038,indian,15,6.042238637833846e-05
2038,other,15,0.00011934464574203393
2038,chinese,16,0.00011858501019148324
2038,malay,16,0.00024642042337241836
2038,indian,16,0.00012475892772521673
2038,other,16,0.00024642042337241836
2038,chinese,17,0.00023528172112745644
2038,malay,17,0.0004889169485957768
2038,indian,17,0.0002475312452544116
2038,other,17,0.0004889169485957768
2038,chinese,18,0.0004485711805651199
2038,malay,18,0.000932133834192318
2038,indian,18,0.000471925240849355
2038,other,18,0.000932133834192318
2038,chinese,19,0.0008217874001260019
2038,malay,19,0.001707679568726067
2038,indian,19,0.0008645722987438509
2038,other,19,0.001707679568726067
2038,chinese,20,0.001446680592975332
2038,malay,20,0.00300621169260772
2038,indian,20,0.00152199944368218
2038,other,20,0.00300621169260772
2038,chinese,21,0.0024472088092956814
2038,malay,21,0.005085315841299005
2038,indian,21,0.0025746183811464654
2038,other,21,0.005085315841299005
2038,chinese,22,0.003977907799502602
2038,malay,22,0.008266118310459755
2038,indian,22,0.004185010490401458
2038,other,22,0.008266118310459755
2038,chinese,23,0.006213321443081632
2038,malay,23,0.012911322418244933
2038,indian,23,0.006536806967417482
2038,other,23,0.012911322418244933
2038,chinese,24,0.00932563594104218
2038,malay,24,0.01937873221158351
2038,indian,24,0.009811158581354359
2038,other,24,0.01937873221158351
2038,chinese,25,0.013449889324230474
2038,malay,25,0.02794895759790623
2038,indian,25,0.014150133877834311
2038,other,25,0.02794895759790623
2038,chinese,26,0.01863994670602973
2038,malay,26,0.038733930633578925
2038,indian,26,0.01961040236151594
2038,other,26,0.038733930633578925
2038,chinese,27,0.024823121850991045
2038,malay,27,0.051582608848025034
2038,indian,27,0.026115493517446773
2038,other,27,0.051582608848025034
2038,chinese,28,0.03176537414530689
2038,malay,28,0.06600865432174138
2038,indian,28,0.03341918182373639
2038,other,28,0.06600865432174138
2038,chinese,29,0.039060468742421695
2038,malay,29,0.08116790839829059
2038,indian,29,0.04109408253943772
2038,other,29,0.08116790839829059
2038,chinese,30,0.04615373731727701
2038,malay,30,0.09590776668634642
2038,indian,30,0.0485566495201798
2038,other,30,0.09590776668634642
2038,chinese,31,0.052403740007192695
2038,malay,31,0.10889531297437118
2038,indian,31,0.055132047478273515
2038,other,31,0.10889531297437118
2038,chinese,32,0.05717467545618055
2038,malay,32,0.11880934790444955
2038,indian,32,0.06015137319153891
2038,other,32,0.11880934790444955
2038,chinese,33,0.059941991597805604
2038,malay,33,0.12455984886678408
2038,indian,33,0.06306276472364185
2038,other,33,0.12455984886678408
2038,chinese,34,0.0603871697504361
2038,malay,34,0.12548493196683372
2038,indian,34,0.06353112028459505
2038,other,34,0.12548493196683372
2038,chinese,35,0.05845803737451912
2038,malay,35,0.12147618232767367
2038,indian,35,0.06150155106441475
2038,other,35,0.12147618232767367
2038,chinese,36,0.054378825910722704
2038,malay,36,0.11299955434314846
2038,indian,36,0.057209962714707775
2038,other,36,0.11299955434314846
2038,chinese,37,0.04860729424468526
2038,malay,37,0.10100627395842061
2038,indian,37,0.0511379465229119
2038,other,37,0.10100627395842061
2038,chinese,38,0.04175024847119449
2038,malay,38,0.08675728818982131
2038,indian,38,0.043923900863329216
2038,other,38,0.08675728818982131
2038,chinese,39,0.03445899804206328
2038,malay,39,0.07160602231937423
2038,indian,39,0.036253044455376846
2038,other,39,0.07160602231937423
2038,chinese,40,0.027329528864979486
2038,malay,40,0.0567909389441588
2038,indian,40,0.02875239215247019
2038,other,40,0.0567909389441588
2038,chinese,41,0.020827997154080916
2038,malay,41,0.043280713712640514
2038,indian,41,0.021912369762511714
2038,other,41,0.043280713712640514
2038,chinese,42,0.015252768439697284
2038,malay,42,0.031695352139722695
2038,indian,42,0.016046876686226636
2038,other,42,0.031695352139722695
2038,chinese,43,0.010733357024151938
2038,malay,43,0.022303985788996446
2038,indian,43,0.011292170157618216
2038,other,43,0.022303985788996446
2038,chinese,44,0.007257852278493999
2038,malay,44,0.015081864295942956
2038,indian,44,0.007635719442034202
2038,other,44,0.015081864295942956
2038,chinese,45,0.004715917888496202
2038,malay,45,0.009799708081116791
2038,indian,45,0.004961443761390424
2038,other,45,0.009799708081116791
2038,chinese,46,0.0029444881279888776
2038,malay,46,0.006118665503696099
2038,indian,46,0.00309778766265946
2038,other,46,0.006118665503696099
2038,chinese,47,0.001766602074473168
2038,malay,47,0.003671010614405089
2038,indian,47,0.0018585770678143012
2038,other,47,0.003671010614405089
2038,chinese,48,0.0010184809361665319
2038,malay,48,0.00211641001743506
2038,indian,48,0.001071506333722415
2038,other,48,0.00211641001743506
2038,chinese,49,0.0005642248215959112
2038,malay,49,0.0011724628533605105
2038,indian,49,0.0005936001828948964
2038,other,49,0.0011724628533605105
2039,chinese,15,5.01077173799581e-05
2039,malay,15,0.00010882473550024877
2039,indian,15,5.474729005819395e-05
2039,other,15,0.00010882473550024877
2039,chinese,16,0.00010392831316399366
2039,malay,16,0.00022571315921851101
2039,indian,16,0.00011355124127693274
2039,other,16,0.00022571315921851101
2039,chinese,17,0.00020713226455567588
2039,malay,17,0.0004498531380488486
2039,indian,17,0.00022631105069208075
2039,other,17,0.0004498531380488486
2039,chinese,18,0.0003966855653815343
2039,malay,18,0.0008615280038016414
2039,indian,18,0.00043341546662686316
2039,other,18,0.0008615280038016414
2039,chinese,19,0.000730011928927167
2039,malay,19,0.0015854514879438675
2039,indian,19,0.0007976051775789492
2039,other,19,0.0015854514879438675
2039,chinese,20,0.001290917737352215
2039,malay,20,0.0028036356207302433
2039,indian,20,0.001410446364422842
2039,other,20,0.0028036356207302433
2039,chinese,21,0.0021935743538065836
2039,malay,21,0.0047640395798314895
2039,indian,21,0.002396681742682984
2039,other,21,0.0047640395798314895
2039,chinese,22,0.003581718518488901
2039,malay,22,0.0077788330978094036
2039,indian,22,0.003913356921681444
2039,other,22,0.0077788330978094036
2039,chinese,23,0.005619736552188983
2039,malay,23,0.01220503299393275
2039,indian,23,0.006140079076848628
2039,other,23,0.01220503299393275
2039,chinese,24,0.008472780893988986
2039,malay,24,0.018401319955331074
2039,indian,24,0.009257292438315553
2039,other,24,0.018401319955331074
2039,chinese,25,0.012275002888964198
2039,malay,25,0.026659046001377355
2039,indian,25,0.013411569689584086
2039,other,25,0.026659046001377355
2039,chinese,26,0.017088459896464937
2039,malay,26,0.03711298828956875
2039,indian,26,0.0186707142036723
2039,other,26,0.03711298828956875
2039,chinese,27,0.022859672976473722
2039,malay,27,0.04964700040960073
2039,indian,27,0.024976295319711316
2039,other,27,0.04964700040960073
2039,chinese,28,0.029384813518833663
2039,malay,28,0.06381840415245597
2039,indian,28,0.03210561153330411
2039,other,28,0.06381840415245597
2039,chinese,29,0.03629625008229403
2039,malay,29,0.07882877172202638
2039,indian,29,0.03965699168078446
2039,other,29,0.07882877172202638
2039,chinese,30,0.04308107392026109
2039,malay,30,0.09356415976582245
2039,indian,30,0.047070035780045365
2039,other,30,0.09356415976582245
2039,chinese,31,0.0491357133197302
2039,malay,31,0.10671372166265221
2039,indian,31,0.0536852862191541
2039,other,31,0.10671372166265221
2039,chinese,32,0.053851030974458355
2039,malay,32,0.11695452334763758
2039,indian,32,0.0588372044636515
2039,other,32,0.11695452334763758
2039,chinese,33,0.05671224154465131
2039,malay,33,0.12316854585340642
2039,indian,33,0.06196334018075319
2039,other,33,0.12316854585340642
2039,chinese,34,0.05739124547016218
2039,malay,34,0.12464321735035444
2039,indian,34,0.0627052144229725
2039,other,34,0.12464321735035444
2039,chinese,35,0.055808523758675205
2039,malay,35,0.12120583722950377
2039,indian,35,0.06097594537718603
2039,other,35,0.12120583722950377
2039,chinese,36,0.05214845689599605
2039,malay,36,0.11325684595488633
2039,indian,36,0.05697698568313247
2039,other,36,0.11325684595488633
2039,chinese,37,0.0468239896856794
2039,malay,37,0.10169308360170005
2039,indian,37,0.051159515520639263
2039,other,37,0.10169308360170005
2039,chinese,38,0.040400000492993214
2039,malay,38,0.08774136196470228
2039,indian,38,0.04414071646029005
2039,other,38,0.08774136196470228
2039,chinese,39,0.03349502395512776
2039,malay,39,0.07274502438119888
2039,indian,39,0.03659639448495404
2039,other,39,0.07274502438119888
2039,chinese,40,0.026684872932272695
2039,malay,40,0.05795463035547983
2039,indian,40,0.029155678106652632
2039,other,40,0.05795463035547983
2039,chinese,41,0.020428470754693367
2039,malay,41,0.04436687685644347
2039,indian,41,0.022319983274669483
2039,other,41,0.04436687685644347
2039,chinese,42,0.015027695462310298
2039,malay,42,0.03263738740009582
2039,indian,42,0.016419139513834207
2039,other,42,0.03263738740009582
2039,chinese,43,0.010622693562089653
2039,malay,43,0.023070534393509996
2039,indian,43,0.011606269773439001
2039,other,43,0.023070534393509996
2039,chinese,44,0.007215436040708135
2039,malay,44,0.015670598456817626
2039,indian,44,0.007883527537716092
2039,other,44,0.015670598456817626
2039,chinese,45,0.004709513877589859
2039,malay,45,0.010228196949726948
2039,indian,45,0.005145577084152488
2039,other,45,0.010228196949726948
2039,chinese,46,0.0029537589793189756
2039,malay,46,0.006415020608870153
2039,indian,46,0.003227253366513382
2039,other,46,0.006415020608870153
2039,chinese,47,0.0017801614701774848
2039,malay,47,0.0038661829209024087
2039,indian,47,0.0019449901423210518
2039,other,47,0.0038661829209024087
2039,chinese,48,0.001030929559698287
2039,malay,48,0.002238989172123566
2039,indian,48,0.0011263853670760743
2039,other,48,0.002238989172123566
2039,chinese,49,0.0005736985040070203
2039,malay,49,0.0012459675119909565
2039,indian,49,0.0006268183834170606
2039,other,49,0.0012459675119909565
2040,chinese,15,4.520885993463729e-05
2040,malay,15,9.916772250276302e-05
2040,indian,15,4.9514426832093454e-05
2040,other,15,9.916772250276302e-05
2040,chinese,16,9.419399251992987e-05
2040,malay,16,0.0002066188734940211
2040,indian,16,0.00010316476808736063
2040,other,16,0.0002066188734940211
2040,chinese,17,0.00018858513332828235
2040,malay,17,0.00041367020086514623
2040,indian,17,0.00020654546032136613
2040,other,17,0.00041367020086514623
2040,chinese,18,0.0003628076646112202
2040,malay,18,0.0007958353707228839
2040,indian,18,0.00039736046406583847
2040,other,18,0.0007958353707228839
2040,chinese,19,0.0006707031595997032
2040,malay,19,0.0014712183609379348
2040,indian,19,0.0007345790752093169
2040,other,19,0.0014712183609379348
2040,chinese,20,0.0011914320757722113
2040,malay,20,0.0026134612914789817
2040,indian,20,0.0013049007744615597
2040,other,20,0.0026134612914789817
2040,chinese,21,0.0020337304453552493
2040,malay,21,0.004461081671645744
2040,indian,21,0.002227417313295079
2040,other,21,0.004461081671645744
2040,chinese,22,0.00333582131735089
2040,malay,22,0.007317278144065822
2040,indian,22,0.003653515721956093
2040,other,22,0.007317278144065822
2040,chinese,23,0.0052577213913277045
2040,malay,23,0.011533054730551901
2040,indian,23,0.005758452248316287
2040,other,23,0.011533054730551901
2040,chinese,24,0.007963021009219076
2040,malay,24,0.017467254402513496
2040,indian,24,0.00872139712643617
2040,other,24,0.017467254402513496
2040,chinese,25,0.011588941011116244
2040,malay,25,0.02542087741103941
2040,indian,25,0.012692639730043795
2040,other,25,0.02542087741103941
2040,chinese,26,0.01620672739000799
2040,malay,26,0.035550205132664235
2040,indian,26,0.017750211323630753
2040,other,26,0.035550205132664235
2040,chinese,27,0.02177873561135314
2040,malay,27,0.04777266254203848
2040,indian,27,0.023852882211206874
2040,other,27,0.04777266254203848
2040,chinese,28,0.028122623153424477
2040,malay,28,0.06168827289519554
2040,indian,28,0.03080094407313095
2040,other,28,0.06168827289519554
2040,chinese,29,0.03489513474477237
2040,malay,29,0.07654408989895432
2040,indian,29,0.03821845095439556
2040,other,29,0.07654408989895432
2040,chinese,30,0.04160637408800907
2040,malay,30,0.09126550339626333
2040,indian,30,0.0455688501879485
2040,other,30,0.09126550339626333
2040,chinese,31,0.04766952644265057
2040,malay,31,0.10456530814839321
2040,indian,31,0.052209440418929304
2040,other,31,0.10456530814839321
2040,chinese,32,0.05248169043670376
2040,malay,32,0.11512101214734394
2040,indian,32,0.05747990161463459
2040,other,32,0.11512101214734394
2040,chinese,33,0.05552145320475284
2040,malay,33,0.12178887218831713
2040,indian,33,0.06080916298913281
2040,other,33,0.12178887218831713
2040,chinese,34,0.05644167310084603
2040,malay,34,0.12380741703614627
2040,indian,34,0.0618170220853458
2040,other,34,0.12380741703614627
2040,chinese,35,0.05513469571868361
2040,malay,35,0.12094050177796326
2040,indian,35,0.060385571788792294
2040,other,35,0.12094050177796326
2040,chinese,36,0.05175307132079204
2040,malay,36,0.11352275246104776
2040,indian,36,0.05668189082746952
2040,other,36,0.11352275246104776
2040,chinese,37,0.04668026397413987
2040,malay,37,0.10239531522883044
2040,indian,37,0.05112596332648264
2040,other,37,0.10239531522883044
2040,chinese,38,0.040459124700397496
2040,malay,38,0.0887489588721011
2040,indian,38,0.04431233993878084
2040,other,38,0.0887489588721011
2040,chinese,39,0.03369656521455872
2040,malay,39,0.07391497227147288
2040,indian,39,0.03690573297405402
2040,other,39,0.07391497227147288
2040,chinese,40,0.02696750171812665
2040,malay,40,0.05915446067081684
2040,indian,40,0.029535812064207707
2040,other,40,0.05915446067081684
2040,chinese,41,0.020738706910125883
2040,malay,41,0.04549131154607599
2040,indian,41,0.02271380405031878
2040,other,41,0.04549131154607599
2040,chinese,42,0.015325281146544967
2040,malay,42,0.03361671208286775
2040,indian,42,0.016784818575583706
2040,other,42,0.03361671208286775
2040,chinese,43,0.01088230703966642
2040,malay,43,0.023870843154633118
2040,indian,43,0.01191870789174904
2040,other,43,0.023870843154633118
2040,chinese,44,0.00742538830087362
2040,malay,44,0.016287932223040386
2040,indian,44,0.008132561764553582
2040,other,44,0.016287932223040386
2040,chinese,45,0.004868587120362403
2040,malay,45,0.010679470732742741
2040,indian,45,0.005332257904653814
2040,other,45,0.010679470732742741
2040,chinese,46,0.0030674126767042406
2040,malay,46,0.006728511392781357
2040,indian,46,0.003359544584050493
2040,other,46,0.006728511392781357
2040,chinese,47,0.0018570639137747722
2040,malay,47,0.004073555474244877
2040,indian,47,0.0020339255494180772
2040,other,47,0.004073555474244877
2040,chinese,48,0.00108035568249198
2040,malay,48,0.002369810092104624
2040,indian,48,0.0011832457724155329
2040,other,48,0.002369810092104624
2040,chinese,49,0.0006039372464344564
2040,malay,49,0.0013247642464349946
2040,indian,49,0.0006614545609641418
2040,other,49,0.0013247642464349946
2041,chinese,15,4.07270560575487e-05
2041,malay,15,9.041642369357103e-05
2041,indian,15,4.479529455504738e-05
2041,other,15,9.041642369357103e-05
2041,chinese,16,8.523741813705792e-05
2041,malay,16,0.00018923200591607333
2041,indian,16,9.375181076594275e-05
2041,other,16,0.00018923200591607333
2041,chinese,17,0.00017142025393043905
2041,malay,17,0.000380562893795545
2041,indian,17,0.0001885434772566081
2041,other,17,0.000380562893795545
2041,chinese,18,0.0003312674138301129
2041,malay,18,0.0007354328484340685
2041,indian,18,0.0003643578204631429
2041,other,18,0.0007354328484340685
2041,chinese,19,0.0006151488027416709
2041,malay,19,0.0013656659765609275
2041,indian,19,0.0006765962110067729
2041,other,19,0.0013656659765609275
2041,chinese,20,0.0010976570488046796
2041,malay,20,0.00243686223366404
2041,indian,20,0.0012073023582198272
2041,other,20,0.00243686223366404
2041,chinese,21,0.0018820810000886035
2041,malay,21,0.004178328845796605
2041,indian,21,0.00207008266584004
2041,other,21,0.004178328845796605
2041,chinese,22,0.0031009532899951386
2041,malay,22,0.006884295936489768
2041,indian,22,0.003410708493893928
2041,other,22,0.006884295936489768
2041,chinese,23,0.00490950295770933
2041,malay,23,0.01089938096487607
2041,indian,23,0.005399914759336096
2041,other,23,0.01089938096487607
2041,chinese,24,0.007469049190368021
2041,malay,24,0.01658172187133247
2041,indian,24,0.008215134873876064
2041,other,24,0.01658172187133247
2041,chinese,25,0.010918895290410584
2041,malay,25,0.024240580056866544
2041,indian,25,0.012009587190847423
2041,other,25,0.024240580056866544
2041,chinese,26,0.015338318710163674
2041,malay,26,0.03405195605804508
2041,indian,26,0.01687046821233783
2041,other,26,0.03405195605804508
2041,chinese,27,0.020704396055988443
2041,malay,27,0.045964958613078456
2041,indian,27,0.022772564719675103
2041,other,27,0.045964958613078456
2041,chinese,28,0.026855497217221594
2041,malay,28,0.05962075951334976
2041,indian,28,0.029538101319373965
2041,other,28,0.05962075951334976
2041,chinese,29,0.03347262021477666
2041,malay,29,0.07431115588607061
2041,indian,29,0.036816210823866796
2041,other,29,0.07431115588607061
2041,chinese,30,0.04008963985546159
2041,malay,30,0.08900132280055247
2041,indian,30,0.04409420664713907
2041,other,30,0.08900132280055247
2041,chinese,31,0.04613819217667825
2041,malay,31,0.1024294593355155
2041,indian,31,0.05074695077079139
2041,other,31,0.1024294593355155
2041,chinese,32,0.05102405840539057
2041,malay,32,0.11327636539278463
2041,indian,32,0.05612086772080283
2041,other,32,0.11327636539278463
2041,chinese,33,0.05422199020295581
2041,malay,33,0.1203759592338722
2041,indian,33,0.05963824193602885
2041,other,33,0.1203759592338722
2041,chinese,34,0.05536839738681205
2041,malay,34,0.12292104959135919
2041,indian,34,0.06089916409569338
2041,other,34,0.12292104959135919
2041,chinese,35,0.05432934898101989
2041,malay,35,0.12061430194027725
2041,indian,35,0.05975632481635428
2041,other,35,0.12061430194027725
2041,chinese,36,0.05122631232742898
2041,malay,36,0.11372538081591933
2041,indian,36,0.05634332485101676
2041,other,36,0.11372538081591933
2041,chinese,37,0.04641279427826507
2041,malay,37,0.10303909190824886
2041,indian,37,0.05104898296306758
2041,other,37,0.10303909190824886
2041,chinese,38,0.04040809221026372
2041,malay,38,0.08970830547559086
2041,indian,38,0.04444446930827894
2041,other,38,0.08970830547559086
2041,chinese,39,0.03380531235620162
2041,malay,39,0.07504975171229716
2041,indian,39,0.03718213568841438
2041,other,39,0.07504975171229716
2041,chinese,40,0.027176122676950503
2041,malay,40,0.06033256660720972
2041,indian,40,0.02989075415757836
2041,other,40,0.06033256660720972
2041,chinese,41,0.020993068356057364
2041,malay,41,0.04660582784150361
2041,indian,41,0.023090072587005316
2041,other,41,0.04660582784150361
2041,chinese,42,0.015582967695307383
2041,malay,42,0.03459509097714404
2041,indian,42,0.017139555261905574
2041,other,42,0.03459509097714404
2041,chinese,43,0.011115018174986634
2041,malay,43,0.02467598422167474
2041,indian,43,0.012225300852329746
2041,other,43,0.02467598422167474
2041,chinese,44,0.007618261271669241
2041,malay,44,0.016912981335411265
2041,indian,44,0.00837925179712274
2041,other,44,0.016912981335411265
2041,chinese,45,0.0050174972259353435
2041,malay,45,0.011139134496253415
2041,indian,45,0.005518696609136516
2041,other,45,0.011139134496253415
2041,chinese,46,0.0031754400374604027
2041,malay,46,0.007049660830747257
2041,indian,46,0.003492635746097945
2041,other,46,0.007049660830747257
2041,chinese,47,0.0019311058719820424
2041,malay,47,0.004287166901323543
2041,indian,47,0.0021240046476765596
2041,other,47,0.004287166901323543
2041,chinese,48,0.0011284791324193124
2041,malay,48,0.0025052890447569277
2041,indian,48,0.0012412032695051122
2041,other,48,0.0025052890447569277
2041,chinese,49,0.0006336743664487126
2041,malay,49,0.0014067938011434668
2041,indian,49,0.0006969722991257523
2041,other,49,0.0014067938011434668
2042,chinese,15,3.674930991715352e-05
2042,malay,15,8.252400372754187e-05
2042,indian,15,4.054695746024211e-05
2042,other,15,8.252400372754187e-05
2042,chinese,16,7.725247328062537e-05
2042,malay,16,0.0001734776355622505
2042,indian,16,8.523568891142401e-05
2042,other,16,0.0001734776355622505
2042,chinese,17,0.00015604870135268342
2042,malay,17,0.0003504219165240963
2042,indian,17,0.00017217466313618795
2042,other,17,0.0003504219165240963
2042,chinese,18,0.00030289537614086197
2042,malay,18,0.0006801798239491896
2042,indian,18,0.0003341963688290897
2042,other,18,0.0006801798239491896
2042,chinese,19,0.0005649499770476211
2042,malay,19,0.001268647877112675
2042,indian,19,0.0006233315057658352
2042,other,19,0.001268647877112675
2042,chinese,20,0.001012540384480118
2042,malay,20,0.00227375389229067
2042,indian,20,0.0011171755874830464
2042,other,20,0.00227375389229067
2042,chinese,21,0.0017438127568677145
2042,malay,21,0.003915894224199159
2042,indian,21,0.001924017126600221
2042,other,21,0.003915894224199159
2042,chinese,22,0.0028858423883744034
2042,malay,22,0.006480428300618115
2042,indian,22,0.0031840632877778888
2042,other,22,0.006480428300618115
2042,chinese,23,0.004589134025313369
2042,malay,23,0.010305328569840086
2042,indian,23,0.00506337187074297
2042,other,23,0.010305328569840086
2042,chinese,24,0.007012523919073641
2042,malay,24,0.0157472766520437
2042,indian,24,0.007737193152105668
2042,other,24,0.0157472766520437
2042,chinese,25,0.010296830116307179
2042,malay,25,0.02312249260776913
2042,indian,25,0.011360897215279886
2042,other,25,0.02312249260776913
2042,chinese,26,0.014528420627931247
2042,malay,26,0.03262492386272163
2042,indian,26,0.016029777279988187
2042,other,26,0.03262492386272163
2042,chinese,27,0.01969785822111287
2042,malay,27,0.044233378230184174
2042,indian,27,0.021733420876470365
2042,other,27,0.044233378230184174
2042,chinese,28,0.025662881812242157
2042,malay,28,0.05762839517550801
2042,indian,28,0.028314865761941938
2042,other,28,0.05762839517550801
2042,chinese,29,0.032127557972521925
2042,malay,29,0.07214542857697769
2042,indian,29,0.03544759695760321
2042,other,29,0.07214542857697769
2042,chinese,30,0.03864879297653489
2042,malay,30,0.08678947013837161
2042,indian,30,0.042642731747672656
2042,other,30,0.08678947013837161
2042,chinese,31,0.0446766009830718
2042,malay,31,0.10032547534559236
2042,indian,31,0.04929344914537475
2042,other,31,0.10032547534559236
2042,chinese,32,0.04962611949065166
2042,malay,32,0.11144008089029141
2042,indian,32,0.05475444737440125
2042,other,32,0.11144008089029141
2042,chinese,33,0.05296958094369474
2042,malay,33,0.11894813549147537
2042,indian,33,0.058443419755436855
2042,other,33,0.11894813549147537
2042,chinese,34,0.054328635817898964
2042,malay,34,0.12200001999645249
2042,indian,34,0.059942918393498947
2042,other,34,0.12200001999645249
2042,chinese,35,0.053544776697499186
2042,malay,35,0.12023979121611436
2042,indian,35,0.05907805582924063
2042,other,35,0.12023979121611436
2042,chinese,36,0.05070974989920276
2042,malay,36,0.11387347406355497
2042,indian,36,0.05595005937846877
2042,other,36,0.11387347406355497
2042,chinese,37,0.04614789099972451
2042,malay,37,0.1036293943332485
2042,indian,37,0.05091678122566098
2042,other,37,0.1036293943332485
2042,chinese,38,0.040355084274165905
2042,malay,38,0.0906211064255131
2042,indian,38,0.04452534997413172
2042,other,38,0.0906211064255131
2042,chinese,39,0.033910222460259626
2042,malay,39,0.07614856798728685
2042,indian,39,0.037414480725302096
2042,other,39,0.07614856798728685
2042,chinese,40,0.027380978160143756
2042,malay,40,0.061486540804314135
2042,indian,40,0.030210508964168343
2042,other,40,0.061486540804314135
2042,chinese,41,0.021244825544783578
2042,malay,41,0.04770723767061405
2042,indian,41,0.0234402507028444
2042,other,41,0.04770723767061405
2042,chinese,42,0.015839563575934554
2042,malay,42,0.03556921766775605
2042,indian,42,0.017476412807480683
2042,other,42,0.03556921766775605
2042,chinese,43,0.01134799192381967
2042,malay,43,0.025482974508435244
2042,indian,43,0.012520685336175886
2042,other,43,0.025482974508435244
2042,chinese,44,0.007812328787360931
2042,malay,44,0.01754331309682707
2042,indian,44,0.00861964928649425
2042,other,44,0.01754331309682707
2042,chinese,45,0.00516806074359662
2042,malay,45,0.011605362523274418
2042,indian,45,0.005702124464240561
2042,other,45,0.011605362523274418
2042,chinese,46,0.0032851879002938436
2042,malay,46,0.007377195902200594
2042,indian,46,0.0036246768808015245
2042,other,46,0.007377195902200594
2042,chinese,47,0.0020066804727761236
2042,malay,47,0.004506188202953583
2042,indian,47,0.0022140494052644306
2042,other,47,0.004506188202953583
2042,chinese,48,0.0011778270589191111
2042,malay,48,0.0026449205391818995
2042,indian,48,0.0012995428692723163
2042,other,48,0.0026449205391818995
2042,chinese,49,0.0006643087956093193
2042,malay,49,0.001491767373283743
2042,indian,49,0.0007329579939530491
2042,other,49,0.001491767373283743
2043,chinese,15,3.308093979586137e-05
2043,malay,15,7.526377476891322e-05
2043,indian,15,3.6703690474839364e-05
2043,other,15,7.526377476891322e-05
2043,chinese,16,6.984954768214554e-05
2043,malay,16,0.000158917511319227
2043,indian,16,7.749889192246413e-05
2043,other,16,0.000158917511319227
2043,chinese,17,0.00014172089996074966
2043,malay,17,0.00032243491147817947
2043,indian,17,0.00015724099974408196
2043,other,17,0.00032243491147817947
2043,chinese,18,0.00027630510343398405
2043,malay,18,0.0006286328381444086
2043,indian,18,0.0003065637510796528
2043,other,18,0.0006286328381444086
2043,chinese,19,0.0005176411129711649
2043,malay,19,0.0011777060862903721
2043,indian,19,0.0005743288825767255
2043,other,19,0.0011777060862903721
2043,chinese,20,0.0009318663075207734
2043,malay,20,0.0021201264630564317
2043,indian,20,0.0010339165914341085
2043,other,20,0.0021201264630564317
2043,chinese,21,0.0016119945944572877
2043,malay,21,0.0036675136448547146
2043,indian,21,0.0017885268981831205
2043,other,21,0.0036675136448547146
2043,chinese,22,0.002679531090377351
2043,malay,22,0.006096308802499372
2043,indian,22,0.0029729711539580607
2043,other,22,0.006096308802499372
2043,chinese,23,0.0042799567758011
2043,malay,23,0.009737501557766443
2043,indian,23,0.004748662211958923
2043,other,23,0.009737501557766443
2043,chinese,24,0.006569093376607922
2043,malay,24,0.014945608177517151
2043,indian,24,0.007288486103574931
2043,other,24,0.014945608177517151
2043,chinese,25,0.009688511405124578
2043,malay,25,0.022042721420283528
2043,indian,25,0.010749516971707429
2043,other,25,0.022042721420283528
2043,chinese,26,0.013730752241609375
2043,malay,26,0.031239385897057458
2043,indian,26,0.01523443056251343
2043,other,26,0.031239385897057458
2043,chinese,27,0.018698955280692455
2043,malay,27,0.04254274417065038
2043,indian,27,0.02074671007113473
2043,other,27,0.04254274417065038
2043,chinese,28,0.024469560125622375
2043,malay,28,0.05567167901982116
2043,indian,28,0.027149263789013507
2043,other,28,0.05567167901982116
2043,chinese,29,0.030769529175282414
2043,malay,29,0.07000499163218103
2043,indian,29,0.03413915329719243
2043,other,29,0.07000499163218103
2043,chinese,30,0.0371793216191943
2043,malay,30,0.08458816785967203
2043,indian,30,0.041250893148632166
2043,other,30,0.08458816785967203
2043,chinese,31,0.043168607257599426
2043,malay,31,0.09821463216501818
2043,indian,31,0.04789607577022517
2043,other,31,0.09821463216501818
2043,chinese,32,0.04816378548392068
2043,malay,32,0.10957936277050893
2043,indian,32,0.05343828456528757
2043,other,32,0.10957936277050893
2043,chinese,33,0.051636787438894154
2043,malay,33,0.11748092900545065
2043,indian,33,0.057291620944497856
2043,other,33,0.11748092900545065
2043,chinese,34,0.05319659783721442
2043,malay,34,0.1210297162897851
2043,indian,34,0.05902224886536925
2043,other,34,0.1210297162897851
2043,chinese,35,0.05266166058407666
2043,malay,35,0.11981265906033182
2043,indian,35,0.058428729712534135
2043,other,35,0.11981265906033182
2043,chinese,36,0.05009464315109437
2043,malay,36,0.11397233459869048
2043,indian,36,0.05558059378032926
2043,other,36,0.11397233459869048
2043,chinese,37,0.045790360157169946
2043,malay,37,0.10417948748505074
2043,indian,37,0.050804941344213116
2043,other,37,0.10417948748505074
2043,chinese,38,0.040220072149081146
2043,malay,38,0.09150630151676023
2043,indian,38,0.04462464150490267
2043,other,38,0.09150630151676023
2043,chinese,39,0.0339467041125774
2043,malay,39,0.07723350993781641
2043,indian,39,0.03766426613263495
2043,other,39,0.07723350993781641
2043,chinese,40,0.02753203603126548
2043,malay,40,0.06263924095185498
2043,indian,40,0.030547116704348166
2043,other,40,0.06263924095185498
2043,chinese,41,0.021456799340002428
2043,malay,41,0.04881722595407477
2043,indian,41,0.0238065703821
2043,other,41,0.04881722595407477
2043,chinese,42,0.016068575924224743
2043,malay,42,0.03655826245206413
2043,indian,42,0.017828273342100923
2043,other,42,0.03655826245206413
2043,chinese,43,0.011563135394953931
2043,malay,43,0.026307753750609564
2043,indian,43,0.012829434262570279
2043,other,43,0.026307753750609564
2043,chinese,44,0.007995755942052544
2043,malay,44,0.01819146547962129
2043,indian,44,0.008871384943125756
2043,other,44,0.01819146547962129
2043,chinese,45,0.005312868422965497
2043,malay,45,0.01208752033135927
2043,indian,45,0.00589468979217058
2043,other,45,0.01208752033135927
2043,chinese,46,0.003392220780981962
2043,malay,46,0.00771777774155601
2043,indian,46,0.0037637087197582085
2043,other,46,0.00771777774155601
2043,chinese,47,0.0020812515631401804
2043,malay,47,0.004735139021208463
2043,indian,47,0.0023091730055181075
2043,other,47,0.004735139021208463
2043,chinese,48,0.001227016349400067
2043,malay,48,0.002791634177532475
2043,indian,48,0.0013613890226172381
2043,other,48,0.002791634177532475
2043,chinese,49,0.0006951224392651088
2043,malay,49,0.0015815009799755436
2043,indian,49,0.0007712464945174799
2043,other,49,0.0015815009799755436
2044,chinese,15,2.9682412336088984e-05
2044,malay,15,6.869919829423203e-05
2044,indian,15,3.321240515220682e-05
2044,other,15,6.869919829423203e-05
2044,chinese,16,6.294988687485936e-05
2044,malay,16,0.00014569593306799455
2044,indian,16,7.043622747034759e-05
2044,other,16,0.00014569593306799455
2044,chinese,17,0.00012828481152382196
2044,malay,17,0.00029691197619736504
2044,indian,17,0.0001435411342906052
2044,other,17,0.00029691197619736504
2044,chinese,18,0.00025121190192086416
2044,malay,18,0.0005814236413308504
2044,indian,18,0.0002810873783162167
2044,other,18,0.0005814236413308504
2044,chinese,19,0.00047270480555078293
2044,malay,19,0.0010940634070932972
2044,indian,19,0.0005289214145259854
2044,other,19,0.0010940634070932972
2044,chinese,20,0.0008547218369714604
2044,malay,20,0.0019782322373144926
2044,indian,20,0.0009563699749369826
2044,other,20,0.0019782322373144926
2044,chinese,21,0.0014850623641092457
2044,malay,21,0.003437139565209772
2044,indian,21,0.0016616740025918386
2044,other,21,0.003437139565209772
2044,chinese,22,0.002479418394015877
2044,malay,22,0.005738551637117599
2044,indian,22,0.002774284222976317
2044,other,22,0.005738551637117599
2044,chinese,23,0.003977775756336902
2044,malay,23,0.009206462141971046
2044,indian,23,0.00445083433678539
2044,other,23,0.009206462141971046
2044,chinese,24,0.006132198895793392
2044,malay,24,0.01419282042011041
2044,indian,24,0.00686147311394168
2044,other,24,0.01419282042011041
2044,chinese,25,0.009084012555139005
2044,malay,25,0.021024719041249456
2044,indian,25,0.010164332399027746
2044,other,25,0.021024719041249456
2044,chinese,26,0.012930784260454891
2044,malay,26,0.02992797559546246
2044,indian,26,0.0144685829753753
2044,other,26,0.02992797559546246
2044,chinese,27,0.01768714490727909
2044,malay,27,0.04093645292322239
2044,indian,27,0.019790595723654245
2044,other,27,0.04093645292322239
2044,chinese,28,0.023247507780857907
2044,malay,28,0.05380577322356187
2044,indian,28,0.026012226986624615
2044,other,28,0.05380577322356187
2044,chinese,29,0.029361682103253812
2044,malay,29,0.06795687622097825
2044,indian,29,0.03285353194753362
2044,other,29,0.06795687622097825
2044,chinese,30,0.035634558250037265
2044,malay,30,0.08247529060736826
2044,indian,30,0.039872412411076065
2044,other,30,0.08247529060736826
2044,chinese,31,0.04155734441987319
2044,malay,31,0.09618343052971481
2044,indian,31,0.04649956830646501
2044,other,31,0.09618343052971481
2044,chinese,32,0.046570424080110376
2044,malay,32,0.10778607757012022
2044,indian,32,0.05210883047999975
2044,other,32,0.10778607757012022
2044,chinese,33,0.0501485777796205
2044,malay,33,0.11606762449247104
2044,indian,33,0.05611251754624635
2044,other,33,0.11606762449247104
2044,chinese,34,0.05189112535257127
2044,malay,34,0.12010070711041337
2044,indian,34,0.058062298289621776
2044,other,34,0.12010070711041337
2044,chinese,35,0.05159571150546673
2044,malay,35,0.11941697917646707
2044,indian,35,0.057731752232026624
2044,other,35,0.11941697917646707
2044,chinese,36,0.04929696347760958
2044,malay,36,0.11409658456682055
2044,indian,36,0.055159624671113974
2044,other,36,0.11409658456682055
2044,chinese,37,0.04525981439433749
2044,malay,37,0.10475270434998671
2044,indian,37,0.05064235601062611
2044,other,37,0.10475270434998671
2044,chinese,38,0.039929271317206146
2044,malay,38,0.09241529619982275
2044,indian,38,0.04467787595575789
2044,other,38,0.09241529619982275
2044,chinese,39,0.033849790742793866
2044,malay,39,0.07834449101126738
2044,indian,39,0.037875390710754506
2044,other,39,0.07834449101126738
2044,chinese,40,0.027574429836147222
2044,malay,40,0.06382032571054391
2044,indian,40,0.030853729986283548
2044,other,40,0.06382032571054391
2044,chinese,41,0.021584549868909574
2044,malay,41,0.04995689887823116
2044,indian,41,0.02415150113667258
2044,other,41,0.04995689887823116
2044,chinese,42,0.01623548612253945
2044,malay,42,0.037576625104000984
2044,indian,42,0.018166297834533086
2044,other,42,0.037576625104000984
2044,chinese,43,0.01173473745796979
2044,malay,43,0.027159755293057867
2044,indian,43,0.013130295826226063
2044,other,43,0.027159755293057867
2044,chinese,44,0.00815017931488725
2044,malay,44,0.01886338544681649
2044,indian,44,0.009119442665381321
2044,other,44,0.01886338544681649
2044,chinese,45,0.005439344584244424
2044,malay,45,0.012589226507352717
2044,indian,45,0.0060862208249409105
2044,other,45,0.012589226507352717
2044,chinese,46,0.0034882813865208732
2044,malay,46,0.008073539709820358
2044,indian,46,0.0039031266523163652
2044,other,46,0.008073539709820358
2044,chinese,47,0.0021496209064572258
2044,malay,47,0.004975243630403323
2044,indian,47,0.002405265436667621
2044,other,47,0.004975243630403323
2044,chinese,48,0.0012729096015681035
2044,malay,48,0.002946117321550602
2044,indian,48,0.0014242908875035335
2044,other,48,0.002946117321550602
2044,chinese,49,0.0007242999368365886
2044,malay,49,0.001676374023169872
2044,indian,49,0.0008104375979133853
2044,other,49,0.001676374023169872
2045,chinese,15,2.6674156384534116e-05
2045,malay,15,6.264806517861461e-05
2045,indian,15,3.0031734263829044e-05
2045,other,15,6.264806517861461e-05
2045,chinese,16,5.682029515367096e-05
2045,malay,16,0.00013345057676572778
2045,indian,16,6.397248258755694e-05
2045,other,16,0.00013345057676572778
2045,chinese,17,0.0001163056428146362
2045,malay,17,0.00027316040989834887
2045,indian,17,0.0001309454780139986
2045,other,17,0.00027316040989834887
2045,chinese,18,0.00022876140439862433
2045,malay,18,0.0005372788239865732
2045,indian,18,0.0002575564755518625
2045,other,18,0.0005372788239865732
2045,chinese,19,0.0004323640146055869
2045,malay,19,0.0010154686272891241
2045,indian,19,0.0004867873234561181
2045,other,19,0.0010154686272891241
2045,chinese,20,0.0007852379644616155
2045,malay,20,0.0018442434868094573
2045,indian,20,0.0008840788642993161
2045,other,20,0.0018442434868094573
2045,chinese,21,0.0013703709132283962
2045,malay,21,0.003218511770463613
2045,indian,21,0.0015428647307780534
2045,other,21,0.003218511770463613
2045,chinese,22,0.002298053825411894
2045,malay,22,0.0053973075572820405
2045,indian,22,0.0025873186320809365
2045,other,22,0.0053973075572820405
2045,chinese,23,0.0037031184143011763
2045,malay,23,0.00869730237908403
2045,indian,23,0.004169244063900966
2045,other,23,0.00869730237908403
2045,chinese,24,0.005734036454155971
2045,malay,24,0.013467203398597366
2045,indian,24,0.006455801509440253
2045,other,24,0.013467203398597366
2045,chinese,25,0.008531764244397886
2045,malay,25,0.02003806661272777
2045,indian,25,0.009605689975558366
2045,other,25,0.02003806661272777
2045,chinese,26,0.012198400279016962
2045,malay,26,0.028649684913663397
2045,indian,26,0.013733859483393512
2045,other,26,0.028649684913663397
2045,chinese,27,0.016759174910011942
2045,malay,27,0.03936131538581623
2045,indian,27,0.018868716225654697
2045,other,27,0.03936131538581623
2045,chinese,28,0.022125249623127178
2045,malay,28,0.051964308092849895
2045,indian,28,0.024910239245200572
2045,other,28,0.051964308092849895
2045,chinese,29,0.028067878060005904
2045,malay,29,0.06592141954855561
2045,indian,29,0.031600889006423855
2045,other,29,0.06592141954855561
2045,chinese,30,0.0342150275453077
2045,malay,30,0.08035887789086188
2045,indian,30,0.03852180366109143
2045,other,30,0.08035887789086188
2045,chinese,31,0.0400783804519958
2045,malay,31,0.09412979944384471
2045,indian,31,0.04512319917854454
2045,other,31,0.09412979944384471
2045,chinese,32,0.04511172420359346
2045,malay,32,0.10595132597576883
2045,indian,32,0.05079010912041356
2045,other,32,0.10595132597576883
2045,chinese,33,0.04879268416216948
2045,malay,33,0.11459658605748776
2045,indian,33,0.054934405559188486
2045,other,33,0.11459658605748776
2045,chinese,34,0.05071145043384018
2045,malay,34,0.11910308263482093
2045,indian,34,0.05709469426539938
2045,other,34,0.11910308263482093
2045,chinese,35,0.05064579611197449
2045,malay,35,0.11894888408487601
2045,indian,35,0.057020775783438116
2045,other,35,0.11894888408487601
2045,chinese,36,0.04860341888620596
2045,malay,36,0.11415206953094126
2045,indian,36,0.054721316740514454
2045,other,36,0.11415206953094126
2045,chinese,37,0.044820456442133526
2045,malay,37,0.10526724204669088
2045,indian,37,0.0504621783740505
2045,other,37,0.10526724204669088
2045,chinese,38,0.039716571323701995
2045,malay,38,0.09328003904187339
2045,indian,38,0.044715847754248056
2045,other,38,0.09328003904187339
2045,chinese,39,0.03381841233335835
2045,malay,39,0.07942737043132551
2045,indian,39,0.03807526497853496
2045,other,39,0.07942737043132551
2045,chinese,40,0.027670731142266154
2045,malay,40,0.0649886633020461
2045,indian,40,0.031153751690239626
2045,other,40,0.0649886633020461
2045,chinese,41,0.021755745111231142
2045,malay,41,0.051096473983634094
2045,indian,41,0.024494223789994586
2045,other,41,0.051096473983634094
2045,chinese,42,0.0164366437277633
2045,malay,42,0.038603804848787046
2045,indian,42,0.018505586812395877
2045,other,42,0.038603804848787046
2045,chinese,43,0.011932683159410803
2045,malay,43,0.028025610315457465
2045,indian,43,0.013434695535701091
2045,other,43,0.028025610315457465
2045,chinese,44,0.008324320464869011
2045,malay,44,0.01955085527477677
2045,indian,44,0.009372134455687915
2045,other,44,0.01955085527477677
2045,chinese,45,0.005580140123767122
2045,malay,45,0.013105755891206267
2045,indian,45,0.006282533660523534
2045,other,45,0.013105755891206267
2045,chinese,46,0.003594404578003552
2045,malay,46,0.00844197241085532
2045,indian,46,0.004046846002068178
2045,other,46,0.00844197241085532
2045,chinese,47,0.0022248167874368624
2045,malay,47,0.005225299915787941
2045,indian,47,0.0025048629685904366
2045,other,47,0.005225299915787941
2045,chinese,48,0.0013232651596255147
2045,malay,48,0.0031078771817081787
2045,indian,48,0.0014898295961666595
2045,other,48,0.0031078771817081787
2045,chinese,49,0.0007562836588863059
2045,malay,49,0.001776240165664679
2045,indian,49,0.0008514799697627462
2045,other,49,0.001776240165664679
2046,chinese,15,2.1875285302505274e-05
2046,malay,15,5.7080850024380665e-05
2046,indian,15,2.712605257348875e-05
2046,other,15,5.7080850024380665e-05
2046,chinese,16,4.6806860955819535e-05
2046,malay,16,0.00012213671151640651
2046,indian,16,5.804200281411313e-05
2046,other,16,0.00012213671151640651
2046,chinese,17,9.623871096779155e-05
2046,malay,17,0.00025112300714373294
2046,indian,17,0.00011933907591221794
2046,other,17,0.00025112300714373294
2046,chinese,18,0.00019014054225584403
2046,malay,18,0.0004961482159420001
2046,indian,18,0.00023578034637075065
2046,other,18,0.0004961482159420001
2046,chinese,19,0.0003609810973807084
2046,malay,19,0.000941935503756139
2046,indian,19,0.0004476280921677089
2046,other,19,0.000941935503756139
2046,chinese,20,0.000658535420480734
2046,malay,20,0.0017183666888174601
2046,indian,20,0.0008166049580811224
2046,other,20,0.0017183666888174601
2046,chinese,21,0.0011544068588505965
2046,malay,21,0.0030122818452850393
2046,indian,21,0.0014315013821004194
2046,other,21,0.0030122818452850393
2046,chinese,22,0.0019445712710887753
2046,malay,22,0.00507411809957174
2046,indian,22,0.002411330494803143
2046,other,22,0.00507411809957174
2046,chinese,23,0.0031475610162225924
2046,malay,23,0.00821317097468954
2046,indian,23,0.0039030762078581644
2046,other,23,0.00821317097468954
2046,chinese,24,0.004895644632038309
2046,malay,24,0.012774578852328805
2046,indian,24,0.006070755733392892
2046,other,24,0.012774578852328805
2046,chinese,25,0.0073169678870587665
2046,malay,25,0.019092722257961978
2046,indian,25,0.009073273917947664
2046,other,25,0.019092722257961978
2046,chinese,26,0.010508434950782174
2046,malay,26,0.027420460630420283
2046,indian,26,0.01303079502727026
2046,other,26,0.027420460630420283
2046,chinese,27,0.014502091536138479
2046,malay,27,0.03784141329207522
2046,indian,27,0.017983056769082968
2046,other,27,0.03784141329207522
2046,chinese,28,0.019231317079132042
2046,malay,28,0.05018174212518854
2046,indian,28,0.023847447515860445
2046,other,28,0.05018174212518854
2046,chinese,29,0.024506047123161036
2046,malay,29,0.06394549744991711
2046,indian,29,0.03038828126987345
2046,other,29,0.06394549744991711
2046,chinese,30,0.03000705715520878
2046,malay,30,0.07829970240220496
2046,indian,30,0.03720970943746524
2046,other,30,0.07829970240220496
2046,chinese,31,0.035306892783643684
2046,malay,31,0.09212896764273262
2046,indian,31,0.04378167491813074
2046,other,31,0.09212896764273262
2046,chinese,32,0.03991917724190759
2046,malay,32,0.10416415318620038
2046,indian,32,0.049501054984201154
2046,other,32,0.10416415318620038
2046,chinese,33,0.043370026004060036
2046,malay,33,0.11316871600333923
2046,indian,33,0.053780217685433916
2046,other,33,0.11316871600333923
2046,chinese,34,0.04527764401934813
2046,malay,34,0.11814640915470564
2046,indian,34,0.05614572496258531
2046,other,34,0.11814640915470564
2046,chinese,35,0.04542176498829279
2046,malay,35,0.11852247498881646
2046,indian,35,0.05632443956797093
2046,other,35,0.11852247498881646
2046,chinese,36,0.04378549250729289
2046,malay,36,0.11425282443133183
2046,indian,36,0.054295409421375625
2046,other,36,0.11425282443133183
2046,chinese,37,0.04055855853948613
2046,malay,37,0.10583253956154492
2046,indian,37,0.05029390821801176
2046,other,37,0.10583253956154492
2046,chinese,38,0.03610113083066558
2046,malay,38,0.09420143354289265
2046,indian,38,0.04476655546809612
2046,other,38,0.09420143354289265
2046,chinese,39,0.030877710778012078
2046,malay,39,0.08057156529126758
2046,indian,39,0.03828934774246855
2046,other,39,0.08057156529126758
2046,chinese,40,0.025377880187929688
2046,malay,40,0.06622043794683745
2046,indian,40,0.031469382120590667
2046,other,40,0.06622043794683745
2046,chinese,41,0.02004248207199933
2046,malay,41,0.052298376795895336
2046,indian,41,0.02485331801939951
2046,other,41,0.052298376795895336
2046,chinese,42,0.0152101509412242
2046,malay,42,0.039689006690339215
2046,indian,42,0.018861073050100742
2046,other,42,0.039689006690339215
2046,chinese,43,0.011091782363187908
2046,malay,43,0.028942633516358767
2046,indian,43,0.01375416445348361
2046,other,43,0.028942633516358767
2046,chinese,44,0.007772395257691356
2046,malay,44,0.02028110362444864
2046,indian,44,0.009638018406001063
2046,other,44,0.02028110362444864
2046,chinese,45,0.005233522049344055
2046,malay,45,0.013656228161910406
2046,indian,45,0.006489734524228621
2046,other,45,0.013656228161910406
2046,chinese,46,0.0033862482174800857
2046,malay,46,0.00883599568985601
2046,indian,46,0.004199055962197101
2046,other,46,0.00883599568985601
2046,chinese,47,0.0021053726283312983
2046,malay,47,0.005493709342819485
2046,indian,47,0.0026107293145273126
2046,other,47,0.005493709342819485
2046,chinese,48,0.0012578373868961901
2046,malay,48,0.003282171009136853
2046,indian,48,0.0015597585409292075
2046,other,48,0.003282171009136853
2046,chinese,49,0.0007221131486401428
2046,malay,49,0.00188426490297892
2046,indian,49,0.0008954433719672071
2046,other,49,0.00188426490297892
2047,chinese,15,2.1457809092077978e-05
2047,malay,15,5.192638624667347e-05
2047,indian,15,2.448452609246639e-05
2047,other,15,5.192638624667347e-05
2047,chinese,16,4.611980702680501e-05
2047,malay,16,0.0001116066837494641
2047,indian,16,5.2625205755242744e-05
2047,other,16,0.0001116066837494641
2047,chinese,17,9.525198989849876e-05
2047,malay,17,0.00023050310481416935
2047,indian,17,0.00010868769602811706
2047,other,17,0.00023050310481416935
2047,chinese,18,0.00018903632489299853
2047,malay,18,0.0004574545881606087
2047,indian,18,0.00021570071806517108
2047,other,18,0.0004574545881606087
2047,chinese,19,0.0003604966713553217
2047,malay,19,0.0008723765467904888
2047,indian,19,0.0004113462897433153
2047,other,19,0.0008723765467904888
2047,chinese,20,0.0006606054958783434
2047,malay,20,0.0015986187587211972
2047,indian,20,0.0007537867650538242
2047,other,20,0.0015986187587211972
2047,chinese,21,0.0011632369044047195
2047,malay,21,0.0028149513557189933
2047,indian,21,0.0013273165128555558
2047,other,21,0.0028149513557189933
2047,chinese,22,0.001968245899295032
2047,malay,22,0.0047630164084625825
2047,indian,22,0.0022458755165023375
2047,other,22,0.0047630164084625825
2047,chinese,23,0.0032001906460630523
2047,malay,23,0.007744235902061948
2047,indian,23,0.0036515914107617662
2047,other,23,0.007744235902061948
2047,chinese,24,0.00499985915979677
2047,malay,24,0.012099306914163308
2047,indian,24,0.005705110970620813
2047,other,24,0.012099306914163308
2047,chinese,25,0.007506287862516821
2047,malay,25,0.018164687790593985
2047,indian,25,0.008565082308203107
2047,other,25,0.018164687790593985
2047,chinese,26,0.01082874875868416
2047,malay,26,0.026204809083664307
2047,indian,26,0.012356190717935473
2047,other,26,0.026204809083664307
2047,chinese,27,0.01501125635181854
2047,malay,27,0.03632618279096056
2047,indian,27,0.017128659139879127
2047,other,27,0.03632618279096056
2047,chinese,28,0.019995928827239814
2047,malay,28,0.04838873899887494
2047,indian,28,0.022816441278453094
2047,other,28,0.04838873899887494
2047,chinese,29,0.025594813277817777
2047,malay,29,0.06193764491390334
2047,indian,29,0.02920507265412748
2047,other,29,0.06193764491390334
2047,chinese,30,0.03148098035945166
2047,malay,30,0.07618175455630939
2047,indian,30,0.0359215091214502
2047,other,30,0.07618175455630939
2047,chinese,31,0.03720749897683686
2047,malay,31,0.090039526162866
2047,indian,31,0.042455778016503756
2047,other,31,0.090039526162866
2047,chinese,32,0.042257003209992657
2047,malay,32,0.10225897065693892
2047,indian,32,0.048217536713311596
2047,other,32,0.10225897065693892
2047,chinese,33,0.0461161375272094
2047,malay,33,0.11159780381896811
2047,indian,33,0.052621018656820465
2047,other,33,0.11159780381896811
2047,chinese,34,0.04836076836545158
2047,malay,34,0.11702965230767466
2047,indian,34,0.055182264406144675
2047,other,34,0.11702965230767466
2047,chinese,35,0.04873259135961961
2047,malay,35,0.11792943775770424
2047,indian,35,0.05560653464563745
2047,other,35,0.11792943775770424
2047,chinese,36,0.047188032206654275
2047,malay,36,0.11419171342557179
2047,indian,36,0.0538441087278815
2047,other,36,0.11419171342557179
2047,chinese,37,0.04390664666707391
2047,malay,37,0.10625099160158066
2047,indian,37,0.05009986953186036
2047,other,37,0.10625099160158066
2047,chinese,38,0.03925678197491117
2047,malay,38,0.09499864664110874
2047,indian,38,0.044794121265895534
2047,other,38,0.09499864664110874
2047,chinese,39,0.033727575312269796
2047,malay,39,0.08161835606391299
2047,indian,39,0.038484996032226514
2047,other,39,0.08161835606391299
2047,chinese,40,0.027844633673193467
2047,malay,40,0.06738205176525576
2047,indian,40,0.03177223997011764
2047,other,40,0.06738205176525576
2047,chinese,41,0.02208939470644911
2047,malay,41,0.05345477893667023
2047,indian,41,0.025205199595913934
2047,other,41,0.05345477893667023
2047,chinese,42,0.016838832926239923
2047,malay,42,0.0407487893437336
2047,indian,42,0.019214023313378133
2047,other,42,0.0407487893437336
2047,chinese,43,0.012334625367448511
2047,malay,43,0.02984892438411207
2047,indian,43,0.014074477750927013
2047,other,43,0.02984892438411207
2047,chinese,44,0.008682117729491401
2047,malay,44,0.021010113228526427
2047,indian,44,0.009906768075594395
2047,other,44,0.021010113228526427
2047,chinese,45,0.005872337784505541
2047,malay,45,0.014210643717663913
2047,indian,45,0.006700656487879042
2047,other,45,0.014210643717663913
2047,chinese,46,0.0038166466012893997
2047,malay,46,0.00923601588285054
2047,indian,46,0.004355001151049195
2047,other,46,0.00923601588285054
2047,chinese,47,0.0023836271970645913
2047,malay,47,0.005768209884416742
2047,indian,47,0.002719848147161828
2047,other,47,0.005768209884416742
2047,chinese,48,0.0014304743397665375
2047,malay,48,0.0034616471217509197
2047,indian,48,0.0016322489470534125
2047,other,48,0.0034616471217509197
2047,chinese,49,0.0008249109184695164
2047,malay,49,0.001996226305665121
2047,indian,49,0.0009412681798294139
2047,other,49,0.001996226305665121
2048,chinese,15,2.2418734183228635e-05
2048,malay,15,4.729777819364194e-05
2048,indian,15,2.211647925879632e-05
2048,other,15,4.729777819364194e-05
2048,chinese,16,4.83988152372391e-05
2048,malay,16,0.0001021090847153405
2048,indian,16,4.7746290428185035e-05
2048,other,16,0.0001021090847153405
2048,chinese,17,0.00010040210695226083
2048,malay,17,0.00021182269016575004
2048,indian,17,9.904846088992413e-05
2048,other,17,0.00021182269016575004
2048,chinese,18,0.00020014075679125587
2048,malay,18,0.00042224565601487406
2048,indian,18,0.00019744240955963464
2048,other,18,0.00042224565601487406
2048,chinese,19,0.00038336549147822334
2048,malay,19,0.0008088028447475088
2048,indian,19,0.0003781968630128664
2048,other,19,0.0008088028447475088
2048,chinese,20,0.0007056273594747473
2048,malay,20,0.0014886927184662039
2048,indian,20,0.0006961139167231505
2048,other,20,0.0014886927184662039
2048,chinese,21,0.0012480237695551147
2048,malay,21,0.002633010006290627
2048,indian,21,0.0012311976041225092
2048,other,21,0.002633010006290627
2048,chinese,22,0.0021210723487449317
2048,malay,22,0.004474918550872307
2048,indian,22,0.0020924755262282982
2048,other,22,0.004474918550872307
2048,chinese,23,0.003463964303153288
2048,malay,23,0.007308076091281019
2048,indian,23,0.003417262278849477
2048,other,23,0.007308076091281019
2048,chinese,24,0.005435966164882133
2048,malay,24,0.011468494154637859
2048,indian,24,0.005362677123272807
2048,other,24,0.011468494154637859
2048,chinese,25,0.008197201219969412
2048,malay,25,0.017293991799091326
2048,indian,25,0.008086684523752379
2048,other,25,0.017293991799091326
2048,chinese,26,0.011877910678849912
2048,malay,26,0.02505934456872295
2048,indian,26,0.011717769746480262
2048,other,26,0.02505934456872295
2048,chinese,27,0.01653865573115213
2048,malay,27,0.03489232103827836
2048,indian,27,0.016315677480133343
2048,other,27,0.03489232103827836
2048,chinese,28,0.022128202024002855
2048,malay,28,0.04668482986601242
2048,indian,28,0.021829864126067855
2048,other,28,0.04668482986601242
2048,chinese,29,0.028449712651634353
2048,malay,29,0.060021595674054365
2048,indian,29,0.028066146582410263
2048,other,29,0.060021595674054365
2048,chinese,30,0.03514758860605387
2048,malay,30,0.07415239577505449
2048,indian,30,0.03467372011502871
2048,other,30,0.07415239577505449
2048,chinese,31,0.04172526725130105
2048,malay,31,0.08802961038713979
2048,indian,31,0.041162716868354154
2048,other,31,0.08802961038713979
2048,chinese,32,0.04759799966768729
2048,malay,32,0.10041956929162796
2048,indian,32,0.046956271652398685
2048,other,32,0.10041956929162796
2048,chinese,33,0.05217521997033658
2048,malay,33,0.11007632996547982
2048,indian,33,0.05147178073775176
2048,other,33,0.11007632996547982
2048,chinese,34,0.05495736598315137
2048,malay,34,0.11594594436658551
2048,indian,34,0.05421641716924986
2048,other,34,0.11594594436658551
2048,chinese,35,0.05562545495625057
2048,malay,35,0.11735544071927893
2048,indian,35,0.05487549880141591
2048,other,35,0.11735544071927893
2048,chinese,36,0.054101248955844124
2048,malay,36,0.11413975705313449
2048,indian,36,0.053371842523652444
2048,other,36,0.11413975705313449
2048,chinese,37,0.05056232645362522
2048,malay,37,0.10667353839036732
2048,indian,37,0.04988063265073445
2048,other,37,0.10667353839036732
2048,chinese,38,0.045408047904394185
2048,malay,38,0.09579933284525
2048,indian,38,0.04479584536094153
2048,other,38,0.09579933284525
2048,chinese,39,0.03918543002833112
2048,malay,39,0.0826712053746991
2048,indian,39,0.03865712235960817
2048,other,39,0.0826712053746991
2048,chinese,40,0.03249393967716828
2048,malay,40,0.06855387725851304
2048,indian,40,0.03205584833796243
2048,other,40,0.06855387725851304
2048,chinese,41,0.025892026743955805
2048,malay,41,0.05462553451548623
2048,indian,41,0.025542944029341687
2048,other,41,0.05462553451548623
2048,chinese,42,0.019825109553302772
2048,malay,42,0.04182589555026009
2048,indian,42,0.019557822518231068
2048,other,42,0.04182589555026009
2048,chinese,43,0.014586495264639633
2048,malay,43,0.03077376322904314
2048,indian,43,0.014389836524323947
2048,other,43,0.03077376322904314
2048,chinese,44,0.010312692178924648
2048,malay,44,0.02175713504926522
2048,indian,44,0.010173653909869903
2048,other,44,0.02175713504926522
2048,chinese,45,0.007006140054234313
2048,malay,45,0.014781158274612367
2048,indian,45,0.006911681539523032
2048,other,45,0.014781158274612367
2048,chinese,46,0.004573736563766633
2048,malay,46,0.009649410878470476
2048,indian,46,0.004512072315100498
2048,other,46,0.009649410878470476
2048,chinese,47,0.0028691215890623125
2048,malay,47,0.006053110555705579
2048,indian,47,0.0028304393814942374
2048,other,47,0.006053110555705579
2048,chinese,48,0.001729466399060644
2048,malay,48,0.003648730453181481
2048,indian,48,0.0017061493049069802
2048,other,48,0.003648730453181481
2048,chinese,49,0.0010017527836853912
2048,malay,49,0.0021134414004096765
2048,indian,49,0.0009882469046532379
2048,other,49,0.0021134414004096765
2049,chinese,15,1.7623766235152036e-05
2049,malay,15,4.3144364762774895e-05
2049,indian,15,1.9973606852203752e-05
2049,other,15,4.3144364762774895e-05
2049,chinese,16,3.821390935029786e-05
2049,malay,16,9.355065324983541e-05
2049,indian,16,4.330910836335307e-05
2049,other,16,9.355065324983541e-05
2049,chinese,17,7.962118727014364e-05
2049,malay,17,0.00019491892371884103
2049,indian,17,9.023736869974544e-05
2049,other,17,0.00019491892371884103
2049,chinese,18,0.0001594117858539544
2049,malay,18,0.00039025257964726037
2049,indian,18,0.00018066673693752116
2049,other,18,0.00039025257964726037
2049,chinese,19,0.00030668812279271973
2049,malay,19,0.0007507966266477007
2049,indian,19,0.00034757996157961
2049,other,19,0.0007507966266477007
2049,chinese,20,0.000566967788965223
2049,malay,20,0.0013879817043345242
2049,indian,20,0.0006425636588430893
2049,other,20,0.0013879817043345242
2049,chinese,21,0.001007174801711376
2049,malay,21,0.0024656430665903127
2049,indian,21,0.0011414650678187315
2049,other,21,0.0024656430665903127
2049,chinese,22,0.0017192399078582523
2049,malay,22,0.004208834406314744
2049,indian,22,0.001948472394946261
2049,other,22,0.004208834406314744
2049,chinese,23,0.0028200278863825066
2049,malay,23,0.006903649886629036
2049,indian,23,0.00319603242367731
2049,other,23,0.006903649886629036
2049,chinese,24,0.0044448357990397045
2049,malay,24,0.010881307347456126
2049,indian,24,0.005037481863300152
2049,other,24,0.010881307347456126
2049,chinese,25,0.006731991270889962
2049,malay,25,0.01648044368585484
2049,indian,25,0.007629592062395147
2049,other,25,0.01648044368585484
2049,chinese,26,0.009797538179057666
2049,malay,26,0.023985143432698888
2049,indian,26,0.011103879448742918
2049,other,26,0.023985143432698888
2049,chinese,27,0.013701750935448462
2049,malay,27,0.033542963085187616
2049,indian,27,0.015528655040010615
2049,other,27,0.033542963085187616
2049,chinese,28,0.01841284656116941
2049,malay,28,0.045076095413225686
2049,indian,28,0.020867898117554493
2049,other,28,0.045076095413225686
2049,chinese,29,0.02377670274060683
2049,malay,29,0.0582072368760037
2049,indian,29,0.026946936678912396
2049,other,29,0.0582072368760037
2049,chinese,30,0.029503137959174402
2049,malay,30,0.07222600032098699
2049,indian,30,0.03343689825659985
2049,other,30,0.07222600032098699
2049,chinese,31,0.03517796637533359
2049,malay,31,0.08611842625799158
2049,indian,31,0.03986837210990132
2049,other,31,0.08611842625799158
2049,chinese,32,0.0403050279783334
2049,malay,32,0.09866987598840347
2049,indian,32,0.045679043415850155
2049,other,32,0.09866987598840347
2049,chinese,33,0.04437452671693308
2049,malay,33,0.10863232871485853
2049,indian,33,0.05029114316829719
2049,other,33,0.10863232871485853
2049,chinese,34,0.046945532866417776
2049,malay,34,0.11492635381940498
2049,indian,34,0.053204950884492334
2049,other,34,0.11492635381940498
2049,chinese,35,0.047724441726975084
2049,malay,35,0.11683318392305292
2049,indian,35,0.054087714486033917
2049,other,35,0.11683318392305292
2049,chinese,36,0.04662013097175389
2049,malay,36,0.11412974440853602
2049,indian,36,0.052836161976023095
2049,other,36,0.11412974440853602
2049,chinese,37,0.043761496497699746
2049,malay,37,0.10713158256126665
2049,indian,37,0.049596375408437525
2049,other,37,0.10713158256126665
2049,chinese,38,0.03947270322372148
2049,malay,38,0.09663227957825375
2049,indian,38,0.044735741785531406
2049,other,38,0.09663227957825375
2049,chinese,39,0.034212718060810644
2049,malay,39,0.08375542252696347
2049,indian,39,0.03877442373974086
2049,other,39,0.08375542252696347
2049,chinese,40,0.028494711176307606
2049,malay,40,0.06975729230613734
2049,indian,40,0.032294014276441324
2049,other,40,0.06975729230613734
2049,chinese,41,0.022804831601471707
2049,malay,41,0.05582801994984947
2049,indian,41,0.025845482438934454
2049,other,41,0.05582801994984947
2049,chinese,42,0.01753780989145281
2049,malay,42,0.04293393687824946
2049,indian,42,0.01987618963771092
2049,other,42,0.04293393687824946
2049,chinese,43,0.012960139140103404
2049,malay,43,0.03172743912828649
2049,indian,43,0.01468816145654296
2049,other,43,0.03172743912828649
2049,chinese,44,0.009203006280345186
2049,malay,44,0.022529682621490785
2049,indian,44,0.010430076457513282
2049,other,44,0.022529682621490785
2049,chinese,45,0.0062796500511522624
2049,malay,45,0.015373076831278908
2049,indian,45,0.007116938548637895
2049,other,45,0.015373076831278908
2049,chinese,46,0.004117434966516486
2049,malay,46,0.010079804379614697
2049,indian,46,0.004666427491343058
2049,other,46,0.010079804379614697
2049,chinese,47,0.002594200509446459
2049,malay,47,0.006350806720534611
2049,indian,47,0.002940094664222222
2049,other,47,0.006350806720534611
2049,chinese,48,0.001570600433245061
2049,malay,48,0.0038449532911608453
2049,indian,48,0.0017800142805438834
2049,other,48,0.0038449532911608453
2049,chinese,49,0.0009137200448208054
2049,malay,49,0.0022368584772860713
2049,indian,49,0.0010355496495310452
2049,other,49,0.0022368584772860713
2050,chinese,15,1.6493244040036097e-05
2050,malay,15,3.9285683948221125e-05
2050,indian,15,1.8022983466282236e-05
2050,other,15,3.9285683948221125e-05
2050,chinese,16,3.5920143536032223e-05
2050,malay,16,8.55591175942008e-05
2050,indian,16,3.925171733862107e-05
2050,other,16,8.55591175942008e-05
2050,chinese,17,7.51717149399562e-05
2050,malay,17,0.0001790534492673661
2050,indian,17,8.214385067038314e-05
2050,other,17,0.0001790534492673661
2050,chinese,18,0.00015116645655051706
2050,malay,18,0.00036006728701766766
2050,indian,18,0.0001651870632880345
2050,other,18,0.00036006728701766766
2050,chinese,19,0.0002921064478250234
2050,malay,19,0.0006957758922765748
2050,indian,19,0.00031919916220031323
2050,other,19,0.0006957758922765748
2050,chinese,20,0.0005423900787721484
2050,malay,20,0.0012919329368782412
2050,indian,20,0.0005926964639737759
2050,other,20,0.0012919329368782412
2050,chinese,21,0.0009677592974524512
2050,malay,21,0.002305130864818411
2050,indian,21,0.0010575184466432152
2050,other,21,0.002305130864818411
2050,chinese,22,0.001659235840749385
2050,malay,22,0.003952176701988497
2050,indian,22,0.0018131290637486753
2050,other,22,0.003952176701988497
2050,chinese,23,0.002733594943981786
2050,malay,23,0.006511220397336015
2050,indian,23,0.0029871343902572014
2050,other,23,0.006511220397336015
2050,chinese,24,0.004327584857924552
2050,malay,24,0.010307986141164216
2050,indian,24,0.004728966002926909
2050,other,24,0.010307986141164216
2050,chinese,25,0.006583282849258974
2050,malay,25,0.01568089144439572
2050,indian,25,0.007193878757753118
2050,other,25,0.01568089144439572
2050,chinese,26,0.009623322167115245
2050,malay,26,0.02292203961036961
2050,indian,26,0.010515880071113395
2050,other,26,0.02292203961036961
2050,chinese,27,0.013517401405645965
2050,malay,27,0.03219744752059614
2050,indian,27,0.01477113304391052
2050,other,27,0.03219744752059614
2050,chinese,28,0.018245137840914263
2050,malay,28,0.043458565038507646
2050,indian,28,0.01993736446563356
2050,other,28,0.043458565038507646
2050,chinese,29,0.02366393200759802
2050,malay,29,0.05636573081475214
2050,indian,29,0.02585874884800605
2050,other,29,0.05636573081475214
2050,chinese,30,0.029492565359897856
2050,malay,30,0.07024910313208861
2050,indian,30,0.03222798477785234
2050,other,30,0.07024910313208861
2050,chinese,31,0.035320278941536595
2050,malay,31,0.08413028462393261
2050,indian,31,0.03859621562880831
2050,other,31,0.08413028462393261
2050,chinese,32,0.040646361285054056
2050,malay,32,0.0968166177141189
2050,indian,32,0.04441628921677316
2050,other,32,0.0968166177141189
2050,chinese,33,0.044947467590941176
2050,malay,33,0.1070615339083264
2050,indian,33,0.04911632079634325
2050,other,33,0.1070615339083264
2050,chinese,34,0.04776115411318221
2050,malay,34,0.11376352650443479
2050,indian,34,0.05219097521524072
2050,other,34,0.11376352650443479
2050,chinese,35,0.048767494229327996
2050,malay,35,0.11616055401772156
2050,indian,35,0.05329065283055553
2050,other,35,0.11616055401772156
2050,chinese,36,0.047848917666140564
2050,malay,36,0.11397257277788624
2050,indian,36,0.05228687879006633
2050,other,36,0.11397257277788624
2050,chinese,37,0.04511280592577442
2050,malay,37,0.1074553575582413
2050,indian,37,0.04929699417192714
2050,other,37,0.1074553575582413
2050,chinese,38,0.04087084271232156
2050,malay,38,0.0973513158233853
2050,indian,38,0.044661591174490436
2050,other,38,0.0973513158233853
2050,chinese,39,0.035580606984930464
2050,malay,39,0.08475036671395714
2050,indian,39,0.038880688956827225
2050,other,39,0.08475036671395714
2050,chinese,40,0.029764534071430985
2050,malay,40,0.07089691243019634
2050,indian,40,0.0325251784396577
2050,other,40,0.07089691243019634
2050,chinese,41,0.023926036399737248
2050,malay,41,0.05699004403573081
2050,indian,41,0.02614516328015162
2050,other,41,0.05699004403573081
2050,chinese,42,0.018481121145483784
2050,malay,42,0.044020659766377486
2050,indian,42,0.020195235093525252
2050,other,42,0.044020659766377486
2050,chinese,43,0.013717396543371146
2050,malay,43,0.0326738211043969
2050,indian,43,0.014989677622030394
2050,other,43,0.0326738211043969
2050,chinese,44,0.009783648228655186
2050,malay,44,0.023303924397075727
2050,indian,44,0.010691076287778493
2050,other,44,0.023303924397075727
2050,chinese,45,0.006705260328391035
2050,malay,45,0.01597143275223975
2050,indian,45,0.007327169581821414
2050,other,45,0.01597143275223975
2050,chinese,46,0.0044158676714507
2050,malay,46,0.01051826925477298
2050,indian,46,0.004825436999455931
2050,other,46,0.01051826925477298
2050,chinese,47,0.002794486103556866
2050,malay,47,0.0066562586229573974
2050,indian,47,0.0030536731718092394
2050,other,47,0.0066562586229573974
2050,chinese,48,0.0016993124948277926
2050,malay,48,0.004047636319393338
2050,indian,48,0.0018569228057248278
2050,other,48,0.004047636319393338
2050,chinese,49,0.0009929555943892399
2050,malay,49,0.0023651465752342286
2050,indian,49,0.001085051686435275
2050,other,49,0.0023651465752342286
