"Year","Time","Stage","Smoke","S_hat","S_low","S_high","S_obs","S_obs_low","S_obs_high"
2008,0,"Stage1","Smoke0",1,1,1,1,1,1
2008,1,"Stage1","Smoke0",0.927518463065295,0.919347352503114,0.934253351223315,0.931034482758621,0.868053124803479,0.998585435979918
2008,2,"Stage1","Smoke0",0.861830384876401,0.848033234920891,0.873522836769821,0.896551724137931,0.821503782198821,0.978455621839315
2008,3,"Stage1","Smoke0",0.802193714334798,0.784645437420265,0.81734509284921,0.810344827586207,0.715481959751875,0.917785180528443
2008,4,"Stage1","Smoke0",0.747957465822498,0.728019320995695,0.765479523223712,0.775862068965517,0.675633067680946,0.890959869867881
2008,5,"Stage1","Smoke0",0.698549440450432,0.676492254197605,0.717785378335281,0.741379310344828,0.636835713891643,0.863084889584087
2008,6,"Stage1","Smoke0",0.653465739356077,0.630787856509896,0.674195516667139,0.655172413793104,0.54358867562273,0.789661210847956
2008,7,"Stage1","Smoke0",0.612261788983596,0.588306658016242,0.633839262934448,0.603448275862069,0.489819258779906,0.743437125253031
2008,8,"Stage1","Smoke0",0.57454464476725,0.549757460409938,0.597011068389282,0.568965517241379,0.454782957559425,0.711815943031354
2008,9,"Stage1","Smoke0",0.53996637798341,0.515415772947036,0.563739819698455,0.568965517241379,0.454782957559425,0.711815943031354
2008,10,"Stage1","Smoke0",0.508218382235663,0.483008291037047,0.532722705188055,0.568965517241379,0.454782957559425,0.711815943031354
2008,11,"Stage1","Smoke0",0.479026462300626,0.452940338955715,0.505134483233594,0.517241379310345,0.403380485681102,0.663241415903233
2008,12,"Stage1","Smoke0",0.452146589868614,0.424148052392348,0.478973638072878,0.517241379310345,0.403380485681102,0.663241415903233
2008,13,"Stage1","Smoke0",0.427361228857968,0.396952630228733,0.456671094404005,0.482758620689655,0.369861323994053,0.630116940407442
2008,14,"Stage1","Smoke0",0.404476148111236,0.372637625963734,0.436229336541679,0.482758620689655,0.369861323994053,0.630116940407442
2008,15,"Stage1","Smoke0",0.383317651922333,0.349728177479788,0.41685290038026,0.396551724137931,0.28868478490114,0.544723096406404
2009,0,"Stage1","Smoke0",1,1,1,1,1,1
2009,1,"Stage1","Smoke0",0.930201901927004,0.922590387078541,0.93646161775994,0.959183673469388,0.90535221346616,1
2009,2,"Stage1","Smoke0",0.866764868881012,0.853954846786965,0.877765033248797,0.897959183673469,0.817081110545935,0.986842903521257
2009,3,"Stage1","Smoke0",0.809011100812157,0.792824265261994,0.822920132560268,0.816326530612245,0.7147988781166,0.932274832799501
2009,4,"Stage1","Smoke0",0.756344119885724,0.737290383193539,0.772301335030075,0.795918367346939,0.690707007062585,0.917155959043016
2009,5,"Stage1","Smoke0",0.708238033405872,0.687097944732909,0.725983722691258,0.755102040816326,0.643805898170305,0.885638192606544
2009,6,"Stage1","Smoke0",0.664228333085211,0.641491528769233,0.682837326414818,0.714285714285714,0.598363690642311,0.852665510310254
2009,7,"Stage1","Smoke0",0.62390399502703,0.600239351423883,0.643821724637859,0.673469387755102,0.554174240164916,0.818444783915357
2009,8,"Stage1","Smoke0",0.586900683202263,0.562159562769508,0.607589806876991,0.673469387755102,0.554174240164916,0.818444783915357
2009,9,"Stage1","Smoke0",0.5528948910049,0.527887206020805,0.57504043247888,0.653061224489796,0.53250448358735,0.800911496667524
2009,10,"Stage1","Smoke0",0.521598881853538,0.495553973791934,0.545390924404859,0.63265306122449,0.51110032034025,0.783114155769387
2009,11,"Stage1","Smoke0",0.492756311743004,0.464646516961605,0.518332913551878,0.612244897959183,0.489951387931996,0.765063278337071
2009,12,"Stage1","Smoke0",0.46613843492658,0.435854955490114,0.493084808222398,0.551020408163265,0.427959527716074,0.709467766339456
2009,13,"Stage1","Smoke0",0.441540809168454,0.409269723765277,0.470317728898148,0.510204081632653,0.387793505511052,0.671254678624833
2009,14,"Stage1","Smoke0",0.418780429771634,0.384232966399616,0.449849204432999,0.510204081632653,0.387793505511052,0.671254678624833
2009,15,"Stage1","Smoke0",0.397693232287463,0.358453176255403,0.431294113196077,NA,NA,NA
2010,0,"Stage1","Smoke0",1,1,1,1,1,1
2010,1,"Stage1","Smoke0",0.932789631250416,0.925645355111116,0.938779807136558,0.985294117647059,0.957095227792418,1
2010,2,"Stage1","Smoke0",0.87153653644981,0.859131836271358,0.881940323719174,0.911764705882353,0.846781748609623,0.981734526349575
2010,3,"Stage1","Smoke0",0.81562136882003,0.799751119872386,0.829035831553316,0.852941176470588,0.772783637592965,0.941413113746876
2010,4,"Stage1","Smoke0",0.764497444027679,0.746414059492514,0.780084750557732,0.808823529411765,0.720558805518026,0.907900225103471
2010,5,"Stage1","Smoke0",0.717681344262751,0.69754040055518,0.734327910419257,0.794117647058824,0.703600420502101,0.896279790339266
2010,6,"Stage1","Smoke0",0.674744840638271,0.653586476050551,0.692420827856267,0.764705882352941,0.670249376875647,0.872473898045392
2010,7,"Stage1","Smoke0",0.635307935451293,0.613804715854377,0.653963543391713,0.705882352941177,0.605482979406801,0.822929649784595
2010,8,"Stage1","Smoke0",0.599032857628799,0.576110240955887,0.618399938372997,0.661764705882353,0.558350780876292,0.78433225304038
2010,9,"Stage1","Smoke0",0.56561887108625,0.541926785010119,0.585868430190878,0.573529411764706,0.467244822084064,0.703990650323331
2010,10,"Stage1","Smoke0",0.534797777708724,0.509706215745589,0.556199917489434,0.573529411764706,0.467244822084064,0.703990650323331
2010,11,"Stage1","Smoke0",0.506330015003294,0.479467954332095,0.529439182136752,0.558823529411765,0.452437226419178,0.690225557909539
2010,12,"Stage1","Smoke0",0.480001263801796,0.451136259818128,0.505782575112247,0.558823529411765,0.452437226419178,0.690225557909539
2010,13,"Stage1","Smoke0",0.455619494234683,0.424731096358209,0.48398347832299,0.558823529411765,0.452437226419178,0.690225557909539
2010,14,"Stage1","Smoke0",0.433012388974488,0.400426012997428,0.463528099947422,NA,NA,NA
2010,15,"Stage1","Smoke0",0.412025091810866,0.376792384387444,0.443795048275517,NA,NA,NA
2011,0,"Stage1","Smoke0",1,1,1,1,1,1
2011,1,"Stage1","Smoke0",0.935284793217413,0.928024809573265,0.941056089114633,0.980392156862745,0.943069123094408,1
2011,2,"Stage1","Smoke0",0.876149767897281,0.863654852952524,0.885972562050716,0.88235294117647,0.798214388783994,0.975360409111157
2011,3,"Stage1","Smoke0",0.822028768660024,0.80571432321812,0.834438711507174,0.823529411764706,0.725277013352385,0.935091943568891
2011,4,"Stage1","Smoke0",0.772420602439518,0.753821312546778,0.787328163392589,0.745098039215686,0.634597367739997,0.874839884729118
2011,5,"Stage1","Smoke0",0.7268808100031,0.707599406255568,0.742782595287956,0.686274509803922,0.570045247221705,0.826202314819826
2011,6,"Stage1","Smoke0",0.685014569746418,0.66471372146968,0.702866934869864,0.666666666666667,0.549069385358874,0.809450419738762
2011,7,"Stage1","Smoke0",0.646470566433068,0.6251804145358,0.665636221453485,0.627450980392157,0.507850815519094,0.775217289732357
2011,8,"Stage1","Smoke0",0.610935683877102,0.588419985682287,0.630824038862398,0.588235294117647,0.46754977160062,0.740072570372775
2011,9,"Stage1","Smoke0",0.578130402513994,0.553867381765179,0.598716978458843,0.549019607843137,0.428115429045872,0.704068364151238
2011,10,"Stage1","Smoke0",0.547804801139077,0.522250512306822,0.569464460598723,0.529411764705882,0.408712800089056,0.685754927538178
2011,11,"Stage1","Smoke0",0.51973507743791,0.49227868841943,0.543419348312664,0.509803921568627,0.389516396885082,0.667237735112417
2011,12,"Stage1","Smoke0",0.493720514803057,0.46471484844579,0.519043302906678,0.509803921568627,0.389516396885082,0.667237735112417
2011,13,"Stage1","Smoke0",0.469580833746757,0.438930850133949,0.497173517490149,NA,NA,NA
2011,14,"Stage1","Smoke0",0.447153875324528,0.414289746949857,0.477603762504585,NA,NA,NA
2011,15,"Stage1","Smoke0",0.426293571665556,0.391092967496758,0.45878501188026,NA,NA,NA
2012,0,"Stage1","Smoke0",1,1,1,1,1,1
2012,1,"Stage1","Smoke0",0.937690447436906,0.931997071053167,0.943053367593912,0.947368421052632,0.898473040311819,0.998924714420227
2012,2,"Stage1","Smoke0",0.880608901890484,0.870560311991365,0.890109361011289,0.907894736842105,0.84515474992118,0.975292221054746
2012,3,"Stage1","Smoke0",0.82823762344559,0.814786369348175,0.840812492783019,0.776315789473684,0.688061447061668,0.875890093188341
2012,4,"Stage1","Smoke0",0.780116984565686,0.764035034933545,0.79475325441025,0.736842105263158,0.644204367459314,0.842801315101193
2012,5,"Stage1","Smoke0",0.7358382584892,0.718462294629484,0.751957906393914,0.697368421052632,0.601369578713192,0.808691912421097
2012,6,"Stage1","Smoke0",0.69503738101404,0.676456183926905,0.712329345973298,0.671052631578947,0.573317569187683,0.785448865603515
2012,7,"Stage1","Smoke0",0.657389544433896,0.638298720740799,0.675861807661227,0.592105263157895,0.491313592076958,0.713574076339342
2012,8,"Stage1","Smoke0",0.622604504226169,0.60193246741112,0.641974550142167,0.552631578947368,0.451425378086056,0.676527454758297
2012,9,"Stage1","Smoke0",0.590422497355077,0.568431669410125,0.61062098697885,0.526315789473684,0.42522366221507,0.651441429214731
2012,10,"Stage1","Smoke0",0.560610686359795,0.536927929349595,0.582336143813402,0.5,0.399328669338255,0.626050717606341
2012,11,"Stage1","Smoke0",0.532960056250324,0.507384546594943,0.556883540944428,0.473684210526316,0.373738488230491,0.600357571852653
2012,12,"Stage1","Smoke0",0.507282702047563,0.479174236812406,0.533014510810424,NA,NA,NA
2012,13,"Stage1","Smoke0",0.483409453919283,0.453685030609278,0.511519183045832,NA,NA,NA
2012,14,"Stage1","Smoke0",0.461187794561748,0.429076773368645,0.49149613935741,NA,NA,NA
2012,15,"Stage1","Smoke0",0.440480029989729,0.40610803527186,0.473202750287176,NA,NA,NA
2013,0,"Stage1","Smoke0",1,1,1,1,1,1
2013,1,"Stage1","Smoke0",0.940009571467624,0.934496254438066,0.945581995057372,0.96875,0.93456267975253,1
2013,2,"Stage1","Smoke0",0.88491822902062,0.875449791411827,0.894325325104547,0.96875,0.93456267975253,1
2013,3,"Stage1","Smoke0",0.834252312870083,0.82162512080141,0.846431632058417,0.927083333333333,0.876505507931951,0.980579698777172
2013,4,"Stage1","Smoke0",0.787590179146466,0.772967070980379,0.801986858900726,0.895833333333333,0.836763937388301,0.959072595331869
2013,5,"Stage1","Smoke0",0.744555874603789,0.72881462402067,0.760417933009899,0.833333333333333,0.762020924285829,0.911319390731012
2013,6,"Stage1","Smoke0",0.704813648908,0.688337194458721,0.722113527403658,0.760416666666667,0.679653617131083,0.850776766826097
2013,7,"Stage1","Smoke0",0.668063185167097,0.650375424563137,0.68599308472326,0.739583333333333,0.656804400409554,0.832795131401936
2013,8,"Stage1","Smoke0",0.634035447493862,0.615198610815472,0.652670571459453,0.71875,0.634210666931266,0.814558299688749
2013,9,"Stage1","Smoke0",0.602489059607718,0.582132437205386,0.622016433169939,0.6875,0.600760436276661,0.786763277770731
2013,10,"Stage1","Smoke0",0.573207141274681,0.550520969198458,0.593772796452909,0.677083333333333,0.589720613949979,0.777388189310716
2013,11,"Stage1","Smoke0",0.545994540160021,0.521631973048403,0.568049127087452,NA,NA,NA
2013,12,"Stage1","Smoke0",0.520675405762198,0.494263362244457,0.544790277810139,NA,NA,NA
2013,13,"Stage1","Smoke0",0.497091059785452,0.468385912235696,0.523206839894834,NA,NA,NA
2013,14,"Stage1","Smoke0",0.475098123821081,0.44411077898088,0.503664834561685,NA,NA,NA
2013,15,"Stage1","Smoke0",0.4545668707337,0.420908513748175,0.48517882752013,NA,NA,NA
2014,0,"Stage1","Smoke0",1,1,1,1,1,1
2014,1,"Stage1","Smoke0",0.942245061496816,0.935769603249587,0.947428352098161,0.962962962962963,0.922701702493281,1
2014,2,"Stage1","Smoke0",0.889081986072233,0.878231251925035,0.897948179888817,0.91358024691358,0.854393794158959,0.976866724988637
2014,3,"Stage1","Smoke0",0.840077258184831,0.826438298388526,0.851388258019992,0.876543209876543,0.807753517636754,0.951191151761954
2014,4,"Stage1","Smoke0",0.79484394973644,0.778774305474009,0.807621289827061,0.864197530864197,0.792722420320984,0.942117131049946
2014,5,"Stage1","Smoke0",0.753036167796089,0.735295737137323,0.767171860598273,0.802469135802469,0.720285271638884,0.894030100671571
2014,6,"Stage1","Smoke0",0.714344223735885,0.69589138556569,0.729400688553704,0.765432098765432,0.678500452193119,0.863501705749336
2014,7,"Stage1","Smoke0",0.678490422825131,0.659464481833722,0.695055730453952,0.728395061728395,0.637696307847281,0.831993786731118
2014,8,"Stage1","Smoke0",0.64522538840597,0.626017554175273,0.663034836266588,0.703703703703704,0.610969540712369,0.810513241018407
2014,9,"Stage1","Smoke0",0.614324847464881,0.594580449393574,0.634117922470926,0.617283950617284,0.520013039380528,0.732749848241497
2014,10,"Stage1","Smoke0",0.585586815117327,0.564680849608766,0.606848311019828,NA,NA,NA
2014,11,"Stage1","Smoke0",0.558829124565868,0.536403674402459,0.581524694629544,NA,NA,NA
2014,12,"Stage1","Smoke0",0.533887256746642,0.509879091278537,0.559139275021135,NA,NA,NA
2014,13,"Stage1","Smoke0",0.510612430370009,0.484279605799747,0.537683679835033,NA,NA,NA
2014,14,"Stage1","Smoke0",0.488869918575073,0.460126116551282,0.518611630035719,NA,NA,NA
2014,15,"Stage1","Smoke0",0.468537563109847,0.436507499747051,0.500410215782434,NA,NA,NA
2015,0,"Stage1","Smoke0",1,1,1,1,1,1
2015,1,"Stage1","Smoke0",0.944399733158066,0.938863817159333,0.949364627295055,0.99047619047619,0.972072098438547,1
2015,2,"Stage1","Smoke0",0.893104350944608,0.883351645936092,0.901660961433404,0.942857142857143,0.899488839783644,0.98831642208097
2015,3,"Stage1","Smoke0",0.845716908336195,0.83290134268205,0.857030561637259,0.885714285714286,0.826902811021319,0.948708585171494
2015,4,"Stage1","Smoke0",0.8018822116776,0.787278846528542,0.81540201425047,0.838095238095238,0.770517687819676,0.911599615714854
2015,5,"Stage1","Smoke0",0.761281941076514,0.745539557093862,0.776391459583272,0.8,0.727035478727365,0.880287164417732
2015,6,"Stage1","Smoke0",0.723630394747103,0.706774067913136,0.739859861188092,0.771428571428572,0.695150455238327,0.856076603750912
2015,7,"Stage1","Smoke0",0.688670769808937,0.670949771129065,0.705765139496163,0.752380952380952,0.674190343950636,0.839639877053945
2015,8,"Stage1","Smoke0",0.656171906599437,0.637811376895428,0.674207783116235,0.685714285714286,0.602428317208368,0.780514574433624
2015,9,"Stage1","Smoke0",0.625925434155713,0.605962796323015,0.645100552607011,NA,NA,NA
2015,10,"Stage1","Smoke0",0.597743263486161,0.575701491476007,0.617769017104744,NA,NA,NA
2015,11,"Stage1","Smoke0",0.571455382848777,0.548267663006679,0.593141195794582,NA,NA,NA
2015,12,"Stage1","Smoke0",0.54690791570214,0.52121596455523,0.570872337724028,NA,NA,NA
2015,13,"Stage1","Smoke0",0.523961407479248,0.494948424012896,0.55006156873637,NA,NA,NA
2015,14,"Stage1","Smoke0",0.502489312006272,0.471367937880061,0.53055127134759,NA,NA,NA
2015,15,"Stage1","Smoke0",0.482376652374837,0.449441338312914,0.513446367379351,NA,NA,NA
2016,0,"Stage1","Smoke0",1,1,1,1,1,1
2016,1,"Stage1","Smoke0",0.946476322472684,0.940982966100287,0.951820474826099,0.93,0.881312835820079,0.98137683334113
2016,2,"Stage1","Smoke0",0.8969894381816,0.887824158209454,0.90622288183262,0.89,0.830739834028272,0.95348744282442
2016,3,"Stage1","Smoke0",0.851175727209513,0.839228639795815,0.863227547221672,0.87,0.806520803629227,0.938475482088074
2016,4,"Stage1","Smoke0",0.808709010498551,0.7947094908365,0.822681334817112,0.84,0.771133916707639,0.9150161660799
2016,5,"Stage1","Smoke0",0.769296261487373,0.753818849991454,0.784464883710018,0.82,0.748054514501744,0.898864971689751
2016,6,"Stage1","Smoke0",0.732673854466284,0.716216419855688,0.748649102863743,0.77,0.691782417862306,0.8570613890884
2016,7,"Stage1","Smoke0",0.698604277168297,0.680854187301257,0.715512021189551,0.76,0.680738314467397,0.848490510559713
2016,8,"Stage1","Smoke0",0.666873245576592,0.648094909681568,0.685066354668,NA,NA,NA
2016,9,"Stage1","Smoke0",0.63728716778897,0.616732293538536,0.656371113248267,NA,NA,NA
2016,10,"Stage1","Smoke0",0.609670911296565,0.588570263732454,0.630232893960791,NA,NA,NA
2016,11,"Stage1","Smoke0",0.583865834422101,0.561183344720729,0.605810840243879,NA,NA,NA
2016,12,"Stage1","Smoke0",0.559728048101375,0.534733395060496,0.584024823372387,NA,NA,NA
2016,13,"Stage1","Smoke0",0.537126878829325,0.510025622736233,0.563548275052419,NA,NA,NA
2016,14,"Stage1","Smoke0",0.51594350755361,0.486992752808085,0.544101492167277,NA,NA,NA
2016,15,"Stage1","Smoke0",0.496069762688173,0.464119371495941,0.526908212925811,NA,NA,NA
2017,0,"Stage1","Smoke0",1,1,1,1,1,1
2017,1,"Stage1","Smoke0",0.948477486900202,0.943382127287051,0.953441185806075,0.986486486486487,0.968059310203003,1
2017,2,"Stage1","Smoke0",0.900741295067887,0.892083186940326,0.909625455546613,0.925675675675676,0.884367425523475,0.968913408395177
2017,3,"Stage1","Smoke0",0.856458181927211,0.845218254370408,0.868182859937984,0.871621621621622,0.819361533454239,0.927214935360077
2017,4,"Stage1","Smoke0",0.815328501705256,0.802111022589832,0.82916012303075,0.851351351351351,0.795925061149062,0.910637393929264
2017,5,"Stage1","Smoke0",0.777082432063169,0.762564784488835,0.792868007274398,0.831081081081081,0.772857158945628,0.893691357240167
2017,6,"Stage1","Smoke0",0.741476664346125,0.725611400128639,0.758274690328785,0.797297297297297,0.735090641434454,0.86476815843704
2017,7,"Stage1","Smoke0",0.708291495931954,0.691042516082676,0.725888278332799,NA,NA,NA
2017,8,"Stage1","Smoke0",0.677328271890481,0.658881389217504,0.695376077749898,NA,NA,NA
2017,9,"Stage1","Smoke0",0.648407130581856,0.628505380848698,0.667214309841298,NA,NA,NA
2017,10,"Stage1","Smoke0",0.621365014131841,0.598975114274587,0.641163798156458,NA,NA,NA
2017,11,"Stage1","Smoke0",0.596053910099323,0.570652214356623,0.61738995448733,NA,NA,NA
2017,12,"Stage1","Smoke0",0.572339295241831,0.544115294580713,0.596525786531171,NA,NA,NA
2017,13,"Stage1","Smoke0",0.550098756210168,0.519180902615365,0.576114041779317,NA,NA,NA
2017,14,"Stage1","Smoke0",0.529220765365172,0.495169420688837,0.557656946778074,NA,NA,NA
2017,15,"Stage1","Smoke0",0.509603592793762,0.473338092259761,0.539999122548078,NA,NA,NA
2018,0,"Stage1","Smoke0",1,1,1,1,1,1
2018,1,"Stage1","Smoke0",0.950405806484655,0.945313562460431,0.95485970572207,0.97037037037037,0.942184719448392,0.999399200874332
2018,2,"Stage1","Smoke0",0.904363898251472,0.895381594746344,0.912321079578523,0.918518518518519,0.873510448124652,0.965845652645313
2018,3,"Stage1","Smoke0",0.861568732148275,0.850430218371034,0.872222065038013,0.851851851851852,0.793985622215946,0.913935412933798
2018,4,"Stage1","Smoke0",0.821744931923701,0.808627962019463,0.83430620243767,0.82962962962963,0.768573850321227,0.895535701704822
2018,5,"Stage1","Smoke0",0.784643965281973,0.770654714067123,0.798765993252888,0.814814814814815,0.751854311115387,0.883047649825618
2018,6,"Stage1","Smoke0",0.750041221806667,0.734936165679795,0.764903625477534,NA,NA,NA
2018,7,"Stage1","Smoke0",0.717733439478137,0.701311878052464,0.733622014150892,NA,NA,NA
2018,8,"Stage1","Smoke0",0.687536434806633,0.670217306203301,0.704731908828734,NA,NA,NA
2018,9,"Stage1","Smoke0",0.659283097818261,0.639969873102217,0.67839779700127,NA,NA,NA
2018,10,"Stage1","Smoke0",0.632821618433342,0.6122374301847,0.652728842953234,NA,NA,NA
2018,11,"Stage1","Smoke0",0.608013915308003,0.585769773407845,0.63029413432333,NA,NA,NA
2018,12,"Stage1","Smoke0",0.584734242088448,0.560946261004354,0.608910839014178,NA,NA,NA
2018,13,"Stage1","Smoke0",0.562867949352668,0.53724022725389,0.588596070637312,NA,NA,NA
2018,14,"Stage1","Smoke0",0.542310383369855,0.514773449799366,0.569989577431298,NA,NA,NA
2018,15,"Stage1","Smoke0",0.522965905263624,0.49288482997354,0.553098556330809,NA,NA,NA
2019,0,"Stage1","Smoke0",1,1,1,1,1,1
2019,1,"Stage1","Smoke0",0.952263785084276,0.947362507659231,0.956347413028038,0.949367088607595,0.915788908714353,0.984176441049679
2019,2,"Stage1","Smoke0",0.90786115085408,0.899437197495484,0.915116151091001,0.930379746835443,0.891529995091437,0.970922434564644
2019,3,"Stage1","Smoke0",0.866511820316509,0.855646785210368,0.876134336784963,0.89873417721519,0.852904091860014,0.947026903732142
2019,4,"Stage1","Smoke0",0.827962621350875,0.815202938950887,0.839384623357114,0.860759493670886,0.808436046694357,0.916469409020146
2019,5,"Stage1","Smoke0",0.791984557998903,0.777285827049243,0.805086814115208,NA,NA,NA
2019,6,"Stage1","Smoke0",0.75837022870986,0.741997262836886,0.773095083458186,NA,NA,NA
2019,7,"Stage1","Smoke0",0.726931547070262,0.709446219633522,0.742981811773757,NA,NA,NA
2019,8,"Stage1","Smoke0",0.697497726653862,0.67822691245345,0.714622711189601,NA,NA,NA
2019,9,"Stage1","Smoke0",0.669913496842471,0.649546760375126,0.68876291056355,NA,NA,NA
2019,10,"Stage1","Smoke0",0.644037520929134,0.621809359676949,0.664288646456115,NA,NA,NA
2019,11,"Stage1","Smoke0",0.619740991637588,0.596299148186866,0.642010747975639,NA,NA,NA
2019,12,"Stage1","Smoke0",0.596906382472268,0.571447938990842,0.621184187959193,NA,NA,NA
2019,13,"Stage1","Smoke0",0.575426336132763,0.546830414238854,0.601861339184249,NA,NA,NA
2019,14,"Stage1","Smoke0",0.555202673654033,0.523748061687279,0.584032752386266,NA,NA,NA
2019,15,"Stage1","Smoke0",0.536145510026526,0.501733551864751,0.567299734572876,NA,NA,NA
2020,0,"Stage1","Smoke0",1,1,1,1,1,1
2020,1,"Stage1","Smoke0",0.954053851673263,0.949064340422547,0.958433784926844,0.968152866242038,0.941072191849629,0.996012825084566
2020,2,"Stage1","Smoke0",0.91123688003294,0.902230299029746,0.918965527601562,0.923566878980892,0.882928308370802,0.966075922431839
2020,3,"Stage1","Smoke0",0.871291862805642,0.859659851362461,0.881495827183516,0.898089171974522,0.85199177810965,0.94668068582474
2020,4,"Stage1","Smoke0",0.833985947467243,0.819953531119982,0.846041216212424,NA,NA,NA
2020,5,"Stage1","Smoke0",0.799108067843636,0.78327603558361,0.812995487198669,NA,NA,NA
2020,6,"Stage1","Smoke0",0.766466661302057,0.749680966990344,0.781538798201272,NA,NA,NA
2020,7,"Stage1","Smoke0",0.735887648658938,0.71792769740336,0.751632077127081,NA,NA,NA
2020,8,"Stage1","Smoke0",0.707212644046139,0.687858904134803,0.724984308600933,NA,NA,NA
2020,9,"Stage1","Smoke0",0.680297366358191,0.660205008509396,0.698647705379112,NA,NA,NA
2020,10,"Stage1","Smoke0",0.655010227660614,0.634449663681929,0.675953669901429,NA,NA,NA
2020,11,"Stage1","Smoke0",0.63123107716718,0.609103327616053,0.653930979366789,NA,NA,NA
2020,12,"Stage1","Smoke0",0.608850082171164,0.583952163228961,0.632827928114989,NA,NA,NA
2020,13,"Stage1","Smoke0",0.587766729708726,0.560672816634921,0.61438198100923,NA,NA,NA
2020,14,"Stage1","Smoke0",0.567888934797806,0.53809207484856,0.596896381348881,NA,NA,NA
2020,15,"Stage1","Smoke0",0.549132242880872,0.515894239576124,0.580525546654264,NA,NA,NA
2021,0,"Stage1","Smoke0",1,1,1,1,1,1
2021,1,"Stage1","Smoke0",0.955778361705111,0.951146593205159,0.960084094631338,0.97029702970297,0.947165949228666,0.993993002617025
2021,2,"Stage1","Smoke0",0.914494834959279,0.906132740409769,0.922071717699951,0.920792079207921,0.884292794137206,0.95879787639714
2021,3,"Stage1","Smoke0",0.875913241910213,0.864550667058068,0.885942645609417,NA,NA,NA
2021,4,"Stage1","Smoke0",0.839819329961483,0.82584938264699,0.85189388622386,NA,NA,NA
2021,5,"Stage1","Smoke0",0.806018491056167,0.79010459891884,0.819689513344671,NA,NA,NA
2021,6,"Stage1","Smoke0",0.774333741642718,0.756810410913363,0.789564096782964,NA,NA,NA
2021,7,"Stage1","Smoke0",0.74460393102988,0.725610677452867,0.761291304408496,NA,NA,NA
2021,8,"Stage1","Smoke0",0.716682150129232,0.695232910151036,0.734698964811627,NA,NA,NA
2021,9,"Stage1","Smoke0",0.690434316268593,0.667126220528417,0.709641169898818,NA,NA,NA
2021,10,"Stage1","Smoke0",0.665737912927958,0.640054648787833,0.687082785708545,NA,NA,NA
2021,11,"Stage1","Smoke0",0.64248086597832,0.615060537617614,0.666000035303004,NA,NA,NA
2021,12,"Stage1","Smoke0",0.620560540357292,0.590851887310571,0.64591803762212,NA,NA,NA
2021,13,"Stage1","Smoke0",0.599882843148441,0.568016702893966,0.62762778577658,NA,NA,NA
2021,14,"Stage1","Smoke0",0.580361420789964,0.546090506471365,0.610764446425273,NA,NA,NA
2021,15,"Stage1","Smoke0",0.561916939661891,0.524871861373758,0.594809823497699,NA,NA,NA
2008,0,"Stage1","Smoke1",1,1,1,1,1,1
2008,1,"Stage1","Smoke1",0.877674994911878,0.865212747505504,0.88933566728743,0.80952380952381,0.718141374002617,0.91253452580432
2008,2,"Stage1","Smoke1",0.772706010733832,0.752099317686431,0.791428590996197,0.666666666666667,0.559857731934877,0.793852471963614
2008,3,"Stage1","Smoke1",0.682353908967508,0.657118625244508,0.704804521893434,0.571428571428571,0.461411324041368,0.70767793339988
2008,4,"Stage1","Smoke1",0.604350178156133,0.576702084100769,0.628174039211995,0.523809523809524,0.413926097800613,0.662863295384014
2008,5,"Stage1","Smoke1",0.536810119932843,0.50925193615629,0.56180447334925,0.492063492063492,0.382881039327913,0.6323804402713
2008,6,"Stage1","Smoke1",0.478163059002255,0.450176144171785,0.503868445576034,0.476190476190476,0.36754038507256,0.616959057627764
2008,7,"Stage1","Smoke1",0.427096054471552,0.399958924847027,0.4528495744625,0.476190476190476,0.36754038507256,0.616959057627764
2008,8,"Stage1","Smoke1",0.382508354608561,0.35609882679348,0.407631514702936,0.428571428571429,0.322249024554721,0.569973701678546
2008,9,"Stage1","Smoke1",0.343474428445594,0.317798396934836,0.368194284557092,0.365079365079365,0.263609847250582,0.505606843586751
2008,10,"Stage1","Smoke1",0.309213866531441,0.283080265931626,0.334325578419309,0.349206349206349,0.249276638133122,0.489195759535652
2008,11,"Stage1","Smoke1",0.279066800433969,0.252614455290434,0.304439225872329,0.317460317460317,0.221025719141698,0.455969800950609
2008,12,"Stage1","Smoke1",0.252473769722676,0.22565211762214,0.27882232080427,0.301587301587302,0.207117235875701,0.439146940592116
2008,13,"Stage1","Smoke1",0.228959183926852,0.201582012347715,0.256464963737432,0.301587301587302,0.207117235875701,0.439146940592116
2008,14,"Stage1","Smoke1",0.208117698970679,0.179479018723662,0.237441768604139,0.26984126984127,0.179763311498445,0.405056573015895
2008,15,"Stage1","Smoke1",0.189602963249703,0.159956479431898,0.220399743390936,0.26984126984127,0.179763311498445,0.405056573015895
2009,0,"Stage1","Smoke1",1,1,1,1,1,1
2009,1,"Stage1","Smoke1",0.882082982674095,0.870108944137919,0.891924071905578,0.863013698630137,0.787636617037985,0.945604391558334
2009,2,"Stage1","Smoke1",0.780394167172272,0.760558140923804,0.796822380359501,0.726027397260274,0.630599303523259,0.835896548929642
2009,3,"Stage1","Smoke1",0.692441248431235,0.668440391070841,0.713322691243738,0.63013698630137,0.528577556880235,0.751209763518093
2009,4,"Stage1","Smoke1",0.616149557271576,0.589595394831521,0.639902861268127,0.493150684931507,0.39082273924172,0.62227084974705
2009,5,"Stage1","Smoke1",0.549786799668887,0.523083093027656,0.575459857446167,0.465753424657534,0.36429751171887,0.595464546427164
2009,6,"Stage1","Smoke1",0.491902232807276,0.464840383330483,0.518214422890558,0.424657534246575,0.32514500088181,0.554626461742625
2009,7,"Stage1","Smoke1",0.441277352584076,0.413552675768577,0.46803125248629,0.342465753424658,0.249213669958759,0.47061139257781
2009,8,"Stage1","Smoke1",0.396885789655576,0.368391481917456,0.423476076438997,0.301369863013699,0.212526990702091,0.427351810858733
2009,9,"Stage1","Smoke1",0.357860595143502,0.329683359571892,0.384055856941732,0.273972602739726,0.188594229498104,0.398002564827861
2009,10,"Stage1","Smoke1",0.323467474788454,0.294870735802112,0.349440772917188,0.246575342465753,0.165121117087049,0.368210926528865
2009,11,"Stage1","Smoke1",0.293082825977933,0.26303240472587,0.319594722015733,0.232876712328767,0.153570760273516,0.353137296764479
2009,12,"Stage1","Smoke1",0.266175664251609,0.236763463047782,0.293393044716218,0.219178082191781,0.142153617660519,0.33793745459219
2009,13,"Stage1","Smoke1",0.242292708794302,0.211934923288784,0.270382167474233,0.219178082191781,0.142153617660519,0.33793745459219
2009,14,"Stage1","Smoke1",0.22104604096777,0.189710546378314,0.249938802699975,0.205479452054795,0.130877860565956,0.322604640954233
2009,15,"Stage1","Smoke1",0.202102864500269,0.170157462531103,0.232183600818062,NA,NA,NA
2010,0,"Stage1","Smoke1",1,1,1,1,1,1
2010,1,"Stage1","Smoke1",0.886342602853695,0.87510454005268,0.896857172730111,0.914893617021277,0.838497936895032,0.998249719690197
2010,2,"Stage1","Smoke1",0.78785927075297,0.769841328920389,0.804919523301255,0.787234042553191,0.678509437539852,0.913380718773333
2010,3,"Stage1","Smoke1",0.702281899176222,0.680423140511507,0.723553255835438,0.617021276595745,0.492585588044107,0.772891584756947
2010,4,"Stage1","Smoke1",0.627713115732547,0.60387416506324,0.650456459238573,0.595744680851064,0.470741407545778,0.753942013753744
2010,5,"Stage1","Smoke1",0.562561003858283,0.538076274029321,0.586728285109409,0.51063829787234,0.385982021285457,0.675553411491982
2010,6,"Stage1","Smoke1",0.505486077031635,0.480798352025818,0.530406848659168,0.48936170212766,0.365425666972734,0.65533129485168
2010,7,"Stage1","Smoke1",0.455358072277637,0.431048684291399,0.480521292865017,0.468085106382979,0.345119325455794,0.634863511419412
2010,8,"Stage1","Smoke1",0.411220638840334,0.386963097387635,0.435969615069334,0.425531914893617,0.305260538694931,0.593189710557355
2010,9,"Stage1","Smoke1",0.372262394385738,0.347804571232184,0.397356040676185,0.425531914893617,0.305260538694931,0.593189710557355
2010,10,"Stage1","Smoke1",0.337793132101027,0.313838385678741,0.36311236924618,0.382978723404255,0.266427023928728,0.550517362756676
2010,11,"Stage1","Smoke1",0.307224206777994,0.282215219598425,0.334109412254437,0.382978723404255,0.266427023928728,0.550517362756676
2010,12,"Stage1","Smoke1",0.280052321136813,0.253894383434626,0.308177800375217,0.361702127659574,0.247407849956484,0.528796597102615
2010,13,"Stage1","Smoke1",0.255846086586285,0.228664401357566,0.284339166817301,0.340425531914894,0.228664115026463,0.506811236061796
2010,14,"Stage1","Smoke1",0.234234854069354,0.205969464861418,0.264003944922801,NA,NA,NA
2010,15,"Stage1","Smoke1",0.2148994073742,0.185973466874405,0.245334049440279,NA,NA,NA
2011,0,"Stage1","Smoke1",1,1,1,1,1,1
2011,1,"Stage1","Smoke1",0.890458072855785,0.879323557207333,0.900654945345676,0.91566265060241,0.857788289245639,0.97744175365879
2011,2,"Stage1","Smoke1",0.795105090977792,0.777531302915728,0.811574705960525,0.855421686746988,0.783013640752878,0.934525561334383
2011,3,"Stage1","Smoke1",0.711876590735317,0.690703231846047,0.7322588334045,0.783132530120482,0.699307768095867,0.877005215318632
2011,4,"Stage1","Smoke1",0.639037318827145,0.616068392105268,0.661257781076789,0.698795180722892,0.606749058855382,0.804805046624602
2011,5,"Stage1","Smoke1",0.575124587295379,0.551931966919693,0.597986893284285,0.650602409638554,0.555707723043023,0.761701660559291
2011,6,"Stage1","Smoke1",0.518902030699572,0.495610862467878,0.542009508743528,0.650602409638554,0.555707723043023,0.761701660559291
2011,7,"Stage1","Smoke1",0.469321743245329,0.446322056937675,0.493529006676156,0.650602409638554,0.555707723043023,0.761701660559291
2011,8,"Stage1","Smoke1",0.425493187205579,0.401522100355704,0.449649591258859,0.63855421686747,0.543130428684501,0.750743221783449
2011,9,"Stage1","Smoke1",0.386657589002507,0.362167870721504,0.411592967337788,0.626506024096386,0.530622730836337,0.739715386128313
2011,10,"Stage1","Smoke1",0.352166795580418,0.326968164092191,0.376647124966933,0.614457831325301,0.518183167815479,0.728619627049402
2011,11,"Stage1","Smoke1",0.321465766365516,0.295112854719049,0.3473008967581,0.614457831325301,0.518183167815479,0.728619627049402
2011,12,"Stage1","Smoke1",0.294078036871134,0.267004779821098,0.320312162614656,0.216867469879518,0.144094442622132,0.326393569634586
2011,13,"Stage1","Smoke1",0.269593617907886,0.241298381493634,0.296577851707593,NA,NA,NA
2011,14,"Stage1","Smoke1",0.247658896410454,0.218303132647301,0.276091659071837,NA,NA,NA
2011,15,"Stage1","Smoke1",0.227968185552545,0.197758176381969,0.258622227192003,NA,NA,NA
2012,0,"Stage1","Smoke1",1,1,1,1,1,1
2012,1,"Stage1","Smoke1",0.89443354962232,0.885488109823568,0.903693385265027,0.857142857142857,0.778966584350748,0.943164819018998
2012,2,"Stage1","Smoke1",0.802135548321203,0.787024628052386,0.817444422926617,0.728571428571429,0.63150165950077,0.840562045316312
2012,3,"Stage1","Smoke1",0.721226501113611,0.702582588867949,0.740118827587516,0.628571428571429,0.524986312029832,0.752594937739777
2012,4,"Stage1","Smoke1",0.650119359561007,0.629520428200598,0.670465296215911,0.557142857142857,0.452128018500013,0.686549274904752
2012,5,"Stage1","Smoke1",0.587470340884988,0.566114378317227,0.609248718739386,0.542857142857143,0.437848962323792,0.673049162859709
2012,6,"Stage1","Smoke1",0.532138585788689,0.5100167966206,0.55443901528514,0.485714285714286,0.381674630438995,0.618113829246628
2012,7,"Stage1","Smoke1",0.483152971589604,0.459772527776076,0.506620982906867,0.428571428571428,0.326998861728447,0.561694522167129
2012,8,"Stage1","Smoke1",0.439684734843488,0.415332518756366,0.463516125165894,0.428571428571428,0.326998861728447,0.561694522167129
2012,9,"Stage1","Smoke1",0.401024824306967,0.376145218349482,0.425914942644379,0.385714285714286,0.286995036096717,0.51839053465003
2012,10,"Stage1","Smoke1",0.36656511638227,0.34022807637619,0.391899743783903,0.357142857142857,0.260823104403785,0.489032674845781
2012,11,"Stage1","Smoke1",0.335782793108202,0.308508811993723,0.361689575991024,0.3,0.20975572637177,0.429070526734914
2012,12,"Stage1","Smoke1",0.308227316601767,0.279550970157311,0.335332361206372,NA,NA,NA
2012,13,"Stage1","Smoke1",0.28350954083772,0.25424373958017,0.311824645816962,NA,NA,NA
2012,14,"Stage1","Smoke1",0.261292587409325,0.230315171133664,0.291637213108001,NA,NA,NA
2012,15,"Stage1","Smoke1",0.241284180844387,0.209252822081929,0.273788303313059,NA,NA,NA
2013,0,"Stage1","Smoke1",1,1,1,1,1,1
2013,1,"Stage1","Smoke1",0.898273125358131,0.887876859451772,0.90726822490033,0.92156862745098,0.85065955608937,0.998388519851833
2013,2,"Stage1","Smoke1",0.808954692681004,0.792286157084079,0.823861651831752,0.686274509803921,0.570045247221705,0.826202314819826
2013,3,"Stage1","Smoke1",0.730333220790436,0.709917445374743,0.749495016389278,0.549019607843137,0.428115429045872,0.704068364151238
2013,4,"Stage1","Smoke1",0.660957117601877,0.638583685970586,0.682853583885774,0.450980392156863,0.333155171745903,0.610476232573924
2013,5,"Stage1","Smoke1",0.599591956324211,0.576406978401555,0.622279365637885,0.392156862745098,0.278655041931473,0.551890265225838
2013,6,"Stage1","Smoke1",0.545185267202823,0.521313439408678,0.568496837006384,0.313725490196078,0.209055875130666,0.470800847559304
2013,7,"Stage1","Smoke1",0.496837442256185,0.47232857157946,0.520986475150993,0.274509803921569,0.175706942591029,0.428871115380192
2013,8,"Stage1","Smoke1",0.453777626292214,0.429296388607393,0.478138002720976,0.274509803921569,0.175706942591029,0.428871115380192
2013,9,"Stage1","Smoke1",0.415343686461159,0.390269378897133,0.439735418540338,0.254901960784314,0.159437478674683,0.40752657500476
2013,10,"Stage1","Smoke1",0.380965526942322,0.354953438664748,0.405922369091662,0.254901960784314,0.159437478674683,0.40752657500476
2013,11,"Stage1","Smoke1",0.350151154570136,0.323258338096085,0.376249202410459,NA,NA,NA
2013,12,"Stage1","Smoke1",0.322475012676309,0.29449297113612,0.349636576980336,NA,NA,NA
2013,13,"Stage1","Smoke1",0.29756818993387,0.268029761016338,0.324587192857158,NA,NA,NA
2013,14,"Stage1","Smoke1",0.275110183059561,0.244082779679205,0.303614983824743,NA,NA,NA
2013,15,"Stage1","Smoke1",0.254821950416074,0.222731600258293,0.28512987540646,NA,NA,NA
2014,0,"Stage1","Smoke1",1,1,1,1,1,1
2014,1,"Stage1","Smoke1",0.901980823809569,0.892450473304682,0.910624803148292,0.93939393939394,0.883557276621474,0.998759216543831
2014,2,"Stage1","Smoke1",0.815566683219232,0.799965152309499,0.830375325956943,0.787878787878788,0.695174741335664,0.892945251717106
2014,3,"Stage1","Smoke1",0.739198718020058,0.719941870458104,0.758058314826416,0.651515151515151,0.546130026918621,0.77723613742458
2014,4,"Stage1","Smoke1",0.671549118304051,0.650375838798696,0.692980734211676,0.53030303030303,0.422588057285684,0.665473855922202
2014,5,"Stage1","Smoke1",0.611483988778105,0.58936886753392,0.634266811006478,0.484848484848485,0.378099198890518,0.621736448925775
2014,6,"Stage1","Smoke1",0.558032608197891,0.534939768185576,0.581676068005817,0.439393939393939,0.334584399736603,0.577035373221568
2014,7,"Stage1","Smoke1",0.510361914332988,0.487067753274708,0.533922593988576,0.424242424242424,0.320297934111268,0.561919436122761
2014,8,"Stage1","Smoke1",0.467755270495113,0.443588727416721,0.491448914331108,0.378787878787879,0.278110733475427,0.515910534353031
2014,9,"Stage1","Smoke1",0.429594749623363,0.40410879055693,0.453462553923905,0.348484848484849,0.25056591231705,0.484669636426216
2014,10,"Stage1","Smoke1",0.395346315874116,0.36879669825664,0.420040616974554,NA,NA,NA
2014,11,"Stage1","Smoke1",0.36454739913635,0.337969150748752,0.39009570569575,NA,NA,NA
2014,12,"Stage1","Smoke1",0.336796450775303,0.308993875891365,0.363063593578424,NA,NA,NA
2014,13,"Stage1","Smoke1",0.311744143820121,0.281958000279299,0.338951246259339,NA,NA,NA
2014,14,"Stage1","Smoke1",0.289085941391075,0.257447567493344,0.317584279213022,NA,NA,NA
2014,15,"Stage1","Smoke1",0.268555806278764,0.235884845008133,0.299212171337229,NA,NA,NA
2015,0,"Stage1","Smoke1",1,1,1,1,1,1
2015,1,"Stage1","Smoke1",0.905560597056231,0.896573114859904,0.914137780197646,0.911111111111111,0.854173534143868,0.971844038251723
2015,2,"Stage1","Smoke1",0.821975769553463,0.807020509236514,0.836143597075943,0.788888888888889,0.708925820485194,0.877871366832721
2015,3,"Stage1","Smoke1",0.747825305503129,0.729151599502974,0.765719658711498,0.677777777777778,0.587790138325247,0.78154206084211
2015,4,"Stage1","Smoke1",0.681894492077111,0.660861328743405,0.701863971141129,0.633333333333333,0.541205526265472,0.741143782989308
2015,5,"Stage1","Smoke1",0.623141818024586,0.600946531172931,0.643943483962885,0.577777777777778,0.484239029394286,0.689385076852226
2015,6,"Stage1","Smoke1",0.570672121907729,0.547647025297581,0.591814451411515,0.511111111111111,0.417602422907655,0.625558075267685
2015,7,"Stage1","Smoke1",0.523714209952439,0.500458654153326,0.545967605410128,0.5,0.406673134857774,0.614744320613735
2015,8,"Stage1","Smoke1",0.481602152050742,0.457698031497487,0.504661325344912,0.444444444444444,0.352778750757972,0.559928464435913
2015,9,"Stage1","Smoke1",0.443759612488401,0.419447931884039,0.467681994697861,NA,NA,NA
2015,10,"Stage1","Smoke1",0.409686690925389,0.38468904978618,0.434652578665693,NA,NA,NA
2015,11,"Stage1","Smoke1",0.378948845001782,0.352642987685012,0.405253760756226,NA,NA,NA
2015,12,"Stage1","Smoke1",0.351167543372858,0.323735247603762,0.379462990599112,NA,NA,NA
2015,13,"Stage1","Smoke1",0.326012360696374,0.296814100665668,0.356222058688105,NA,NA,NA
2015,14,"Stage1","Smoke1",0.303194277028106,0.272105660551948,0.334478814297277,NA,NA,NA
2015,15,"Stage1","Smoke1",0.282459985548023,0.249903494048413,0.315484291838235,NA,NA,NA
2016,0,"Stage1","Smoke1",1,1,1,1,1,1
2016,1,"Stage1","Smoke1",0.909016322778017,0.899489017360416,0.917089203959285,0.915966386554622,0.867451249971626,0.967194895765467
2016,2,"Stage1","Smoke1",0.828186274254757,0.812030278593393,0.841846538161442,0.773109243697479,0.701405942142481,0.852142627798089
2016,3,"Stage1","Smoke1",0.756215608482288,0.736191500196472,0.773666997818795,0.663865546218487,0.584193629716199,0.75440306267987
2016,4,"Stage1","Smoke1",0.69199293432947,0.670192418570151,0.711699860461595,0.571428571428572,0.489087323791999,0.667632539958787
2016,5,"Stage1","Smoke1",0.634561608502521,0.610899816131292,0.655406934060198,0.504201680672269,0.42191770449337,0.60253298708572
2016,6,"Stage1","Smoke1",0.583096269580749,0.557648698360403,0.604387203942912,0.46218487394958,0.380753359662232,0.561032101981419
2016,7,"Stage1","Smoke1",0.536883197518872,0.510776988059849,0.558664594592412,0.420168067226891,0.340219431639101,0.51890394345392
2016,8,"Stage1","Smoke1",0.495303834497151,0.469014764554688,0.51810400265575,NA,NA,NA
2016,9,"Stage1","Smoke1",0.457820924889439,0.430941483855039,0.481327763926215,NA,NA,NA
2016,10,"Stage1","Smoke1",0.423966830493776,0.396352936255507,0.448597735264455,NA,NA,NA
2016,11,"Stage1","Smoke1",0.393333656776177,0.364255030590731,0.418977547489943,NA,NA,NA
2016,12,"Stage1","Smoke1",0.365564890463375,0.334129386573361,0.392108029449753,NA,NA,NA
2016,13,"Stage1","Smoke1",0.340348301352098,0.306487068295699,0.3688368569085,NA,NA,NA
2016,14,"Stage1","Smoke1",0.317409904037097,0.283236422736037,0.347703915272931,NA,NA,NA
2016,15,"Stage1","Smoke1",0.296508810273272,0.260189164265546,0.32865167013825,NA,NA,NA
2017,0,"Stage1","Smoke1",1,1,1,1,1,1
2017,1,"Stage1","Smoke1",0.912351801961645,0.903610531640207,0.920298711391233,0.93939393939394,0.893548834838735,0.987591208184305
2017,2,"Stage1","Smoke1",0.834202576605342,0.819590190115279,0.847469133007571,0.858585858585859,0.792619146732108,0.930042731875574
2017,3,"Stage1","Smoke1",0.764372534298622,0.745979374529749,0.780885908972124,0.757575757575758,0.677691847385189,0.846876099632752
2017,4,"Stage1","Smoke1",0.70184466618547,0.680906117345068,0.720901422875772,0.656565656565657,0.569384543098366,0.757095475468535
2017,5,"Stage1","Smoke1",0.645740268656192,0.622703781632397,0.666604225516091,0.616161616161616,0.527440169075089,0.719807021707604
2017,6,"Stage1","Smoke1",0.595298426099441,0.57109767824135,0.617428349362011,0.525252525252525,0.435548010959458,0.633432384816551
2017,7,"Stage1","Smoke1",0.54985876995877,0.525437299683593,0.573094866585008,NA,NA,NA
2017,8,"Stage1","Smoke1",0.508846956377327,0.484054103926642,0.533113905192178,NA,NA,NA
2017,9,"Stage1","Smoke1",0.471762405170081,0.445686504997685,0.496752952878118,NA,NA,NA
2017,10,"Stage1","Smoke1",0.438167924285746,0.409953049713036,0.464292800029018,NA,NA,NA
2017,11,"Stage1","Smoke1",0.407680910085359,0.378315343047611,0.434967548589271,NA,NA,NA
2017,12,"Stage1","Smoke1",0.379965867665732,0.349517124939433,0.409856086341838,NA,NA,NA
2017,13,"Stage1","Smoke1",0.354728039475114,0.322751034302804,0.387605251897434,NA,NA,NA
2017,14,"Stage1","Smoke1",0.331707966504268,0.297898257474035,0.36612714421662,NA,NA,NA
2017,15,"Stage1","Smoke1",0.310676835906807,0.275310300717223,0.34801077089026,NA,NA,NA
2018,0,"Stage1","Smoke1",1,1,1,1,1,1
2018,1,"Stage1","Smoke1",0.915570757012569,0.907951427974084,0.923191769676145,0.920353982300885,0.871764341706559,0.971651869906627
2018,2,"Stage1","Smoke1",0.840029097566725,0.826889975481635,0.852748242426718,0.805309734513274,0.735514569457539,0.881727970365215
2018,3,"Stage1","Smoke1",0.772299243430855,0.755562915063545,0.788470590504026,0.761061946902655,0.686361842143268,0.843892028167785
2018,4,"Stage1","Smoke1",0.711450396145214,0.692820882549904,0.730037188376565,0.672566371681416,0.591376476866187,0.764902802211151
2018,5,"Stage1","Smoke1",0.656675409929503,0.636561724002547,0.676386317213398,0.628318584070796,0.545246594417777,0.724047150648025
2018,6,"Stage1","Smoke1",0.607272843314272,0.585912539575044,0.627800576533204,NA,NA,NA
2018,7,"Stage1","Smoke1",0.562631818662154,0.539863067255898,0.583645299204616,NA,NA,NA
2018,8,"Stage1","Smoke1",0.522219220825569,0.497898120236449,0.545211589371119,NA,NA,NA
2018,9,"Stage1","Smoke1",0.485568849060623,0.459875521886217,0.509429184010236,NA,NA,NA
2018,10,"Stage1","Smoke1",0.452272203766878,0.425597136275479,0.477988384634302,NA,NA,NA
2018,11,"Stage1","Smoke1",0.421970644656201,0.394337967658683,0.448956161168075,NA,NA,NA
2018,12,"Stage1","Smoke1",0.394348701966311,0.364815771196755,0.422996158708426,NA,NA,NA
2018,13,"Stage1","Smoke1",0.36912835923881,0.337241558448136,0.399697042579981,NA,NA,NA
2018,14,"Stage1","Smoke1",0.346064156509273,0.312462348015173,0.378775596578078,NA,NA,NA
2018,15,"Stage1","Smoke1",0.324938987737831,0.289498659823498,0.359231656844347,NA,NA,NA
2019,0,"Stage1","Smoke1",1,1,1,1,1,1
2019,1,"Stage1","Smoke1",0.918676830240053,0.910667919921394,0.926299907015128,0.960629921259842,0.92739578747259,0.995055032689552
2019,2,"Stage1","Smoke1",0.845670285907235,0.832233403150009,0.858889197429395,0.850393700787402,0.790568095497879,0.914746560678571
2019,3,"Stage1","Smoke1",0.779999122026023,0.762493900168921,0.796708641044685,0.779527559055118,0.710660842947389,0.855067816606038
2019,4,"Stage1","Smoke1",0.720811282828949,0.701010755811295,0.740417362409174,0.708661417322835,0.633883241633933,0.792261052851795
2019,5,"Stage1","Smoke1",0.667365305725029,0.645804533070529,0.688778469672302,NA,NA,NA
2019,6,"Stage1","Smoke1",0.619014611682173,0.596118725781041,0.641681999950631,NA,NA,NA
2019,7,"Stage1","Smoke1",0.575194203749367,0.551061190804023,0.59895260708709,NA,NA,NA
2019,8,"Stage1","Smoke1",0.535409379398705,0.510289590436783,0.558953782411703,NA,NA,NA
2019,9,"Stage1","Smoke1",0.499226130804129,0.472981394561994,0.523513382756794,NA,NA,NA
2019,10,"Stage1","Smoke1",0.466262963098251,0.439190336142443,0.49213100537757,NA,NA,NA
2019,11,"Stage1","Smoke1",0.436183906458741,0.407807475467522,0.463610181011158,NA,NA,NA
2019,12,"Stage1","Smoke1",0.408692535489576,0.379090681808301,0.436956667910776,NA,NA,NA
2019,13,"Stage1","Smoke1",0.383526840318402,0.351174025157324,0.413171205624908,NA,NA,NA
2019,14,"Stage1","Smoke1",0.360454819365923,0.326988853579733,0.392784708499053,NA,NA,NA
2019,15,"Stage1","Smoke1",0.339270684853426,0.304708189645765,0.373583803459463,NA,NA,NA
2020,0,"Stage1","Smoke1",1,1,1,1,1,1
2020,1,"Stage1","Smoke1",0.921673582684931,0.913909809939643,0.929062896834019,0.931297709923664,0.888974190830483,0.975636225950286
2020,2,"Stage1","Smoke1",0.851130605436881,0.838152601226368,0.863611211686611,0.870229007633588,0.814544077577275,0.929720743878461
2020,3,"Stage1","Smoke1",0.787475755918969,0.770651417778536,0.803961738163807,0.755725190839695,0.685617718935763,0.833001464659058
2020,4,"Stage1","Smoke1",0.729928898922672,0.710980606232981,0.74899870839424,NA,NA,NA
2020,5,"Stage1","Smoke1",0.677808850606336,0.657192988464348,0.698882488619792,NA,NA,NA
2020,6,"Stage1","Smoke1",0.630519620658299,0.607644062328629,0.65309396303704,NA,NA,NA
2020,7,"Stage1","Smoke1",0.587538721260321,0.564156347430302,0.610870772773231,NA,NA,NA
2020,8,"Stage1","Smoke1",0.548407210852967,0.523817472188837,0.572554901470938,NA,NA,NA
2020,9,"Stage1","Smoke1",0.512721197278123,0.486836605065107,0.537483448079651,NA,NA,NA
2020,10,"Stage1","Smoke1",0.480124571284597,0.452081902485804,0.505232719539079,NA,NA,NA
2020,11,"Stage1","Smoke1",0.450302779545651,0.420526830694039,0.476997571880924,NA,NA,NA
2020,12,"Stage1","Smoke1",0.422977477790264,0.392037473479143,0.451673557132392,NA,NA,NA
2020,13,"Stage1","Smoke1",0.397901930631233,0.364351129878272,0.42871492185935,NA,NA,NA
2020,14,"Stage1","Smoke1",0.374857046182474,0.338234571035553,0.40671355323213,NA,NA,NA
2020,15,"Stage1","Smoke1",0.353647951403555,0.314213227650993,0.387632993544845,NA,NA,NA
2021,0,"Stage1","Smoke1",1,1,1,1,1,1
2021,1,"Stage1","Smoke1",0.924564493261332,0.91705194345375,0.931849777273544,0.938775510204082,0.900809125916232,0.978342062934305
2021,2,"Stage1","Smoke1",0.856414523296833,0.843700111549398,0.868857344558419,0.891156462585034,0.842205904950582,0.942952116743553
2021,3,"Stage1","Smoke1",0.794732906128019,0.77843870924697,0.810904020098131,NA,NA,NA
2021,4,"Stage1","Smoke1",0.738805196418735,0.719798593744131,0.757556522905687,NA,NA,NA
2021,5,"Stage1","Smoke1",0.688005519987347,0.667056127144295,0.709053958458744,NA,NA,NA
2021,6,"Stage1","Smoke1",0.641784518248673,0.619402018633738,0.664085004960193,NA,NA,NA
2021,7,"Stage1","Smoke1",0.599659067823713,0.57592662590768,0.622534248454149,NA,NA,NA
2021,8,"Stage1","Smoke1",0.561203495538341,0.535516983697847,0.584715766758623,NA,NA,NA
2021,9,"Stage1","Smoke1",0.526042055847955,0.499489907783469,0.550998367405602,NA,NA,NA
2021,10,"Stage1","Smoke1",0.493842476276681,0.465571268339692,0.520162259118224,NA,NA,NA
2021,11,"Stage1","Smoke1",0.464310408278281,0.433563755244155,0.493063541295419,NA,NA,NA
2021,12,"Stage1","Smoke1",0.437184647245971,0.405609560210331,0.467291738827955,NA,NA,NA
2021,13,"Stage1","Smoke1",0.412233007217855,0.379006470485022,0.444908582872933,NA,NA,NA
2021,14,"Stage1","Smoke1",0.389248753952287,0.352904792076033,0.424612536458329,NA,NA,NA
2021,15,"Stage1","Smoke1",0.368047515139649,0.330250501976361,0.405424958679858,NA,NA,NA
2008,0,"Stage2","Smoke0",1,1,1,1,1,1
2008,1,"Stage2","Smoke0",0.809362711177068,0.787179785813756,0.82798735728159,0.75,0.540996355616556,1
2008,2,"Stage2","Smoke0",0.674529258853857,0.643191895355971,0.702218666146663,0.75,0.540996355616556,1
2008,3,"Stage2","Smoke0",0.576518079167376,0.541728245055564,0.608177658889778,0.75,0.540996355616556,1
2008,4,"Stage2","Smoke0",0.503574034299739,0.467249794419838,0.535458154560848,0.583333333333333,0.361613705210385,0.940998012173809
2008,5,"Stage2","Smoke0",0.448172891247862,0.413400795712414,0.48080323733917,0.5,0.283954845665321,0.880421672024074
2008,6,"Stage2","Smoke0",0.405353680849952,0.370364739079147,0.438132077034594,0.5,0.283954845665321,0.880421672024074
2008,7,"Stage2","Smoke0",0.371757006328864,0.336234343898607,0.40594698620402,0.416666666666667,0.213328107908569,0.813822017235157
2008,8,"Stage2","Smoke0",0.345052486530655,0.309391066441889,0.379221450330343,0.416666666666667,0.213328107908569,0.813822017235157
2008,9,"Stage2","Smoke0",0.323587863928306,0.286422128823641,0.360330904897328,0.416666666666667,0.213328107908569,0.813822017235157
2008,10,"Stage2","Smoke0",0.306168216666988,0.267380168989551,0.344187410365444,0.416666666666667,0.213328107908569,0.813822017235157
2008,11,"Stage2","Smoke0",0.29191364969577,0.25166617261349,0.331544768091145,0.416666666666667,0.213328107908569,0.813822017235157
2008,12,"Stage2","Smoke0",0.280165524002468,0.238903723374108,0.321233109715869,0.333333333333333,0.149753565179511,0.741959705452896
2008,13,"Stage2","Smoke0",0.270423403148524,0.227296303854531,0.31275989679141,0.333333333333333,0.149753565179511,0.741959705452896
2008,14,"Stage2","Smoke0",0.262301854178201,0.218318894072509,0.305787289054256,0.166666666666667,0.047032765535393,0.590604814783314
2008,15,"Stage2","Smoke0",0.255500333990828,0.210501722825309,0.299685900482173,0.166666666666667,0.047032765535393,0.590604814783314
2009,0,"Stage2","Smoke0",1,1,1,1,1,1
2009,1,"Stage2","Smoke0",0.815962238788832,0.794710844410898,0.835129982478677,0.916666666666667,0.772900973689615,1
2009,2,"Stage2","Smoke0",0.684804108788379,0.654999023414886,0.711638234319677,0.75,0.540996355616556,1
2009,3,"Stage2","Smoke0",0.588839030104605,0.5566002312437,0.619036471421511,0.75,0.540996355616556,1
2009,4,"Stage2","Smoke0",0.517014465664884,0.48402421264433,0.548484813746557,0.75,0.540996355616556,1
2009,5,"Stage2","Smoke0",0.462198394741783,0.428626432420671,0.494812808958839,0.666666666666667,0.446846081150264,0.994625360259091
2009,6,"Stage2","Smoke0",0.419654075373244,0.387301723337806,0.452506184629957,0.583333333333333,0.361613705210385,0.940998012173809
2009,7,"Stage2","Smoke0",0.38615279957384,0.352960500495886,0.419487331520411,0.5,0.283954845665321,0.880421672024074
2009,8,"Stage2","Smoke0",0.359441482000595,0.325590172002819,0.393272096495121,0.5,0.283954845665321,0.880421672024074
2009,9,"Stage2","Smoke0",0.337914025054142,0.302724363854299,0.373203027713241,0.5,0.283954845665321,0.880421672024074
2009,10,"Stage2","Smoke0",0.320403179554173,0.283519383393991,0.357315409218201,0.416666666666667,0.213328107908569,0.813822017235156
2009,11,"Stage2","Smoke0",0.306045583693667,0.268100397266825,0.344654663077098,0.333333333333333,0.149753565179511,0.741959705452895
2009,12,"Stage2","Smoke0",0.294192344191898,0.254776925798897,0.334539681178636,0.333333333333333,0.149753565179511,0.741959705452895
2009,13,"Stage2","Smoke0",0.284348604131264,0.243195125066987,0.326375394100458,0.333333333333333,0.149753565179511,0.741959705452895
2009,14,"Stage2","Smoke0",0.276131945580414,0.233247072138464,0.320272907250282,0.333333333333333,0.149753565179511,0.741959705452895
2009,15,"Stage2","Smoke0",0.269243266287749,0.225047397498416,0.314169081410189,NA,NA,NA
2010,0,"Stage2","Smoke0",1,1,1,1,1,1
2010,1,"Stage2","Smoke0",0.822359123184025,0.801575614491882,0.839002625677154,1,1,1
2010,2,"Stage2","Smoke0",0.694832038422289,0.664688311376761,0.718599565409297,0.888888888888889,0.705557501515943,1
2010,3,"Stage2","Smoke0",0.600935190923612,0.568476263905981,0.628472571567726,0.777777777777778,0.548521190012713,1
2010,4,"Stage2","Smoke0",0.530277063457201,0.497282816802184,0.558477807452059,0.666666666666667,0.420028358578948,1
2010,5,"Stage2","Smoke0",0.476099190960248,0.442981677015599,0.505630533101537,0.555555555555555,0.309705006872564,0.996567599682495
2010,6,"Stage2","Smoke0",0.433881006200744,0.399672042371351,0.464586081345271,0.555555555555555,0.309705006872564,0.996567599682495
2010,7,"Stage2","Smoke0",0.400521367241896,0.365620849656173,0.432385192676055,0.555555555555555,0.309705006872564,0.996567599682495
2010,8,"Stage2","Smoke0",0.373843627420371,0.338784275740145,0.40653693751236,0.444444444444444,0.214088528120615,0.922659733015886
2010,9,"Stage2","Smoke0",0.352287992665158,0.316122554680302,0.386253088911066,0.444444444444444,0.214088528120615,0.922659733015886
2010,10,"Stage2","Smoke0",0.334715429730172,0.296953584290339,0.370402448413081,0.333333333333333,0.132317866507894,0.839728708174735
2010,11,"Stage2","Smoke0",0.320279771390211,0.281052999139116,0.357951474885214,0.333333333333333,0.132317866507894,0.839728708174735
2010,12,"Stage2","Smoke0",0.3083425228199,0.267393287010864,0.347735270634832,0.333333333333333,0.132317866507894,0.839728708174735
2010,13,"Stage2","Smoke0",0.298414998956649,0.255974672871426,0.339732907968939,0.222222222222222,0.0654591049304283,0.754405610982124
2010,14,"Stage2","Smoke0",0.290118312703839,0.245146840537949,0.333066236614863,NA,NA,NA
2010,15,"Stage2","Smoke0",0.283155242086298,0.236643485121684,0.327088893741233,NA,NA,NA
2011,0,"Stage2","Smoke0",1,1,1,1,1,1
2011,1,"Stage2","Smoke0",0.828557690834331,0.809216071032919,0.844321008494189,0.769230769230769,0.57114956567098,1
2011,2,"Stage2","Smoke0",0.704613411955952,0.676390839655873,0.727834040326796,0.692307692307692,0.481850080767675,0.994686853771626
2011,3,"Stage2","Smoke0",0.612801211089372,0.581241190831042,0.638571074355608,0.615384615384615,0.400413166654131,0.945768661946082
2011,4,"Stage2","Smoke0",0.543351207827657,0.50996444985856,0.570205626573716,0.615384615384615,0.400413166654131,0.945768661946082
2011,5,"Stage2","Smoke0",0.489860413444138,0.455420258096348,0.517906312304598,0.461538461538462,0.256573297560655,0.830241313123911
2011,6,"Stage2","Smoke0",0.448016386997837,0.413644823734911,0.477729710356521,0.384615384615385,0.193377257276445,0.764976172308445
2011,7,"Stage2","Smoke0",0.414842261617768,0.379987343861516,0.445103520722772,0.384615384615385,0.193377257276445,0.764976172308445
2011,8,"Stage2","Smoke0",0.388236779302028,0.352917683382947,0.419280836093484,0.384615384615385,0.193377257276445,0.764976172308445
2011,9,"Stage2","Smoke0",0.36668642415049,0.328948211476945,0.399930894398392,0.307692307692308,0.136143023635808,0.6954051238518
2011,10,"Stage2","Smoke0",0.349080788005814,0.310375323737735,0.383890357727522,0.230769230769231,0.085537242644152,0.622587731654726
2011,11,"Stage2","Smoke0",0.334591458018138,0.294684821402812,0.371173748762754,0.230769230769231,0.085537242644152,0.622587731654726
2011,12,"Stage2","Smoke0",0.322590915583058,0.280858318337316,0.361090624161483,0.153846153846154,0.042995996312834,0.550484721438808
2011,13,"Stage2","Smoke0",0.312597185308801,0.269762816825112,0.352585908579045,NA,NA,NA
2011,14,"Stage2","Smoke0",0.304235387458068,0.259374030912927,0.345402139980967,NA,NA,NA
2011,15,"Stage2","Smoke0",0.297210591629888,0.250672353162457,0.339271238918353,NA,NA,NA
2012,0,"Stage2","Smoke0",1,1,1,1,1,1
2012,1,"Stage2","Smoke0",0.834562323974291,0.815791814773884,0.851144008494338,1,1,1
2012,2,"Stage2","Smoke0",0.714149070207951,0.68704536577434,0.7385779924673,0.916666666666667,0.81250044137222,1
2012,3,"Stage2","Smoke0",0.624432560252643,0.593576585100981,0.652674562238501,0.791666666666667,0.644777814650912,0.972018727800724
2012,4,"Stage2","Smoke0",0.55622729100771,0.523237376797252,0.586134550072348,0.625,0.458451329088917,0.852053370150091
2012,5,"Stage2","Smoke0",0.503468273125306,0.469350181778739,0.533489086246307,0.541666666666667,0.374890669952753,0.782635582301249
2012,6,"Stage2","Smoke0",0.462043188752283,0.427959495383148,0.49443852128623,0.5,0.335134560862698,0.745969020194319
2012,7,"Stage2","Smoke0",0.429096021511322,0.3934234036297,0.46313294492611,0.458333333333333,0.296684203383067,0.708057395874262
2012,8,"Stage2","Smoke0",0.402599683614329,0.366543716758282,0.436574424443261,0.458333333333333,0.296684203383067,0.708057395874262
2012,9,"Stage2","Smoke0",0.381086758861235,0.343449651063978,0.417768024731194,0.416666666666667,0.259539852885055,0.668918893115038
2012,10,"Stage2","Smoke0",0.363475748888498,0.32424955756866,0.400732221287487,0.416666666666667,0.259539852885055,0.668918893115038
2012,11,"Stage2","Smoke0",0.348956458993886,0.308332886244462,0.388650528694424,0.416666666666667,0.259539852885055,0.668918893115038
2012,12,"Stage2","Smoke0",0.336912852482413,0.29460181656467,0.379126982739432,NA,NA,NA
2012,13,"Stage2","Smoke0",0.326870148177943,0.282141820057013,0.371131080697649,NA,NA,NA
2012,14,"Stage2","Smoke0",0.318457911211736,0.271771343444919,0.364252645318408,NA,NA,NA
2012,15,"Stage2","Smoke0",0.311383885636696,0.26330233821295,0.358242492355373,NA,NA,NA
2013,0,"Stage2","Smoke0",1,1,1,1,1,1
2013,1,"Stage2","Smoke0",0.840377445641403,0.82219608419025,0.856589763327517,0.93939393939394,0.861412606619322,1
2013,2,"Stage2","Smoke0",0.723440293691708,0.69699874013861,0.74710856265063,0.848484848484849,0.734562331775721,0.980075491167666
2013,3,"Stage2","Smoke0",0.63582548820047,0.605879390943411,0.664313767990565,0.787878787878788,0.660047344210756,0.940467361673285
2013,4,"Stage2","Smoke0",0.568896689348984,0.53725589543651,0.599162874579422,0.727272727272727,0.590145245311001,0.896263460626497
2013,5,"Stage2","Smoke0",0.516910050407771,0.484361054810934,0.54806006552832,0.727272727272727,0.590145245311001,0.896263460626497
2013,6,"Stage2","Smoke0",0.475945454503306,0.442962931654578,0.507010533850311,0.727272727272727,0.590145245311001,0.896263460626497
2013,7,"Stage2","Smoke0",0.443264209159024,0.409379292581257,0.474590574757004,0.393939393939394,0.258012492572441,0.601475705885696
2013,8,"Stage2","Smoke0",0.416912032889224,0.382344942168419,0.450398389843652,0.333333333333333,0.205744109978486,0.540045161549119
2013,9,"Stage2","Smoke0",0.395467292905755,0.359888892561506,0.43005706669815,0.333333333333333,0.205744109978486,0.540045161549119
2013,10,"Stage2","Smoke0",0.377877570504415,0.340914262102492,0.415052804903963,0.333333333333333,0.205744109978486,0.540045161549119
2013,11,"Stage2","Smoke0",0.363351262598315,0.3245956612089,0.401281282675349,NA,NA,NA
2013,12,"Stage2","Smoke0",0.351284251180789,0.310871504924445,0.391491454473177,NA,NA,NA
2013,13,"Stage2","Smoke0",0.341209382116031,0.298956530198067,0.382787292526188,NA,NA,NA
2013,14,"Stage2","Smoke0",0.332761064452782,0.28836934799831,0.375932872830773,NA,NA,NA
2013,15,"Stage2","Smoke0",0.32565007112206,0.279189182288784,0.369862615519588,NA,NA,NA
2014,0,"Stage2","Smoke0",1,1,1,1,1,1
2014,1,"Stage2","Smoke0",0.846007505872511,0.8290235064628,0.86072984989396,0.9,0.777674202195885,1
2014,2,"Stage2","Smoke0",0.73248876692237,0.707090844067719,0.755358140026219,0.85,0.707070084899528,1
2014,3,"Stage2","Smoke0",0.64697698414456,0.617529026617455,0.6741539753139,0.7,0.525405836421816,0.93261240365554
2014,4,"Stage2","Smoke0",0.58135173198965,0.548945592236532,0.609811200817924,0.55,0.369997424048729,0.817573259537505
2014,5,"Stage2","Smoke0",0.530174081207596,0.495987460453185,0.559540334310126,0.55,0.369997424048729,0.817573259537505
2014,6,"Stage2","Smoke0",0.489708305799282,0.455297958039864,0.520708640433861,0.55,0.369997424048729,0.817573259537505
2014,7,"Stage2","Smoke0",0.457329437162693,0.421922507915605,0.489681788508484,0.5,0.322578600213857,0.775004913017353
2014,8,"Stage2","Smoke0",0.431154512173537,0.39574591377848,0.46528205968598,0.45,0.27719785195365,0.730525141420864
2014,9,"Stage2","Smoke0",0.409807242007503,0.371900042292675,0.444792552876777,0.4,0.233856178356742,0.684181196854777
2014,10,"Stage2","Smoke0",0.392264352113271,0.352418656717679,0.428615307432826,NA,NA,NA
2014,11,"Stage2","Smoke0",0.377753120007425,0.336363606319326,0.415400887857399,NA,NA,NA
2014,12,"Stage2","Smoke0",0.365681717626468,0.321905824731939,0.405693440434379,NA,NA,NA
2014,13,"Stage2","Smoke0",0.355591000781566,0.309632551191257,0.39788120830469,NA,NA,NA
2014,14,"Stage2","Smoke0",0.347120583828636,0.298768478853128,0.391006510535439,NA,NA,NA
2014,15,"Stage2","Smoke0",0.339984594731839,0.290459375021809,0.385027289339006,NA,NA,NA
2015,0,"Stage2","Smoke0",1,1,1,1,1,1
2015,1,"Stage2","Smoke0",0.851456969004311,0.835813595119142,0.868013243329826,0.862068965517241,0.745274646820763,0.997166486849103
2015,2,"Stage2","Smoke0",0.741296544041548,0.71815239229049,0.76664827582178,0.827586206896552,0.700917908256264,0.977145713895805
2015,3,"Stage2","Smoke0",0.657884735696592,0.631025447622616,0.68740346280156,0.758620689655172,0.617823570330587,0.931504362102834
2015,4,"Stage2","Smoke0",0.593585666725146,0.565761384902685,0.623203475737736,0.689655172413793,0.540255674153663,0.880368832001972
2015,5,"Stage2","Smoke0",0.54324973766224,0.513721668722848,0.573880763619568,0.551724137931034,0.39741556981712,0.765947656544557
2015,6,"Stage2","Smoke0",0.503317941630878,0.472429584905735,0.535176330866305,0.482758620689655,0.331221172293001,0.703626172918725
2015,7,"Stage2","Smoke0",0.471275386173147,0.439419877321492,0.503895878551786,0.379310344827586,0.23812135019513,0.60421435362819
2015,8,"Stage2","Smoke0",0.445308834444538,0.41012606143056,0.479665554864031,0.379310344827586,0.23812135019513,0.60421435362819
2015,9,"Stage2","Smoke0",0.424086792926734,0.387778227865923,0.460309392727218,NA,NA,NA
2015,10,"Stage2","Smoke0",0.406615099587146,0.367908288973772,0.444332741340355,NA,NA,NA
2015,11,"Stage2","Smoke0",0.392140122912916,0.351644008319338,0.432790174740484,NA,NA,NA
2015,12,"Stage2","Smoke0",0.380082634055867,0.338058023878541,0.423048551118865,NA,NA,NA
2015,13,"Stage2","Smoke0",0.369991833767372,0.326600236812739,0.414389348235978,NA,NA,NA
2015,14,"Stage2","Smoke0",0.361512866451422,0.31592718534004,0.407920691751849,NA,NA,NA
2015,15,"Stage2","Smoke0",0.354363513373908,0.307323504546974,0.40078538573999,NA,NA,NA
2016,0,"Stage2","Smoke0",1,1,1,1,1,1
2016,1,"Stage2","Smoke0",0.856730302025272,0.840640903423468,0.87096257031532,0.961538461538462,0.890389006776242,1
2016,2,"Stage2","Smoke0",0.749866015827285,0.725298171336562,0.771172647865835,0.730769230769231,0.578701944188642,0.922795705115128
2016,3,"Stage2","Smoke0",0.668547087841304,0.640185118517898,0.693939568036631,0.653846153846154,0.494325469653134,0.864844761487595
2016,4,"Stage2","Smoke0",0.605592623620575,0.575527246763128,0.63258259241803,0.615384615384616,0.454122936858286,0.83391124762819
2016,5,"Stage2","Smoke0",0.556127404193383,0.52647604187228,0.584852946156387,0.576923076923077,0.415110643074702,0.801810896056678
2016,6,"Stage2","Smoke0",0.516761630583458,0.485804545188713,0.547480097202671,0.538461538461539,0.377227638408141,0.768609717002406
2016,7,"Stage2","Smoke0",0.485086814051998,0.452867545767261,0.517382827179167,0.538461538461539,0.377227638408141,0.768609717002406
2016,8,"Stage2","Smoke0",0.459357766163157,0.426309880894515,0.492246911111354,NA,NA,NA
2016,9,"Stage2","Smoke0",0.438287144030683,0.403626390426517,0.472626481055935,NA,NA,NA
2016,10,"Stage2","Smoke0",0.420909779333558,0.385617745033493,0.456149629337088,NA,NA,NA
2016,11,"Stage2","Smoke0",0.406491269103149,0.368428656300107,0.443415834776144,NA,NA,NA
2016,12,"Stage2","Smoke0",0.394465234637738,0.354513716919211,0.434180506718822,NA,NA,NA
2016,13,"Stage2","Smoke0",0.384389510871273,0.341979759405123,0.425505797178868,NA,NA,NA
2016,14,"Stage2","Smoke0",0.375915061533119,0.331462480446865,0.418762484708821,NA,NA,NA
2016,15,"Stage2","Smoke0",0.368763592126367,0.321309861371285,0.413469086760656,NA,NA,NA
2017,0,"Stage2","Smoke0",1,1,1,1,1,1
2017,1,"Stage2","Smoke0",0.861831963926132,0.846248572898164,0.87596176864134,0.870967741935484,0.760603661016352,0.997345722052588
2017,2,"Stage2","Smoke0",0.758199878138474,0.734613028595588,0.779086940014805,0.709677419354839,0.566602402918732,0.888880874750509
2017,3,"Stage2","Smoke0",0.678963002181867,0.650958206243915,0.703605275551329,0.580645161290323,0.430514249250352,0.783130416512198
2017,4,"Stage2","Smoke0",0.617367576860869,0.586761178561316,0.643723303095579,0.580645161290323,0.430514249250352,0.783130416512198
2017,5,"Stage2","Smoke0",0.56879844957536,0.536371566543754,0.596076333417479,0.516129032258064,0.367056200613293,0.725744933594779
2017,6,"Stage2","Smoke0",0.53002769694015,0.495010081871033,0.559204466202116,0.516129032258064,0.367056200613293,0.725744933594779
2017,7,"Stage2","Smoke0",0.498749557257034,0.462025411842271,0.528928861460131,NA,NA,NA
2017,8,"Stage2","Smoke0",0.473285143677092,0.434606700416068,0.504525930358997,NA,NA,NA
2017,9,"Stage2","Smoke0",0.452390535660755,0.413322279822895,0.48569232633285,NA,NA,NA
2017,10,"Stage2","Smoke0",0.435129361230485,0.394321052813306,0.469916188447882,NA,NA,NA
2017,11,"Stage2","Smoke0",0.420786516483789,0.377069868447393,0.457901604674592,NA,NA,NA
2017,12,"Stage2","Smoke0",0.40880866914852,0.363671516144848,0.447608409376084,NA,NA,NA
2017,13,"Stage2","Smoke0",0.398762534112569,0.350356047589671,0.439497097473719,NA,NA,NA
2017,14,"Stage2","Smoke0",0.390305149572193,0.339887194290471,0.433060105401548,NA,NA,NA
2017,15,"Stage2","Smoke0",0.383162389569079,0.330412932033114,0.427891809489634,NA,NA,NA
2018,0,"Stage2","Smoke0",1,1,1,1,1,1
2018,1,"Stage2","Smoke0",0.866766395996465,0.851222628274108,0.880786059839989,1,1,1
2018,2,"Stage2","Smoke0",0.766301101826678,0.743287211133484,0.787622428402774,0.928571428571429,0.837915517158021,1
2018,3,"Stage2","Smoke0",0.689132016697512,0.662284198545854,0.713890772942328,0.928571428571429,0.837915517158021,1
2018,4,"Stage2","Smoke0",0.628906305293253,0.59967754675652,0.655983246031569,0.928571428571429,0.837915517158021,1
2018,5,"Stage2","Smoke0",0.581255195625617,0.550979842297945,0.608828284025152,0.892857142857143,0.78534006828531,1
2018,6,"Stage2","Smoke0",0.543105501446623,0.511167764590001,0.573258005757671,NA,NA,NA
2018,7,"Stage2","Smoke0",0.512250525197157,0.478480093848525,0.543795967766808,NA,NA,NA
2018,8,"Stage2","Smoke0",0.487075881209602,0.451406311400856,0.52028333883298,NA,NA,NA
2018,9,"Stage2","Smoke0",0.466380270991836,0.429227296366876,0.500624017767001,NA,NA,NA
2018,10,"Stage2","Smoke0",0.449255851209205,0.409779918344019,0.484680228613213,NA,NA,NA
2018,11,"Stage2","Smoke0",0.435006826105154,0.393395956019936,0.472088093900211,NA,NA,NA
2018,12,"Stage2","Smoke0",0.423093055173687,0.379738951232223,0.462314567395367,NA,NA,NA
2018,13,"Stage2","Smoke0",0.413090337917687,0.367684704838111,0.452999915637332,NA,NA,NA
2018,14,"Stage2","Smoke0",0.404662009446826,0.356677203376435,0.446624611495868,NA,NA,NA
2018,15,"Stage2","Smoke0",0.397538330830195,0.347635523514928,0.441286838285425,NA,NA,NA
2019,0,"Stage2","Smoke0",1,1,1,1,1,1
2019,1,"Stage2","Smoke0",0.871538013015373,0.856636186274957,0.884834016833338,0.962962962962963,0.894299631607184,1
2019,2,"Stage2","Smoke0",0.774172904133919,0.75129775500759,0.794378277036073,0.851851851851852,0.727861904107481,0.996963261036773
2019,3,"Stage2","Smoke0",0.699054206221034,0.672801702603921,0.722479637063137,0.777777777777778,0.635760240310705,0.951519508847071
2019,4,"Stage2","Smoke0",0.640205352075378,0.611952555308191,0.666586006230925,0.703703703703704,0.55092616457822,0.898848038893608
2019,5,"Stage2","Smoke0",0.593490883095156,0.563364545354651,0.621808247312787,NA,NA,NA
2019,6,"Stage2","Smoke0",0.5559854174219,0.524652674155643,0.58539625119579,NA,NA,NA
2019,7,"Stage2","Smoke0",0.525577688293424,0.49296459348152,0.556813115045096,NA,NA,NA
2019,8,"Stage2","Smoke0",0.500715971180187,0.466432619036368,0.533398306417824,NA,NA,NA
2019,9,"Stage2","Smoke0",0.48024072810956,0.444334274451774,0.515717364289217,NA,NA,NA
2019,10,"Stage2","Smoke0",0.463272314171106,0.427013748118756,0.500997494517279,NA,NA,NA
2019,11,"Stage2","Smoke0",0.449134194831659,0.411984287940342,0.488134517064284,NA,NA,NA
2019,12,"Stage2","Smoke0",0.437299519414491,0.3979096052649,0.477369936405988,NA,NA,NA
2019,13,"Stage2","Smoke0",0.427353337997247,0.385800182865617,0.469326313444945,NA,NA,NA
2019,14,"Stage2","Smoke0",0.418965473881328,0.373866882314663,0.462537293515429,NA,NA,NA
2019,15,"Stage2","Smoke0",0.411870768761573,0.364816910926631,0.456943333164401,NA,NA,NA
2020,0,"Stage2","Smoke0",1,1,1,1,1,1
2020,1,"Stage2","Smoke0",0.876151195285321,0.860753842748031,0.889406020379614,0.96551724137931,0.901340146311801,1
2020,2,"Stage2","Smoke0",0.7818187215823,0.758231089815922,0.801753038718267,0.96551724137931,0.901340146311801,1
2020,3,"Stage2","Smoke0",0.708730143813562,0.681064261011231,0.732375589881263,0.896551724137931,0.792288997846397,1
2020,4,"Stage2","Smoke0",0.651261983802162,0.621263819103693,0.67657895787804,NA,NA,NA
2020,5,"Stage2","Smoke0",0.605499635296618,0.57532111348274,0.632483326837328,NA,NA,NA
2020,6,"Stage2","Smoke0",0.568658802867722,0.536236351220032,0.597541128814455,NA,NA,NA
2020,7,"Stage2","Smoke0",0.538720060464879,0.504701976387697,0.569531276747625,NA,NA,NA
2020,8,"Stage2","Smoke0",0.514192477602343,0.478143131270949,0.546018691839848,NA,NA,NA
2020,9,"Stage2","Smoke0",0.493957364048109,0.455311781247079,0.527211747271226,NA,NA,NA
2020,10,"Stage2","Smoke0",0.477162887958734,0.436512499076804,0.512679344565071,NA,NA,NA
2020,11,"Stage2","Smoke0",0.463151678339128,0.421120798372811,0.500644203627064,NA,NA,NA
2020,12,"Stage2","Smoke0",0.451410228744769,0.406140481912465,0.490325291383408,NA,NA,NA
2020,13,"Stage2","Smoke0",0.441532969515426,0.39439401865307,0.481943353877131,NA,NA,NA
2020,14,"Stage2","Smoke0",0.433196373842687,0.383375770896465,0.475583263118767,NA,NA,NA
2020,15,"Stage2","Smoke0",0.426140033757751,0.374682610024023,0.470230646273536,NA,NA,NA
2021,0,"Stage2","Smoke0",1,1,1,1,1,1
2021,1,"Stage2","Smoke0",0.880610281459212,0.866401594005074,0.893835341340841,0.921052631578947,0.83918526285193,1
2021,2,"Stage2","Smoke0",0.789242184350263,0.767730101839338,0.810094776308531,0.868421052631579,0.767328908381188,0.982831633757627
2021,3,"Stage2","Smoke0",0.718160863186011,0.69265642408086,0.742755476481033,NA,NA,NA
2021,4,"Stage2","Smoke0",0.662074149445293,0.63440416363835,0.689059364000942,NA,NA,NA
2021,5,"Stage2","Smoke0",0.617276419966402,0.587677174096298,0.645127652756669,NA,NA,NA
2021,6,"Stage2","Smoke0",0.5811179691933,0.549328308067531,0.610664856060809,NA,NA,NA
2021,7,"Stage2","Smoke0",0.551667676733137,0.518361828332769,0.582639286006744,NA,NA,NA
2021,8,"Stage2","Smoke0",0.527493523292835,0.492134597333863,0.559716164209291,NA,NA,NA
2021,9,"Stage2","Smoke0",0.507516711535549,0.471104157615446,0.541086556856809,NA,NA,NA
2021,10,"Stage2","Smoke0",0.490912789121046,0.452742958354263,0.525649340392623,NA,NA,NA
2021,11,"Stage2","Smoke0",0.477043405160015,0.436748246406239,0.512644138686602,NA,NA,NA
2021,12,"Stage2","Smoke0",0.465408411710219,0.422470230991942,0.502816051908241,NA,NA,NA
2021,13,"Stage2","Smoke0",0.455611715212344,0.410008624430604,0.494929124257531,NA,NA,NA
2021,14,"Stage2","Smoke0",0.447336572494929,0.398538991890659,0.487923803752233,NA,NA,NA
2021,15,"Stage2","Smoke0",0.440327472813379,0.388513981904884,0.481904402388457,NA,NA,NA
2008,0,"Stage2","Smoke1",1,1,1,1,1,1
2008,1,"Stage2","Smoke1",0.692963207050639,0.66113562400683,0.722029909232363,0.4,0.247490792543539,0.646488697036488
2008,2,"Stage2","Smoke1",0.505206045179694,0.466537880445811,0.54242671239856,0.28,0.149336584219225,0.524988571353083
2008,3,"Stage2","Smoke1",0.384789555572889,0.346342478774764,0.420992122245113,0.12,0.0415114889313195,0.346891917652597
2008,4,"Stage2","Smoke1",0.304330159331365,0.268135433191367,0.337991645342052,0.12,0.0415114889313195,0.346891917652597
2008,5,"Stage2","Smoke1",0.248638426178451,0.216023172512607,0.279730183205843,0.12,0.0415114889313195,0.346891917652597
2008,6,"Stage2","Smoke1",0.208901312187328,0.178536130928675,0.238435175750743,0.08,0.0211727374517891,0.30227550946461
2008,7,"Stage2","Smoke1",0.179796838284323,0.151445095371818,0.207835999626433,0.08,0.0211727374517891,0.30227550946461
2008,8,"Stage2","Smoke1",0.157994499299106,0.130294718818829,0.184554017028697,0.04,0.00586214034548162,0.272937853020396
2008,9,"Stage2","Smoke1",0.14134242657353,0.114040434678744,0.167366858009791,0.04,0.00586214034548162,0.272937853020396
2008,10,"Stage2","Smoke1",0.128409808636298,0.101705858982543,0.154864430059741,0.04,0.00586214034548162,0.272937853020396
2008,11,"Stage2","Smoke1",0.118220347365453,0.09134048404889,0.144670128143884,0.04,0.00586214034548162,0.272937853020396
2008,12,"Stage2","Smoke1",0.110092112969902,0.0821815352987513,0.137037909427495,0.04,0.00586214034548162,0.272937853020396
2008,13,"Stage2","Smoke1",0.103538581171897,0.0751892931293292,0.13115499790743,0.04,0.00586214034548162,0.272937853020396
2008,14,"Stage2","Smoke1",0.0982058907132772,0.0696298795267886,0.126271007076447,0.04,0.00586214034548162,0.272937853020396
2008,15,"Stage2","Smoke1",0.0938321215130824,0.0649878481631851,0.12228056246667,0.04,0.00586214034548162,0.272937853020396
2009,0,"Stage2","Smoke1",1,1,1,1,1,1
2009,1,"Stage2","Smoke1",0.702790942698319,0.672848554256569,0.731776210703564,0.615384615384615,0.454122936858286,0.83391124762819
2009,2,"Stage2","Smoke1",0.518625600934401,0.480748574497058,0.55546803563482,0.5,0.340436131995598,0.734352133936336
2009,3,"Stage2","Smoke1",0.399161595077323,0.361992425848887,0.436419409232293,0.384615384615385,0.236520907705995,0.625437283822376
2009,4,"Stage2","Smoke1",0.318553304048232,0.283868624592834,0.354785056287711,0.307692307692308,0.172868197531722,0.547669019315392
2009,5,"Stage2","Smoke1",0.262286285472059,0.229189926148524,0.297052092689172,0.269230769230769,0.142921921481039,0.50716647487984
2009,6,"Stage2","Smoke1",0.221846318649301,0.190814500702297,0.255137474438761,0.269230769230769,0.142921921481039,0.50716647487984
2009,7,"Stage2","Smoke1",0.192041421630056,0.162117423142604,0.22328995126528,0.269230769230769,0.142921921481039,0.50716647487984
2009,8,"Stage2","Smoke1",0.169593945442262,0.140389733510903,0.199807235131192,0.269230769230769,0.142921921481039,0.50716647487984
2009,9,"Stage2","Smoke1",0.152369512513744,0.124166209452079,0.181736034631297,0.269230769230769,0.142921921481039,0.50716647487984
2009,10,"Stage2","Smoke1",0.13893889242232,0.110759444324624,0.16947895949581,0.269230769230769,0.142921921481039,0.50716647487984
2009,11,"Stage2","Smoke1",0.128320630544368,0.100408897526803,0.159414922332327,0.269230769230769,0.142921921481039,0.50716647487984
2009,12,"Stage2","Smoke1",0.119825226535111,0.0919520357425377,0.15078204624029,0.269230769230769,0.142921921481039,0.50716647487984
2009,13,"Stage2","Smoke1",0.112958170303227,0.0851118632657234,0.143293625623999,0.230769230769231,0.114392844536696,0.465539939018994
2009,14,"Stage2","Smoke1",0.107358074556366,0.0790361750779704,0.138498126305328,0.230769230769231,0.114392844536696,0.465539939018994
2009,15,"Stage2","Smoke1",0.102756286281764,0.0743007125295237,0.134102667172897,NA,NA,NA
2010,0,"Stage2","Smoke1",1,1,1,1,1,1
2010,1,"Stage2","Smoke1",0.712372770090721,0.683681660580512,0.739917644157937,0.68421052631579,0.55129079529836,0.849178053241337
2010,2,"Stage2","Smoke1",0.531865986192442,0.495846023685315,0.567926628996592,0.473684210526316,0.338794628212707,0.66227948325399
2010,3,"Stage2","Smoke1",0.413487857179633,0.376617782546912,0.448675170926822,0.368421052631579,0.242969181728168,0.558647278048699
2010,4,"Stage2","Smoke1",0.332856914053586,0.297951519823161,0.367099841459996,0.31578947368421,0.197762887393947,0.504255338318866
2010,5,"Stage2","Smoke1",0.276116185265577,0.244375121376691,0.30885193211405,0.236842105263158,0.133841908121453,0.419107763874547
2010,6,"Stage2","Smoke1",0.235050263847142,0.20510391634528,0.265676773337115,0.236842105263158,0.133841908121453,0.419107763874547
2010,7,"Stage2","Smoke1",0.204601670331582,0.174535244294352,0.234671533262152,0.236842105263158,0.133841908121453,0.419107763874547
2010,8,"Stage2","Smoke1",0.181550462542338,0.152147295348534,0.209636673103258,0.210526315789474,0.113739043198151,0.389675597698449
2010,9,"Stage2","Smoke1",0.163783801147564,0.133669142242645,0.192218657814891,0.184210526315789,0.0943474035424258,0.359665626519134
2010,10,"Stage2","Smoke1",0.149877128199039,0.121006007077472,0.179144251892002,0.184210526315789,0.0943474035424258,0.359665626519134
2010,11,"Stage2","Smoke1",0.13884610562568,0.110459504727724,0.1691946392088,0.157894736842105,0.0757666941427626,0.329046267684085
2010,12,"Stage2","Smoke1",0.129995305419309,0.10094715497295,0.160775035037284,0.157894736842105,0.0757666941427626,0.329046267684085
2010,13,"Stage2","Smoke1",0.122823410880395,0.0933616251510625,0.153918222456529,0.157894736842105,0.0757666941427626,0.329046267684085
2010,14,"Stage2","Smoke1",0.116962353756199,0.0867718011364636,0.148351979037911,NA,NA,NA
2010,15,"Stage2","Smoke1",0.112137354577262,0.0813724248402475,0.143910599857752,NA,NA,NA
2011,0,"Stage2","Smoke1",1,1,1,1,1,1
2011,1,"Stage2","Smoke1",0.721709889737464,0.692921369026464,0.747961463285131,0.648648648648649,0.511704122575552,0.822242875972913
2011,2,"Stage2","Smoke1",0.544916704672283,0.50937305820213,0.579155752096835,0.486486486486487,0.349381188580622,0.677395089573787
2011,3,"Stage2","Smoke1",0.427748785466587,0.393354019097088,0.462184217910715,0.378378378378378,0.250359397406822,0.571858690774872
2011,4,"Stage2","Smoke1",0.347216730078655,0.31498650776875,0.380155905895225,0.243243243243243,0.137789364448892,0.429403790489488
2011,5,"Stage2","Smoke1",0.290102389867355,0.259922714367564,0.321537287059534,0.162162162162162,0.0779595338913487,0.337310467681305
2011,6,"Stage2","Smoke1",0.248487879974609,0.221075446312147,0.279529055965412,0.162162162162162,0.0779595338913487,0.337310467681305
2011,7,"Stage2","Smoke1",0.217453808999764,0.189576519371495,0.246612086589331,0.162162162162162,0.0779595338913487,0.337310467681305
2011,8,"Stage2","Smoke1",0.193842219358722,0.166740891471971,0.223396953275015,0.162162162162162,0.0779595338913487,0.337310467681305
2011,9,"Stage2","Smoke1",0.175565526700723,0.148340247735145,0.204939699039838,0.135135135135135,0.0598071891475782,0.30533962569165
2011,10,"Stage2","Smoke1",0.161206758567572,0.133356669423211,0.190837842660856,0.108108108108108,0.0428470354373904,0.27276946746508
2011,11,"Stage2","Smoke1",0.149780878393345,0.121951812797729,0.179775018579617,0.108108108108108,0.0428470354373904,0.27276946746508
2011,12,"Stage2","Smoke1",0.140588136984043,0.11314600076115,0.171476822188592,0.108108108108108,0.0428470354373904,0.27276946746508
2011,13,"Stage2","Smoke1",0.133121582334916,0.104924320725701,0.1648558453808,NA,NA,NA
2011,14,"Stage2","Smoke1",0.127007317348826,0.0979278114318222,0.159215314541488,NA,NA,NA
2011,15,"Stage2","Smoke1",0.121965056779083,0.0919913634241168,0.15517960818829,NA,NA,NA
2012,0,"Stage2","Smoke1",1,1,1,1,1,1
2012,1,"Stage2","Smoke1",0.730803912770542,0.703083449305195,0.755806923035496,0.74,0.62788157321336,0.872138988245034
2012,2,"Stage2","Smoke1",0.557768268995856,0.521966858180953,0.590610143682124,0.58,0.458132087877522,0.734286047411579
2012,3,"Stage2","Smoke1",0.44192584389301,0.40545761654901,0.476107973684102,0.42,0.303241252175873,0.581715049434277
2012,4,"Stage2","Smoke1",0.361609153973955,0.32772030916062,0.394521848354225,0.38,0.26669860079885,0.541435161517438
2012,5,"Stage2","Smoke1",0.304219330914641,0.270833134212515,0.335902019770929,0.36,0.248770224757218,0.520962667965912
2012,6,"Stage2","Smoke1",0.262133571500128,0.230751409071927,0.293156802172989,0.32,0.213633957019338,0.479324548534814
2012,7,"Stage2","Smoke1",0.230573295625662,0.200283517082347,0.261112557663466,0.3,0.196444875979816,0.458143789961959
2012,8,"Stage2","Smoke1",0.206446251801387,0.177058205981176,0.236987315590431,0.22,0.130544403088207,0.370755075323273
2012,9,"Stage2","Smoke1",0.187693494732155,0.156688623082314,0.218444008276671,0.22,0.130544403088207,0.370755075323273
2012,10,"Stage2","Smoke1",0.172908362717548,0.140803125839591,0.203468206819883,0.22,0.130544403088207,0.370755075323273
2012,11,"Stage2","Smoke1",0.16110720663856,0.128101362521527,0.192815850636265,0.2,0.114887781259183,0.348165832446196
2012,12,"Stage2","Smoke1",0.151587516025311,0.117504575171021,0.184300711410723,0.2,0.114887781259183,0.348165832446196
2012,13,"Stage2","Smoke1",0.143837858355209,0.109706701821908,0.177187354444258,NA,NA,NA
2012,14,"Stage2","Smoke1",0.137479359875354,0.103315326867149,0.172117318978338,NA,NA,NA
2012,15,"Stage2","Smoke1",0.132226858950682,0.09707078720768,0.167728860832057,NA,NA,NA
2013,0,"Stage2","Smoke1",1,1,1,1,1,1
2013,1,"Stage2","Smoke1",0.739656826315253,0.712699665093204,0.764087231851976,0.634146341463415,0.502594633155866,0.800131071568209
2013,2,"Stage2","Smoke1",0.570412172288936,0.535449256209577,0.602471282300864,0.463414634146341,0.33336805114526,0.644192274584262
2013,3,"Stage2","Smoke1",0.456001544634724,0.419603831093658,0.489287774105476,0.341463414634146,0.223219871836547,0.522342668572936
2013,4,"Stage2","Smoke1",0.376011340260326,0.341204226875252,0.409399822417263,0.292682926829268,0.181861594267032,0.471035657652737
2013,5,"Stage2","Smoke1",0.31844174934979,0.285323445681127,0.351883883344557,0.219512195121951,0.123251824900576,0.390952457264854
2013,6,"Stage2","Smoke1",0.275961589892893,0.244796283167678,0.308061634891209,0.195121951219512,0.104788389068729,0.363328191091271
2013,7,"Stage2","Smoke1",0.243935013753329,0.212710526504459,0.274970313232931,0.195121951219512,0.104788389068729,0.363328191091271
2013,8,"Stage2","Smoke1",0.2193386613149,0.189089107126095,0.249696131472995,0.170731707317073,0.0869638878897023,0.33518873857587
2013,9,"Stage2","Smoke1",0.200145279257493,0.169124046001568,0.229741819000977,0.146341463414634,0.0698711718801832,0.306504432916354
2013,10,"Stage2","Smoke1",0.184961047724469,0.154106522463272,0.215283230860236,0.146341463414634,0.0698711718801832,0.306504432916354
2013,11,"Stage2","Smoke1",0.172805683118836,0.141286167096988,0.204081835777856,NA,NA,NA
2013,12,"Stage2","Smoke1",0.162975418253434,0.130602480915703,0.195308037094911,NA,NA,NA
2013,13,"Stage2","Smoke1",0.154955470620889,0.122330671315806,0.187904240853442,NA,NA,NA
2013,14,"Stage2","Smoke1",0.148362835635564,0.115571312118957,0.181655846740631,NA,NA,NA
2013,15,"Stage2","Smoke1",0.142908108179263,0.109657058131197,0.176508756885645,NA,NA,NA
2014,0,"Stage2","Smoke1",1,1,1,1,1,1
2014,1,"Stage2","Smoke1",0.748270960235128,0.722710389662764,0.772377407227391,0.711538461538462,0.598467170036981,0.845972857988577
2014,2,"Stage2","Smoke1",0.582840856480064,0.549139809223029,0.614645680606888,0.519230769230769,0.399738499111535,0.674442397505356
2014,3,"Stage2","Smoke1",0.469959466618022,0.436119806623667,0.503705086047535,0.384615384615385,0.272719394585805,0.542421980319767
2014,4,"Stage2","Smoke1",0.390401275233386,0.35670945734815,0.424073590761282,0.365384615384615,0.255379253495878,0.52277510930197
2014,5,"Stage2","Smoke1",0.332744825094677,0.29917066333401,0.365509456565816,0.25,0.156130593725349,0.400305913842513
2014,6,"Stage2","Smoke1",0.28994619844433,0.257964466176908,0.321663427190177,0.211538461538462,0.125169579042802,0.357503165323879
2014,7,"Stage2","Smoke1",0.257513458314927,0.225248387837073,0.288986887933328,0.211538461538462,0.125169579042802,0.357503165323879
2014,8,"Stage2","Smoke1",0.232494810885826,0.200769599260045,0.263815633963391,0.211538461538462,0.125169579042802,0.357503165323879
2014,9,"Stage2","Smoke1",0.212897421387741,0.181262044571994,0.243939928947282,0.211538461538462,0.125169579042802,0.357503165323879
2014,10,"Stage2","Smoke1",0.197342644947072,0.165314883019769,0.228338734743926,NA,NA,NA
2014,11,"Stage2","Smoke1",0.184855426797794,0.152284816280776,0.216548481083094,NA,NA,NA
2014,12,"Stage2","Smoke1",0.174732184812678,0.141382288113305,0.207376806200275,NA,NA,NA
2014,13,"Stage2","Smoke1",0.166455885937261,0.132271408748354,0.199716217027282,NA,NA,NA
2014,14,"Stage2","Smoke1",0.159640228344507,0.124929151412204,0.19395656289436,NA,NA,NA
2014,15,"Stage2","Smoke1",0.153992195009974,0.11832152165842,0.188803157947499,NA,NA,NA
2015,0,"Stage2","Smoke1",1,1,1,1,1,1
2015,1,"Stage2","Smoke1",0.756648955303336,0.730514212070555,0.778802631827679,0.627450980392157,0.507850815519094,0.775217289732357
2015,2,"Stage2","Smoke1",0.595047677870854,0.560883144978221,0.624191941309198,0.392156862745098,0.278655041931473,0.551890265225839
2015,3,"Stage2","Smoke1",0.483784265457082,0.447977942286309,0.515534045890214,0.333333333333333,0.226107892453779,0.491407486511443
2015,4,"Stage2","Smoke1",0.40475784397736,0.369605071146144,0.435411884685311,0.274509803921569,0.175706942591029,0.428871115380192
2015,5,"Stage2","Smoke1",0.347104294105285,0.313368518261991,0.376986328211086,0.215686274509804,0.127800388720739,0.364009604959591
2015,6,"Stage2","Smoke1",0.304061826129721,0.272381573075031,0.333604497789836,0.176470588235294,0.0975411927916535,0.319268891642829
2015,7,"Stage2","Smoke1",0.271282913408418,0.240668938238752,0.299698850238284,0.156862745098039,0.0830203184992818,0.29638432186821
2015,8,"Stage2","Smoke1",0.245889516415025,0.215078796421643,0.274411017209206,0.156862745098039,0.0830203184992818,0.29638432186821
2015,9,"Stage2","Smoke1",0.22592562681764,0.194848279899914,0.254729778067011,NA,NA,NA
2015,10,"Stage2","Smoke1",0.210029908568108,0.178647827932336,0.239119656723771,NA,NA,NA
2015,11,"Stage2","Smoke1",0.197234279211417,0.164801522185205,0.227329089857842,NA,NA,NA
2015,12,"Stage2","Smoke1",0.186836714559854,0.154139499677054,0.21847822207241,NA,NA,NA
2015,13,"Stage2","Smoke1",0.178318993414785,0.144294670362316,0.211312217057698,NA,NA,NA
2015,14,"Stage2","Smoke1",0.171292332799401,0.135650354795933,0.204776880326449,NA,NA,NA
2015,15,"Stage2","Smoke1",0.165460729569702,0.129148706289501,0.199566710506572,NA,NA,NA
2016,0,"Stage2","Smoke1",1,1,1,1,1,1
2016,1,"Stage2","Smoke1",0.764793732836447,0.741708254353295,0.789325174224479,0.666666666666667,0.533985107572049,0.832316179125795
2016,2,"Stage2","Smoke1",0.607026870510102,0.57670579213554,0.640303119123593,0.435897435897436,0.305020398951571,0.622930713077085
2016,3,"Stage2","Smoke1",0.497461675544141,0.465299750220281,0.532314218387522,0.333333333333333,0.213855071331549,0.519562666525922
2016,4,"Stage2","Smoke1",0.419060885755542,0.386696297127225,0.453721970983142,0.307692307692308,0.192160730738891,0.492684201652324
2016,5,"Stage2","Smoke1",0.361496552691326,0.328768817514105,0.39497559877513,0.282051282051282,0.170948927941021,0.465360775671074
2016,6,"Stage2","Smoke1",0.318283209718502,0.285024076128996,0.351543290662107,0.256410256410256,0.150252805251543,0.437570662872522
2016,7,"Stage2","Smoke1",0.28521762058826,0.252310989557987,0.317562946707307,0.256410256410256,0.150252805251543,0.437570662872522
2016,8,"Stage2","Smoke1",0.259497231484989,0.225803094021789,0.292711118007179,NA,NA,NA
2016,9,"Stage2","Smoke1",0.239204959765724,0.205185881440654,0.272411011316387,NA,NA,NA
2016,10,"Stage2","Smoke1",0.2229987135566,0.189206808811768,0.256565333381394,NA,NA,NA
2016,11,"Stage2","Smoke1",0.209919003002332,0.176272282183595,0.244914089026743,NA,NA,NA
2016,12,"Stage2","Smoke1",0.19926666097625,0.164584576826649,0.23525068253267,NA,NA,NA
2016,13,"Stage2","Smoke1",0.190523298453544,0.155105357895184,0.227417541721273,NA,NA,NA
2016,14,"Stage2","Smoke1",0.183298445241582,0.146807845044283,0.221218969934482,NA,NA,NA
2016,15,"Stage2","Smoke1",0.177293728018343,0.139258323695379,0.216343961772657,NA,NA,NA
2017,0,"Stage2","Smoke1",1,1,1,1,1,1
2017,1,"Stage2","Smoke1",0.772708465811691,0.748346201679534,0.794781415085645,0.785714285714286,0.670923299994012,0.920145326270558
2017,2,"Stage2","Smoke1",0.618773507862723,0.586268161981853,0.64916963542852,0.642857142857143,0.513117699625512,0.805400605794854
2017,3,"Stage2","Smoke1",0.510978505038809,0.4769440086382,0.544139728392787,0.5,0.369510475257087,0.676570805810207
2017,4,"Stage2","Smoke1",0.43329123833487,0.399131673671653,0.466586754097023,0.428571428571429,0.302246370007005,0.607694541984071
2017,5,"Stage2","Smoke1",0.375898749165661,0.343563345818841,0.408834032612688,0.404761904761905,0.280493334450797,0.584085892334186
2017,6,"Stage2","Smoke1",0.332585523587534,0.301477534417327,0.366102115415791,0.380952380952381,0.25908379153838,0.560145872852834
2017,7,"Stage2","Smoke1",0.29929193652159,0.268016725413695,0.332910816787823,NA,NA,NA
2017,8,"Stage2","Smoke1",0.273292223844776,0.241391442554967,0.307615505960746,NA,NA,NA
2017,9,"Stage2","Smoke1",0.252710031251826,0.219021827011938,0.287693124690674,NA,NA,NA
2017,10,"Stage2","Smoke1",0.236224250592216,0.2018707237394,0.27153504949293,NA,NA,NA
2017,11,"Stage2","Smoke1",0.222885479897993,0.187534280477652,0.259651808377308,NA,NA,NA
2017,12,"Stage2","Smoke1",0.211998630790059,0.174605299543622,0.248492461136335,NA,NA,NA
2017,13,"Stage2","Smoke1",0.203046120463232,0.165199078133726,0.240009441916962,NA,NA,NA
2017,14,"Stage2","Smoke1",0.195636559237602,0.156651768534521,0.233828726005979,NA,NA,NA
2017,15,"Stage2","Smoke1",0.189469806075404,0.149452377202749,0.228628846398981,NA,NA,NA
2018,0,"Stage2","Smoke1",1,1,1,1,1,1
2018,1,"Stage2","Smoke1",0.780396551475835,0.756093692912337,0.802149513481672,0.833333333333333,0.739632996580408,0.938904088453481
2018,2,"Stage2","Smoke1",0.630283463223096,0.597373686573509,0.659818027925873,0.62962962962963,0.513150366464731,0.77254835310498
2018,3,"Stage2","Smoke1",0.52432262449433,0.489931426656855,0.555777608239514,0.537037037037037,0.419232748779312,0.68794429821927
2018,4,"Stage2","Smoke1",0.447430771872708,0.413203033985584,0.479420747951269,0.462962962962963,0.347367645872879,0.617025527915408
2018,5,"Stage2","Smoke1",0.390288863044853,0.355701689396448,0.421178340654085,0.444444444444444,0.329846052756189,0.598857747567283
2018,6,"Stage2","Smoke1",0.346944496916914,0.314363106730829,0.377329082687019,NA,NA,NA
2018,7,"Stage2","Smoke1",0.313480479131402,0.28135974187904,0.344624612007039,NA,NA,NA
2018,8,"Stage2","Smoke1",0.287248742224476,0.255464622280966,0.318828753720173,NA,NA,NA
2018,9,"Stage2","Smoke1",0.26641517988925,0.234022723091741,0.298950981422536,NA,NA,NA
2018,10,"Stage2","Smoke1",0.2496812157733,0.215212532367023,0.283109793571954,NA,NA,NA
2018,11,"Stage2","Smoke1",0.236108905671062,0.200460108546953,0.270809912597532,NA,NA,NA
2018,12,"Stage2","Smoke1",0.225008381625993,0.188261694388733,0.261107219755427,NA,NA,NA
2018,13,"Stage2","Smoke1",0.21586379146416,0.177283713059536,0.253057588661995,NA,NA,NA
2018,14,"Stage2","Smoke1",0.208283564093644,0.1674032417198,0.246679149518016,NA,NA,NA
2018,15,"Stage2","Smoke1",0.201966376536071,0.160370997149238,0.241367595589763,NA,NA,NA
2019,0,"Stage2","Smoke1",1,1,1,1,1,1
2019,1,"Stage2","Smoke1",0.787861585442449,0.765473224972491,0.806984768247806,0.828571428571429,0.71266457977312,0.963329217881795
2019,2,"Stage2","Smoke1",0.641553369281232,0.609882199983184,0.668380396253638,0.714285714285714,0.579261536228329,0.880783635237856
2019,3,"Stage2","Smoke1",0.537482949841505,0.503539841673711,0.567560330453753,0.657142857142857,0.517289404234908,0.834806843439179
2019,4,"Stage2","Smoke1",0.461462413046424,0.427311409871462,0.490982849950417,0.6,0.457798406419826,0.786372331033981
2019,5,"Stage2","Smoke1",0.40464577215585,0.372095712052841,0.434113986104225,NA,NA,NA
2019,6,"Stage2","Smoke1",0.361336518151076,0.32989695935871,0.390955753769684,NA,NA,NA
2019,7,"Stage2","Smoke1",0.32775826160036,0.295378426063255,0.357500092579883,NA,NA,NA
2019,8,"Stage2","Smoke1",0.30134117237159,0.267791749646986,0.331766107000533,NA,NA,NA
2019,9,"Stage2","Smoke1",0.280294643660528,0.24495754363444,0.311790989550498,NA,NA,NA
2019,10,"Stage2","Smoke1",0.263343993220547,0.227431095151814,0.29550906986726,NA,NA,NA
2019,11,"Stage2","Smoke1",0.249563979901041,0.212417086820296,0.284136898774582,NA,NA,NA
2019,12,"Stage2","Smoke1",0.238271016264804,0.200245851980613,0.27419018025674,NA,NA,NA
2019,13,"Stage2","Smoke1",0.228951852963233,0.190222181125444,0.266475154531393,NA,NA,NA
2019,14,"Stage2","Smoke1",0.221215443047476,0.181590264763531,0.260235473694407,NA,NA,NA
2019,15,"Stage2","Smoke1",0.214759847902408,0.173442888555068,0.254502915067721,NA,NA,NA
2020,0,"Stage2","Smoke1",1,1,1,1,1,1
2020,1,"Stage2","Smoke1",0.795107337264452,0.773436460439028,0.815314016670343,0.844444444444444,0.744921251596696,0.957264164802153
2020,2,"Stage2","Smoke1",0.65258057721003,0.62104798155307,0.682399833402474,0.733333333333333,0.614871123668967,0.874618691749306
2020,3,"Stage2","Smoke1",0.550449420426822,0.516441052606166,0.58449803597676,0.577777777777778,0.450079443484025,0.74170719264515
2020,4,"Stage2","Smoke1",0.475370160142444,0.440144933720459,0.510770904701746,NA,NA,NA
2020,5,"Stage2","Smoke1",0.418949308115272,0.384320640594906,0.455736825153484,NA,NA,NA
2020,6,"Stage2","Smoke1",0.375738726788066,0.339492044220148,0.412306419395446,NA,NA,NA
2020,7,"Stage2","Smoke1",0.342100813841306,0.305513400523603,0.379376665941037,NA,NA,NA
2020,8,"Stage2","Smoke1",0.315544181468464,0.278361298441313,0.352698294551372,NA,NA,NA
2020,9,"Stage2","Smoke1",0.294322721431206,0.25564771960518,0.332247020574732,NA,NA,NA
2020,10,"Stage2","Smoke1",0.277186828980536,0.236501332570062,0.316577119188278,NA,NA,NA
2020,11,"Stage2","Smoke1",0.263225088646611,0.221666433262846,0.303339972474673,NA,NA,NA
2020,12,"Stage2","Smoke1",0.251761171378319,0.209322961300873,0.292699760121248,NA,NA,NA
2020,13,"Stage2","Smoke1",0.242285248770925,0.198669651109787,0.284568951569566,NA,NA,NA
2020,14,"Stage2","Smoke1",0.234407468741492,0.189137067767292,0.277771540268702,NA,NA,NA
2020,15,"Stage2","Smoke1",0.227825821501436,0.181737046469684,0.271919474540916,NA,NA,NA
2021,0,"Stage2","Smoke1",1,1,1,1,1,1
2021,1,"Stage2","Smoke1",0.802137727460356,0.779372482177592,0.823374423456178,0.826923076923077,0.730234131138284,0.936414426537449
2021,2,"Stage2","Smoke1",0.66336311560294,0.632733678498534,0.693847961927087,0.615384615384615,0.496395107305046,0.762896771702772
2021,3,"Stage2","Smoke1",0.563212972771599,0.52697574312805,0.595874715263733,NA,NA,NA
2021,4,"Stage2","Smoke1",0.489139089842956,0.451635820437393,0.523094019321232,NA,NA,NA
2021,5,"Stage2","Smoke1",0.433180300738156,0.395827843489442,0.466606409201176,NA,NA,NA
2021,6,"Stage2","Smoke1",0.390129092716708,0.352974815802289,0.423537766038426,NA,NA,NA
2021,7,"Stage2","Smoke1",0.356484291251296,0.318432194893032,0.39097067394238,NA,NA,NA
2021,8,"Stage2","Smoke1",0.329832850339381,0.291442596560543,0.364235637437696,NA,NA,NA
2021,9,"Stage2","Smoke1",0.308473923230202,0.26747399928424,0.344409615718699,NA,NA,NA
2021,10,"Stage2","Smoke1",0.291183994920732,0.249066028265352,0.328112138159619,NA,NA,NA
2021,11,"Stage2","Smoke1",0.277066478430376,0.233206584542241,0.315889932257595,NA,NA,NA
2021,12,"Stage2","Smoke1",0.265453198896797,0.219007528829259,0.305479529439305,NA,NA,NA
2021,13,"Stage2","Smoke1",0.255838511711496,0.20806874753834,0.296898418742674,NA,NA,NA
2021,14,"Stage2","Smoke1",0.247834393759373,0.198017180431997,0.289397523935375,NA,NA,NA
2021,15,"Stage2","Smoke1",0.241139284732212,0.189467798665381,0.283680125007988,NA,NA,NA
2008,0,"Stage3","Smoke0",1,1,1,1,1,1
2008,1,"Stage3","Smoke0",0.650832849802829,0.631985328843812,0.667667026828729,0.696969696969697,0.59446579007466,0.817148381966645
2008,2,"Stage3","Smoke0",0.460692389729356,0.439397946653671,0.481695533499861,0.545454545454546,0.43763485601037,0.679837670768104
2008,3,"Stage3","Smoke0",0.348893893423526,0.327700538444877,0.369437566621691,0.409090909090909,0.306122427527574,0.546694253186503
2008,4,"Stage3","Smoke0",0.278984124029302,0.258614590143488,0.298190187069458,0.272727272727273,0.183920704450846,0.404414312740602
2008,5,"Stage3","Smoke0",0.233052722137558,0.212977709638502,0.251750457197007,0.196969696969697,0.12101599083337,0.320594503727653
2008,6,"Stage3","Smoke0",0.201652971022244,0.182007603489712,0.21936336628125,0.166666666666667,0.0971769436198165,0.285847411361817
2008,7,"Stage3","Smoke0",0.179491535768484,0.160820551168913,0.197060082350592,0.121212121212121,0.0633036765871445,0.232093602154628
2008,8,"Stage3","Smoke0",0.163444153375784,0.144568037455861,0.180888751203464,0.106060606060606,0.0526464833051411,0.213667683988392
2008,9,"Stage3","Smoke0",0.151582080059067,0.132053496632497,0.169030330338279,0.106060606060606,0.0526464833051411,0.213667683988392
2008,10,"Stage3","Smoke0",0.142667265948805,0.123320180075924,0.160285613782324,0.106060606060606,0.0526464833051411,0.213667683988392
2008,11,"Stage3","Smoke0",0.135877586481197,0.116740443227614,0.153736153278651,0.106060606060606,0.0526464833051411,0.213667683988392
2008,12,"Stage3","Smoke0",0.130650756871363,0.111640438074517,0.148630205822101,0.106060606060606,0.0526464833051411,0.213667683988392
2008,13,"Stage3","Smoke0",0.126592228524608,0.107656982655125,0.144671582939613,0.106060606060606,0.0526464833051411,0.213667683988392
2008,14,"Stage3","Smoke0",0.123418953995354,0.104207566107606,0.141881630982434,0.106060606060606,0.0526464833051411,0.213667683988392
2008,15,"Stage3","Smoke0",0.120923976270673,0.101215018756215,0.139281340957008,0.106060606060606,0.0526464833051411,0.213667683988392
2009,0,"Stage3","Smoke0",1,1,1,1,1,1
2009,1,"Stage3","Smoke0",0.661654635982183,0.645011265284319,0.676917839992698,0.644736842105263,0.54563716751046,0.761835190708298
2009,2,"Stage3","Smoke0",0.474607361413408,0.454909024616151,0.493280894896491,0.421052631578947,0.323477373365895,0.548060956211066
2009,3,"Stage3","Smoke0",0.363288617237401,0.343592556017936,0.382795536334214,0.302631578947368,0.215127879387714,0.425727585084948
2009,4,"Stage3","Smoke0",0.292999330523983,0.273667221790278,0.312073173578037,0.223684210526316,0.147142338092913,0.340042347343882
2009,5,"Stage3","Smoke0",0.246456889144997,0.228153379988567,0.265522773003798,0.157894736842105,0.0939461217661044,0.265372827039175
2009,6,"Stage3","Smoke0",0.214439375842772,0.196745848604029,0.233044366133332,0.105263157894737,0.0546525892337075,0.2027412162046
2009,7,"Stage3","Smoke0",0.191727837561383,0.174201555090665,0.210227007996616,0.105263157894737,0.0546525892337075,0.2027412162046
2009,8,"Stage3","Smoke0",0.175215411513764,0.157717484650298,0.193655152659876,0.105263157894737,0.0546525892337075,0.2027412162046
2009,9,"Stage3","Smoke0",0.16296979830542,0.14524354695109,0.181531594961561,0.105263157894737,0.0546525892337075,0.2027412162046
2009,10,"Stage3","Smoke0",0.153742629181772,0.135656532900802,0.172475181223639,0.0789473684210526,0.0366298575202278,0.170153186568296
2009,11,"Stage3","Smoke0",0.146700254675603,0.128340405435192,0.165765318887812,0.0657894736842105,0.0281982744835215,0.153493606503291
2009,12,"Stage3","Smoke0",0.141269715904383,0.122540704991424,0.160437500914407,0.0526315789473684,0.0202766883898741,0.136614177287274
2009,13,"Stage3","Smoke0",0.137047270429926,0.118194524834335,0.156315700877803,0.0526315789473684,0.0202766883898741,0.136614177287274
2009,14,"Stage3","Smoke0",0.133742218023436,0.11473201149134,0.153512041983078,0.0526315789473684,0.0202766883898741,0.136614177287274
2009,15,"Stage3","Smoke0",0.131141342204585,0.112314509559639,0.151504802540528,NA,NA,NA
2010,0,"Stage3","Smoke0",1,1,1,1,1,1
2010,1,"Stage3","Smoke0",0.672230590184942,0.656535621273049,0.686862031180553,0.80952380952381,0.699066985451853,0.937433481803406
2010,2,"Stage3","Smoke0",0.488384309847444,0.469883123471575,0.506615678068412,0.571428571428572,0.439759632003889,0.74252066010918
2010,3,"Stage3","Smoke0",0.377690492039586,0.359094710659691,0.397068518858267,0.476190476190476,0.346758202424669,0.653935128365923
2010,4,"Stage3","Smoke0",0.30714004268508,0.288455237866196,0.326308661793477,0.428571428571429,0.302246370007005,0.607694541984071
2010,5,"Stage3","Smoke0",0.260072987563037,0.241983169114296,0.278437908363343,0.380952380952381,0.25908379153838,0.560145872852835
2010,6,"Stage3","Smoke0",0.227498895805634,0.209637659567897,0.244903733209251,0.357142857142857,0.238027156193617,0.535867513807585
2010,7,"Stage3","Smoke0",0.204280394204912,0.186802153059646,0.221807517832281,0.30952380952381,0.197025726765346,0.486256237878181
2010,8,"Stage3","Smoke0",0.18733355139019,0.169969699070333,0.205042803261586,0.261904761904762,0.157634650015511,0.435146107163879
2010,9,"Stage3","Smoke0",0.174726390792957,0.157050421279992,0.192974038904534,0.238095238095238,0.138610701667018,0.408982435857022
2010,10,"Stage3","Smoke0",0.165202865136699,0.147203491411845,0.183644010791073,0.19047619047619,0.102110323221188,0.355313527504275
2010,11,"Stage3","Smoke0",0.157919586885556,0.139537662970835,0.176746930032209,0.19047619047619,0.102110323221188,0.355313527504275
2010,12,"Stage3","Smoke0",0.152294137995989,0.133748564131845,0.171295928558025,0.19047619047619,0.102110323221188,0.355313527504275
2010,13,"Stage3","Smoke0",0.147914416544392,0.128983992051099,0.167389793478762,0.19047619047619,0.102110323221188,0.355313527504275
2010,14,"Stage3","Smoke0",0.144482649779631,0.125202731705124,0.164423067592236,NA,NA,NA
2010,15,"Stage3","Smoke0",0.141779770911448,0.122194957758162,0.162109156477633,NA,NA,NA
2011,0,"Stage3","Smoke0",1,1,1,1,1,1
2011,1,"Stage3","Smoke0",0.682559880840247,0.666516604465813,0.697191456717297,0.846153846153846,0.753558079213221,0.950127602783434
2011,2,"Stage3","Smoke0",0.502009330104339,0.48240664314944,0.520670272857258,0.557692307692308,0.437796375546543,0.710423218261902
2011,3,"Stage3","Smoke0",0.392077605715162,0.371901722625554,0.410847404462363,0.442307692307692,0.325970832024732,0.600164417961522
2011,4,"Stage3","Smoke0",0.321381081654314,0.302254173854642,0.340175796477276,0.365384615384615,0.255379253495879,0.52277510930197
2011,5,"Stage3","Smoke0",0.273875281058188,0.256031964549105,0.292606530696244,0.346153846153846,0.23825286260023,0.502921492314463
2011,6,"Stage3","Smoke0",0.240806531233667,0.223211890740808,0.259494233919537,0.307692307692308,0.204670860453339,0.462569786452828
2011,7,"Stage3","Smoke0",0.217125452226822,0.199613343178067,0.236284464460571,0.25,0.156130593725349,0.400305913842513
2011,8,"Stage3","Smoke0",0.19977618026945,0.18193664082093,0.219055470629282,0.25,0.156130593725349,0.400305913842513
2011,9,"Stage3","Smoke0",0.186830757031193,0.169594684109612,0.206294802996827,0.211538461538462,0.125169579042802,0.357503165323879
2011,10,"Stage3","Smoke0",0.177028023180221,0.159611092211862,0.196532503479705,0.153846153846154,0.0813312280954426,0.291015389875574
2011,11,"Stage3","Smoke0",0.169516619948753,0.151893917525376,0.189045999192641,0.153846153846154,0.0813312280954426,0.291015389875574
2011,12,"Stage3","Smoke0",0.163705890265722,0.145885821476812,0.183232515654349,0.134615384615385,0.0675783552526584,0.268152453657639
2011,13,"Stage3","Smoke0",0.159176222859302,0.141158760495235,0.179029795180485,NA,NA,NA
2011,14,"Stage3","Smoke0",0.155623371814998,0.137257194036889,0.175930292777733,NA,NA,NA
2011,15,"Stage3","Smoke0",0.152822848142485,0.134437843898078,0.173554798970082,NA,NA,NA
2012,0,"Stage3","Smoke0",1,1,1,1,1,1
2012,1,"Stage3","Smoke0",0.692642238791424,0.67855431365563,0.7079072639187,0.760869565217391,0.647070851431854,0.894681770926705
2012,2,"Stage3","Smoke0",0.515469587885976,0.498710382525963,0.534144141358937,0.630434782608696,0.505300815573657,0.786557240505657
2012,3,"Stage3","Smoke0",0.406428951986027,0.389020175302147,0.425302911755762,0.5,0.37451324689518,0.667533130196517
2012,4,"Stage3","Smoke0",0.33569773269378,0.319102075673485,0.355023103787883,0.347826086956522,0.234158720462724,0.516670856965778
2012,5,"Stage3","Smoke0",0.28783802105458,0.271352397442957,0.306758318445043,0.304347826086957,0.196620037311186,0.471099489708961
2012,6,"Stage3","Smoke0",0.254336851269738,0.237412375192395,0.273095924689223,0.260869565217391,0.160387562888064,0.424303037163831
2012,7,"Stage3","Smoke0",0.230238486610942,0.213251248913953,0.248817333288013,0.239130434782609,0.142812852375047,0.400407693623735
2012,8,"Stage3","Smoke0",0.212519866697155,0.195719451679435,0.231499232751978,0.239130434782609,0.142812852375047,0.400407693623735
2012,9,"Stage3","Smoke0",0.199260551057875,0.181804105089693,0.218474046776592,0.217391304347826,0.12563692800741,0.376155163577877
2012,10,"Stage3","Smoke0",0.189196747900881,0.17113834875066,0.208939751846822,0.173913043478261,0.092641397805469,0.326481976830513
2012,11,"Stage3","Smoke0",0.181470863086512,0.162764486123925,0.201656128487915,0.173913043478261,0.092641397805469,0.326481976830513
2012,12,"Stage3","Smoke0",0.175485217192856,0.156385552260789,0.196326267356034,NA,NA,NA
2012,13,"Stage3","Smoke0",0.17081354890205,0.15128562074928,0.192283912727684,NA,NA,NA
2012,14,"Stage3","Smoke0",0.167145752600418,0.1472285867503,0.188927812556426,NA,NA,NA
2012,15,"Stage3","Smoke0",0.164252360401998,0.143956436350585,0.186543549119221,NA,NA,NA
2013,0,"Stage3","Smoke0",1,1,1,1,1,1
2013,1,"Stage3","Smoke0",0.702477918069658,0.688607572438223,0.716754389753765,0.730769230769231,0.619630002380616,0.861842820049604
2013,2,"Stage3","Smoke0",0.528753306179688,0.511377423031633,0.546869728838851,0.442307692307692,0.325970832024732,0.600164417961522
2013,3,"Stage3","Smoke0",0.420724484480648,0.40278379763369,0.439978535563606,0.346153846153846,0.23825286260023,0.502921492314463
2013,4,"Stage3","Smoke0",0.350065859621461,0.332631195174522,0.369726588599934,0.25,0.156130593725349,0.400305913842513
2013,5,"Stage3","Smoke0",0.301935602297492,0.284946048419396,0.321918024493312,0.230769230769231,0.140496845826204,0.379043654372846
2013,6,"Stage3","Smoke0",0.268064173666892,0.25084944016542,0.288103893182902,0.211538461538462,0.125169579042802,0.357503165323879
2013,7,"Stage3","Smoke0",0.243594393105361,0.226190469296091,0.263489434497476,0.211538461538462,0.125169579042802,0.357503165323879
2013,8,"Stage3","Smoke0",0.225540338057639,0.207604250667146,0.245358039932939,0.173076923076923,0.0955487278621854,0.313511461345478
2013,9,"Stage3","Smoke0",0.211992380061257,0.193251556662823,0.232276934980621,0.153846153846154,0.0813312280954426,0.291015389875574
2013,10,"Stage3","Smoke0",0.201686476568854,0.182285380220294,0.221986887706667,0.134615384615385,0.0675783552526584,0.268152453657639
2013,11,"Stage3","Smoke0",0.193760493150676,0.17346989675386,0.214607208460552,NA,NA,NA
2013,12,"Stage3","Smoke0",0.187610933277493,0.167126044447849,0.208445494544492,NA,NA,NA
2013,13,"Stage3","Smoke0",0.182805747808856,0.161932832169032,0.20397592384592,NA,NA,NA
2013,14,"Stage3","Smoke0",0.179029594195944,0.157622982158253,0.200708429442264,NA,NA,NA
2013,15,"Stage3","Smoke0",0.176048480479808,0.15417324232474,0.197982169913773,NA,NA,NA
2014,0,"Stage3","Smoke0",1,1,1,1,1,1
2014,1,"Stage3","Smoke0",0.712067657620443,0.698534099039692,0.72489965157092,0.727272727272727,0.618602466992722,0.855033156278915
2014,2,"Stage3","Smoke0",0.541849746508744,0.524584988858389,0.558988819756053,0.509090909090909,0.392724101241856,0.659937989289326
2014,3,"Stage3","Smoke0",0.434945159807899,0.417128410144003,0.452706125245393,0.418181818181818,0.306184196766562,0.571146502349299
2014,4,"Stage3","Smoke0",0.364462006511172,0.346541896074938,0.382194755156991,0.309090909090909,0.208202429344448,0.458866836393099
2014,5,"Stage3","Smoke0",0.316142706768215,0.298514081923313,0.334646253022613,0.290909090909091,0.192558782807118,0.439492283550234
2014,6,"Stage3","Smoke0",0.281962735398497,0.26461034906269,0.30063348203123,0.236363636363636,0.14698681631532,0.380086935655456
2014,7,"Stage3","Smoke0",0.257167674240216,0.239131664124449,0.276023202687686,0.218181818181818,0.132297339006324,0.359820584016798
2014,8,"Stage3","Smoke0",0.238812674649415,0.22070736310487,0.258124701738738,0.218181818181818,0.132297339006324,0.359820584016798
2014,9,"Stage3","Smoke0",0.225002002030789,0.20607364829787,0.245306675720159,0.218181818181818,0.132297339006324,0.359820584016798
2014,10,"Stage3","Smoke0",0.214473637771867,0.195144653830627,0.235208795065971,NA,NA,NA
2014,11,"Stage3","Smoke0",0.206362552839087,0.185990791273088,0.227662625659495,NA,NA,NA
2014,12,"Stage3","Smoke0",0.200060620144304,0.179299564280876,0.221453590185859,NA,NA,NA
2014,13,"Stage3","Smoke0",0.195130862041822,0.173896780540718,0.216757238102875,NA,NA,NA
2014,14,"Stage3","Smoke0",0.19125332653886,0.169616285242629,0.213417509208224,NA,NA,NA
2014,15,"Stage3","Smoke0",0.188189960389902,0.166137140076653,0.210579770412718,NA,NA,NA
2015,0,"Stage3","Smoke0",1,1,1,1,1,1
2015,1,"Stage3","Smoke0",0.721412644122919,0.70806940838573,0.735183734019965,0.754716981132076,0.647334267461718,0.879912821304178
2015,2,"Stage3","Smoke0",0.55474918546404,0.538081136629061,0.573201656442875,0.641509433962264,0.52456456075473,0.784525651657594
2015,3,"Stage3","Smoke0",0.449072970270102,0.431371902884406,0.468563112407428,0.528301886792453,0.40963938573,0.681338009261705
2015,4,"Stage3","Smoke0",0.378863486755827,0.361232805911614,0.398721271719583,0.471698113207547,0.354752960873117,0.627194511515692
2015,5,"Stage3","Smoke0",0.3304344353689,0.312727649033486,0.350525112099607,0.358490566037736,0.250075066511007,0.513907634739745
2015,6,"Stage3","Smoke0",0.296006852876252,0.278105622080882,0.315591985962452,0.339622641509434,0.233322896870708,0.494351562460504
2015,7,"Stage3","Smoke0",0.270932617327934,0.253075946414027,0.290508152325583,0.283018867924528,0.184381713958743,0.43442312082642
2015,8,"Stage3","Smoke0",0.252311498155874,0.233420984486382,0.272297254881479,0.264150943396226,0.168540692250725,0.41399925421759
2015,9,"Stage3","Smoke0",0.238264520018829,0.218758416513816,0.258789870377269,NA,NA,NA
2015,10,"Stage3","Smoke0",0.227533848593315,0.207054745482337,0.248563195541272,NA,NA,NA
2015,11,"Stage3","Smoke0",0.219253149087131,0.198025866179801,0.240668307071948,NA,NA,NA
2015,12,"Stage3","Smoke0",0.212810825180204,0.191131997795564,0.234859639617872,NA,NA,NA
2015,13,"Stage3","Smoke0",0.207765821755978,0.185911002425376,0.230461330343705,NA,NA,NA
2015,14,"Stage3","Smoke0",0.203794205292567,0.181469332253831,0.226749115658311,NA,NA,NA
2015,15,"Stage3","Smoke0",0.200654328609871,0.178168483510924,0.223763056842891,NA,NA,NA
2016,0,"Stage3","Smoke0",1,1,1,1,1,1
2016,1,"Stage3","Smoke0",0.730514476017231,0.716558785503781,0.74348542287043,0.787234042553192,0.678509437539852,0.913380718773333
2016,2,"Stage3","Smoke0",0.567442887172758,0.549073534395547,0.58484229500593,0.680851063829787,0.559815905022499,0.828054663969439
2016,3,"Stage3","Smoke0",0.463090966900871,0.443487326647391,0.481262937879043,0.51063829787234,0.385982021285457,0.675553411491982
2016,4,"Stage3","Smoke0",0.393248459744766,0.373443954120211,0.412101519566327,0.446808510638298,0.325063629056764,0.6141500535083
2016,5,"Stage3","Smoke0",0.344786427024545,0.324532972430595,0.364465758949242,0.404255319148936,0.285713397529115,0.57198004879542
2016,6,"Stage3","Smoke0",0.310171070836361,0.290038566873935,0.330040302710334,0.340425531914894,0.228664115026463,0.506811236061796
2016,7,"Stage3","Smoke0",0.284863463009103,0.264133834680477,0.305046962205807,0.319148936170213,0.21020612914998,0.484553156801176
2016,8,"Stage3","Smoke0",0.266011152679888,0.244956294386744,0.286935655073724,NA,NA,NA
2016,9,"Stage3","Smoke0",0.25175457087883,0.230315930439505,0.272520088421146,NA,NA,NA
2016,10,"Stage3","Smoke0",0.240842107968517,0.218867950943763,0.262151164524723,NA,NA,NA
2016,11,"Stage3","Smoke0",0.232407649098402,0.209786615326789,0.254246297019841,NA,NA,NA
2016,12,"Stage3","Smoke0",0.225837259038749,0.202850794716508,0.247936350054127,NA,NA,NA
2016,13,"Stage3","Smoke0",0.220686643050549,0.197373439148612,0.243215549878344,NA,NA,NA
2016,14,"Stage3","Smoke0",0.216628510415585,0.192567893764142,0.239457664790665,NA,NA,NA
2016,15,"Stage3","Smoke0",0.213418088723051,0.188759699103454,0.236567973321425,NA,NA,NA
2017,0,"Stage3","Smoke0",1,1,1,1,1,1
2017,1,"Stage3","Smoke0",0.739375128832237,0.725011711074775,0.752494327460323,0.770833333333333,0.660649187586395,0.899394170071654
2017,2,"Stage3","Smoke0",0.579923072324428,0.56125271644925,0.59685666535199,0.645833333333333,0.523767411810813,0.796347166774674
2017,3,"Stage3","Smoke0",0.476983273547682,0.456554222743612,0.495473243489846,0.520833333333333,0.397059191361467,0.683191239525192
2017,4,"Stage3","Smoke0",0.407595995534853,0.386974757460659,0.425959573471662,0.375,0.260267071199304,0.540310379457546
2017,5,"Stage3","Smoke0",0.359174965055798,0.338725067497708,0.377892877337011,0.3125,0.20540861696303,0.475424310059867
2017,6,"Stage3","Smoke0",0.324430299210547,0.303720158024627,0.343512808189822,0.291666666666667,0.187682057465985,0.453263596920351
2017,7,"Stage3","Smoke0",0.298934563189471,0.278014971487502,0.318567959184876,NA,NA,NA
2017,8,"Stage3","Smoke0",0.279885876802726,0.258203375213409,0.300352910590783,NA,NA,NA
2017,9,"Stage3","Smoke0",0.265446506636673,0.24351882600164,0.286448629606525,NA,NA,NA
2017,10,"Stage3","Smoke0",0.254372984140205,0.230963914207889,0.276086887518578,NA,NA,NA
2017,11,"Stage3","Smoke0",0.245800871754177,0.222438930057277,0.268004912235884,NA,NA,NA
2017,12,"Stage3","Smoke0",0.239114989611406,0.215265508220773,0.261619980076626,NA,NA,NA
2017,13,"Stage3","Smoke0",0.233868623597087,0.209897313991586,0.256531245231998,NA,NA,NA
2017,14,"Stage3","Smoke0",0.229731742860139,0.205194606875709,0.252669174252138,NA,NA,NA
2017,15,"Stage3","Smoke0",0.226456916808243,0.20139495569588,0.249678156318266,NA,NA,NA
2018,0,"Stage3","Smoke0",1,1,1,1,1,1
2018,1,"Stage3","Smoke0",0.747996921885216,0.735190937718608,0.760708983143209,0.879310344827586,0.799345188816104,0.967275081327457
2018,2,"Stage3","Smoke0",0.592182884336591,0.575228225165585,0.609450784701455,0.741379310344828,0.636835713891643,0.863084889584087
2018,3,"Stage3","Smoke0",0.490735092738953,0.47191932543045,0.509594696125083,0.706896551724138,0.598943638790703,0.834306773586245
2018,4,"Stage3","Smoke0",0.42188612800211,0.402112682576681,0.44176882701979,0.620689655172414,0.507576207142123,0.759010455212644
2018,5,"Stage3","Smoke0",0.373577070859929,0.353732326351844,0.394209406507099,0.568965517241379,0.454782957559425,0.711815943031354
2018,6,"Stage3","Smoke0",0.338759937535769,0.318593037353098,0.360671247069361,NA,NA,NA
2018,7,"Stage3","Smoke0",0.31312052748296,0.292388956887854,0.335018642366788,NA,NA,NA
2018,8,"Stage3","Smoke0",0.293909965413534,0.27184265864204,0.316327016802024,NA,NA,NA
2018,9,"Stage3","Smoke0",0.279314566943704,0.256807736263425,0.302737039061884,NA,NA,NA
2018,10,"Stage3","Smoke0",0.268100794426195,0.244120779344816,0.292719253124753,NA,NA,NA
2018,11,"Stage3","Smoke0",0.259407272429886,0.23518636761203,0.284820600344761,NA,NA,NA
2018,12,"Stage3","Smoke0",0.252618630349496,0.2279207503482,0.278649356268965,NA,NA,NA
2018,13,"Stage3","Smoke0",0.247286533415402,0.222498780117588,0.274331594119757,NA,NA,NA
2018,14,"Stage3","Smoke0",0.243078817082917,0.217378131935696,0.270662567515386,NA,NA,NA
2018,15,"Stage3","Smoke0",0.239745855190223,0.213250846270235,0.267205842307725,NA,NA,NA
2019,0,"Stage3","Smoke0",1,1,1,1,1,1
2019,1,"Stage3","Smoke0",0.756382486406647,0.743139263028005,0.769775512679264,0.828125,0.740666654045513,0.925910477917721
2019,2,"Stage3","Smoke0",0.604216353202121,0.586626261449147,0.622561690257237,0.71875,0.616623306983871,0.837791171123398
2019,3,"Stage3","Smoke0",0.504332704082625,0.484139163943643,0.524418094622459,0.625,0.516966953612638,0.755609226605796
2019,4,"Stage3","Smoke0",0.436099897046885,0.415942484874908,0.456387726533091,0.578125,0.468953968735493,0.712710709168808
2019,5,"Stage3","Smoke0",0.387970585097619,0.367774518900226,0.408341831983196,NA,NA,NA
2019,6,"Stage3","Smoke0",0.35313598667245,0.333006855140801,0.37412354312009,NA,NA,NA
2019,7,"Stage3","Smoke0",0.327396357528206,0.30708994134695,0.348976929319764,NA,NA,NA
2019,8,"Stage3","Smoke0",0.308057920330072,0.286684874272468,0.329889108964525,NA,NA,NA
2019,9,"Stage3","Smoke0",0.293333041346178,0.271192259271677,0.315775965334127,NA,NA,NA
2019,10,"Stage3","Smoke0",0.281999775803463,0.260298481344047,0.305050857768254,NA,NA,NA
2019,11,"Stage3","Smoke0",0.273201119539259,0.250563219589075,0.296786264111503,NA,NA,NA
2019,12,"Stage3","Smoke0",0.26632252111207,0.242412614359056,0.290737924764364,NA,NA,NA
2019,13,"Stage3","Smoke0",0.260914798857604,0.236387209838067,0.285644110809413,NA,NA,NA
2019,14,"Stage3","Smoke0",0.256644247337387,0.231513671583744,0.281786484482353,NA,NA,NA
2019,15,"Stage3","Smoke0",0.253259500448452,0.227797809431718,0.278359912811414,NA,NA,NA
2020,0,"Stage3","Smoke0",1,1,1,1,1,1
2020,1,"Stage3","Smoke0",0.764534735126408,0.75000824780928,0.776527911929872,0.825396825396825,0.736781925739848,0.924669696112648
2020,2,"Stage3","Smoke0",0.616018357519079,0.59667862500581,0.63255879235739,0.650793650793651,0.543108891967956,0.779829574100062
2020,3,"Stage3","Smoke0",0.51776345593944,0.496626833054887,0.53573684395359,0.619047619047619,0.510031558640331,0.751365181539225
2020,4,"Stage3","Smoke0",0.450219380492414,0.428245729780217,0.469420894831321,NA,NA,NA
2020,5,"Stage3","Smoke0",0.402334236720544,0.379780768478261,0.422752220089662,NA,NA,NA
2020,6,"Stage3","Smoke0",0.367535147794338,0.344977754205944,0.388602012618811,NA,NA,NA
2020,7,"Stage3","Smoke0",0.341737568779061,0.31868715051568,0.36395842451971,NA,NA,NA
2020,8,"Stage3","Smoke0",0.322304588990404,0.298639888301038,0.345533706082655,NA,NA,NA
2020,9,"Stage3","Smoke0",0.307476420380875,0.28281227325516,0.331610007201441,NA,NA,NA
2020,10,"Stage3","Smoke0",0.296044245097241,0.270732278595225,0.320693747304384,NA,NA,NA
2020,11,"Stage3","Smoke0",0.287156661416174,0.260761376892746,0.312248928750453,NA,NA,NA
2020,12,"Stage3","Smoke0",0.280200900006695,0.252684217364579,0.306008197455118,NA,NA,NA
2020,13,"Stage3","Smoke0",0.274727678152979,0.246767329164676,0.300921902065983,NA,NA,NA
2020,14,"Stage3","Smoke0",0.270402326009327,0.241996822092524,0.296667124831624,NA,NA,NA
2020,15,"Stage3","Smoke0",0.266972183873038,0.238101009157407,0.293317275600075,NA,NA,NA
2021,0,"Stage3","Smoke0",1,1,1,1,1,1
2021,1,"Stage3","Smoke0",0.77245683334302,0.758780032329831,0.785790612804925,0.844827586206897,0.756601874468171,0.943341107789175
2021,2,"Stage3","Smoke0",0.627584585162446,0.608563079989177,0.64653625897275,0.724137931034483,0.617783695839309,0.848801525023244
2021,3,"Stage3","Smoke0",0.531015751101019,0.509563888794427,0.553164814420066,NA,NA,NA
2021,4,"Stage3","Smoke0",0.464227716365762,0.441831080004045,0.487111818258247,NA,NA,NA
2021,5,"Stage3","Smoke0",0.416647700289699,0.393406812188152,0.440498586727684,NA,NA,NA
2021,6,"Stage3","Smoke0",0.381934908783238,0.358476435666634,0.40684670558321,NA,NA,NA
2021,7,"Stage3","Smoke0",0.356120299580841,0.331700191468282,0.381278083247144,NA,NA,NA
2021,8,"Stage3","Smoke0",0.336625290735449,0.312098287684073,0.362155804477851,NA,NA,NA
2021,9,"Stage3","Smoke0",0.321719534766314,0.296579721429057,0.34773827932914,NA,NA,NA
2021,10,"Stage3","Smoke0",0.310208747836152,0.284051890628217,0.336301967349088,NA,NA,NA
2021,11,"Stage3","Smoke0",0.301248282424809,0.274472007365866,0.327406546518542,NA,NA,NA
2021,12,"Stage3","Smoke0",0.294228064975699,0.266924237156813,0.321150582268384,NA,NA,NA
2021,13,"Stage3","Smoke0",0.288699427155123,0.2610514661072,0.315974194144649,NA,NA,NA
2021,14,"Stage3","Smoke0",0.284327292547733,0.256440650230345,0.311574082565398,NA,NA,NA
2021,15,"Stage3","Smoke0",0.280858142848526,0.252291269154019,0.308313584796048,NA,NA,NA
2008,0,"Stage3","Smoke1",1,1,1,1,1,1
2008,1,"Stage3","Smoke1",0.474827108995256,0.455230222950745,0.493961025489715,0.402010050251256,0.339347204519504,0.476244030746772
2008,2,"Stage3","Smoke1",0.260806051480865,0.242770428916471,0.279167551565448,0.226130653266332,0.174877857531082,0.292404499166336
2008,3,"Stage3","Smoke1",0.161057119383383,0.146830810729878,0.175646254847907,0.120603015075377,0.0828745786641605,0.175507224045311
2008,4,"Stage3","Smoke1",0.109288323742941,0.0978829426746071,0.121300383229142,0.0753768844221106,0.0463344799720735,0.12262303814802
2008,5,"Stage3","Smoke1",0.0800010840452143,0.0705244767618147,0.0899463361172855,0.0653266331658292,0.0386234312492559,0.110491710931691
2008,6,"Stage3","Smoke1",0.0622454800259606,0.0541218687921431,0.0708448197168121,0.0603015075376885,0.0348442645937179,0.104357829149693
2008,7,"Stage3","Smoke1",0.0508662921636965,0.0434264158476395,0.0591073807398888,0.0402010050251256,0.020389328244825,0.0792630726046783
2008,8,"Stage3","Smoke1",0.0432410143431907,0.0363827459923436,0.0508061354832423,0.0301507537688442,0.0137111982675307,0.0663011310238455
2008,9,"Stage3","Smoke1",0.0379448761694662,0.0316405516179123,0.0450415320984433,0.0301507537688442,0.0137111982675307,0.0663011310238455
2008,10,"Stage3","Smoke1",0.0341590080109347,0.0280414524758857,0.0410510989873939,0.0251256281407035,0.0105745214075221,0.0596998355893296
2008,11,"Stage3","Smoke1",0.0313893875035539,0.0252888755103166,0.0381191517363497,0.0251256281407035,0.0105745214075221,0.0596998355893296
2008,12,"Stage3","Smoke1",0.029325182561046,0.0233447764335334,0.0359068985791234,0.0251256281407035,0.0105745214075221,0.0596998355893296
2008,13,"Stage3","Smoke1",0.0277635466807676,0.0219029553835984,0.034333079747048,0.0201005025125628,0.0076191276757686,0.0530284067220053
2008,14,"Stage3","Smoke1",0.0265678286362223,0.0207641346375734,0.0330990814211961,0.0201005025125628,0.0076191276757686,0.0530284067220053
2008,15,"Stage3","Smoke1",0.0256433920436292,0.0198614036893885,0.0322404658440018,0.0201005025125628,0.0076191276757686,0.0530284067220053
2009,0,"Stage3","Smoke1",1,1,1,1,1,1
2009,1,"Stage3","Smoke1",0.488601752160027,0.471836351239235,0.508252884998643,0.401913875598086,0.340649822755245,0.474195941426734
2009,2,"Stage3","Smoke1",0.27461756922144,0.25841740154746,0.292764563247695,0.22488038277512,0.174839506716087,0.289243475384567
2009,3,"Stage3","Smoke1",0.17275402132776,0.159427302963685,0.187568015563329,0.15311004784689,0.111308631231036,0.210609783737422
2009,4,"Stage3","Smoke1",0.118983847211534,0.107984866815745,0.131119349293631,0.105263157894737,0.0708951535226529,0.156291817697127
2009,5,"Stage3","Smoke1",0.0881478710681258,0.0786775858337841,0.0986456899765425,0.0669856459330143,0.0403868531843099,0.111102410989682
2009,6,"Stage3","Smoke1",0.0692481865273885,0.0607443134516005,0.0786786197828747,0.062200956937799,0.036743145289166,0.105297437481998
2009,7,"Stage3","Smoke1",0.0570291735578954,0.0494256539868057,0.0657280805010082,0.0526315789473684,0.0296104241723348,0.0935509429507322
2009,8,"Stage3","Smoke1",0.0487832860678024,0.0414350296122386,0.0571288136837274,0.0526315789473684,0.0296104241723348,0.0935509429507322
2009,9,"Stage3","Smoke1",0.0430236222730292,0.0359628798947814,0.0511206714770255,0.0526315789473684,0.0296104241723348,0.0935509429507322
2009,10,"Stage3","Smoke1",0.0388876542153559,0.0319668882100913,0.0465222693230495,0.0430622009569378,0.0227268214909118,0.0815931586384498
2009,11,"Stage3","Smoke1",0.0358508374853322,0.0291169479525089,0.0434059865529321,0.0334928229665072,0.0161681904749665,0.0693812453535011
2009,12,"Stage3","Smoke1",0.033580833126833,0.0267627183115021,0.0410514008552799,0.0334928229665072,0.0161681904749665,0.0693812453535011
2009,13,"Stage3","Smoke1",0.031859443160423,0.0250647400988456,0.0393072751217611,0.0287081339712919,0.0130475140459473,0.063165822486287
2009,14,"Stage3","Smoke1",0.0305388987961183,0.0236712111233025,0.0380184968240376,0.0287081339712919,0.0130475140459473,0.063165822486287
2009,15,"Stage3","Smoke1",0.0295163958180529,0.022706204400407,0.0369894756778837,NA,NA,NA
2010,0,"Stage3","Smoke1",1,1,1,1,1,1
2010,1,"Stage3","Smoke1",0.502224255142665,0.48400824127671,0.520694553453223,0.451612903225806,0.385469861209249,0.52910547589952
2010,2,"Stage3","Smoke1",0.288588160257997,0.270920028180457,0.306131410218501,0.258064516129032,0.20225612872091,0.32927207153662
2010,3,"Stage3","Smoke1",0.184802284207956,0.170215384661556,0.199208448692488,0.161290322580645,0.116220967680002,0.223837132640265
2010,4,"Stage3","Smoke1",0.129117442899015,0.116608933773085,0.141284824148261,0.102150537634409,0.0667120326960175,0.156414546481382
2010,5,"Stage3","Smoke1",0.0967633129434411,0.0864409578556802,0.107059499462818,0.0967741935483871,0.0623855938499406,0.150118704639847
2010,6,"Stage3","Smoke1",0.0767240048554245,0.0676373089687448,0.0862255404407834,0.0860215053763441,0.0538474498088977,0.137419681219326
2010,7,"Stage3","Smoke1",0.0636586018278008,0.0551608121757825,0.072729257758337,0.0806451612903226,0.049641780491786,0.131011457991888
2010,8,"Stage3","Smoke1",0.0547816702180215,0.0467951292275857,0.063535797538694,0.0752688172043011,0.0454831935245848,0.124560181559639
2010,9,"Stage3","Smoke1",0.0485474243572365,0.0407264982958536,0.0570230860533235,0.0698924731182796,0.0413760604673824,0.118062419268754
2010,10,"Stage3","Smoke1",0.0440510574529025,0.0364731671209923,0.0524793770928299,0.0698924731182796,0.0413760604673824,0.118062419268754
2010,11,"Stage3","Smoke1",0.0407380023310505,0.0332890301519433,0.0492588354803655,0.0591397849462366,0.0333378424688872,0.104911233135473
2010,12,"Stage3","Smoke1",0.0382545076889179,0.0309107204845377,0.0467256587161965,0.0591397849462366,0.0333378424688872,0.104911233135473
2010,13,"Stage3","Smoke1",0.0363669425243258,0.0291094932780523,0.0448843459817908,0.053763440860215,0.0294204494810663,0.0982482465126865
2010,14,"Stage3","Smoke1",0.034916272328802,0.0276604958272309,0.0433940327716368,NA,NA,NA
2010,15,"Stage3","Smoke1",0.0337913617143293,0.0265873723810566,0.0423474529490042,NA,NA,NA
2011,0,"Stage3","Smoke1",1,1,1,1,1,1
2011,1,"Stage3","Smoke1",0.51568180054293,0.498670412951258,0.531378818125799,0.503496503496504,0.427869619859442,0.592490602900211
2011,2,"Stage3","Smoke1",0.302692231151503,0.286941973313376,0.318533833568607,0.27972027972028,0.215031013426713,0.363870465194354
2011,3,"Stage3","Smoke1",0.197179754687095,0.18420359889392,0.21033392827094,0.195804195804196,0.140464267973367,0.272946875726411
2011,4,"Stage3","Smoke1",0.139675074442142,0.128745007932604,0.151110582402716,0.118881118881119,0.0760896586578054,0.185737729354066
2011,5,"Stage3","Smoke1",0.105841177628288,0.09597931185289,0.115994887643576,0.104895104895105,0.064986338544903,0.169312247424933
2011,6,"Stage3","Smoke1",0.0846729431050993,0.0756471150585367,0.093844254940804,0.0839160839160839,0.048827031624859,0.144221528638371
2011,7,"Stage3","Smoke1",0.0707592715856226,0.062283697899493,0.0793790832491025,0.0559440559440559,0.0285330339562299,0.109688209121846
2011,8,"Stage3","Smoke1",0.0612443088778144,0.0531137533307018,0.0695944991363453,0.048951048951049,0.0237690169282352,0.100812128690166
2011,9,"Stage3","Smoke1",0.0545269528148914,0.0466739343161076,0.062568919694852,0.048951048951049,0.0237690169282352,0.100812128690166
2011,10,"Stage3","Smoke1",0.0496617515055602,0.0417415400088837,0.057471469203898,0.048951048951049,0.0237690169282352,0.100812128690166
2011,11,"Stage3","Smoke1",0.0460648007492606,0.0381010753129643,0.0539752449456157,0.041958041958042,0.0191726436156344,0.0918223548221185
2011,12,"Stage3","Smoke1",0.0433611642026183,0.03559982112435,0.0512794200563321,0.034965034965035,0.0147801665629048,0.0827158249470934
2011,13,"Stage3","Smoke1",0.0413017901072282,0.0337388783336609,0.0491676065407552,NA,NA,NA
2011,14,"Stage3","Smoke1",0.0397162965224335,0.0320180443126519,0.0475776735623722,NA,NA,NA
2011,15,"Stage3","Smoke1",0.0384851009693254,0.0306855970872196,0.0463918557709311,NA,NA,NA
2012,0,"Stage3","Smoke1",1,1,1,1,1,1
2012,1,"Stage3","Smoke1",0.528962627988851,0.512316123471681,0.544717933749815,0.462365591397849,0.395989529884435,0.539867658044072
2012,2,"Stage3","Smoke1",0.316904483049082,0.300925151553379,0.332459568777425,0.263440860215054,0.207167750228686,0.334999471463284
2012,3,"Stage3","Smoke1",0.209863199670687,0.195825618602849,0.223040724507325,0.21505376344086,0.163420651911311,0.283000469213503
2012,4,"Stage3","Smoke1",0.150640698835214,0.139286684651437,0.162204864233224,0.161290322580645,0.116220967680002,0.223837132640265
2012,5,"Stage3","Smoke1",0.115372773703968,0.105265229598358,0.125771960042202,0.150537634408602,0.107000199629198,0.211790066297728
2012,6,"Stage3","Smoke1",0.0930923972413963,0.083620561977411,0.102820273233886,0.129032258064516,0.0888268459164838,0.187435717765796
2012,7,"Stage3","Smoke1",0.0783332704972416,0.0692697890923687,0.0876562065681185,0.118279569892473,0.0798919637730754,0.175112188926607
2012,8,"Stage3","Smoke1",0.0681768144508692,0.0595143781682466,0.0776070567113724,0.0967741935483871,0.0623855938499406,0.150118704639847
2012,9,"Stage3","Smoke1",0.0609704514688253,0.0524779498913725,0.0699721961617606,0.0913978494623656,0.0580964632444487,0.143787873130873
2012,10,"Stage3","Smoke1",0.0557299494577282,0.0472184417108107,0.0648694517266203,0.0806451612903226,0.049641780491786,0.131011457991888
2012,11,"Stage3","Smoke1",0.0518429288497239,0.0433433758849278,0.0611303964051474,0.0752688172043011,0.0454831935245848,0.124560181559639
2012,12,"Stage3","Smoke1",0.0489136243163449,0.0404955565748548,0.0582206416172158,NA,NA,NA
2012,13,"Stage3","Smoke1",0.0466776686181826,0.0382458826926502,0.056159421794034,NA,NA,NA
2012,14,"Stage3","Smoke1",0.0449533178103628,0.0364508025554508,0.0545083224815006,NA,NA,NA
2012,15,"Stage3","Smoke1",0.0436124751396063,0.0351208038526949,0.0531524482549152,NA,NA,NA
2013,0,"Stage3","Smoke1",1,1,1,1,1,1
2013,1,"Stage3","Smoke1",0.542056015307034,0.526806749396692,0.558623025116112,0.412429378531073,0.345926174361525,0.491717611682542
2013,2,"Stage3","Smoke1",0.331200042703469,0.3157786869012,0.347641849105632,0.220338983050847,0.167008826566929,0.290698811852472
2013,3,"Stage3","Smoke1",0.222828504292764,0.209905248742991,0.237057642568548,0.152542372881356,0.107792280252976,0.215870519388444
2013,4,"Stage3","Smoke1",0.161996438820777,0.150631073186859,0.174187551068266,0.096045197740113,0.0611213984162082,0.150923903051459
2013,5,"Stage3","Smoke1",0.125347059814147,0.115565336062322,0.136428707345544,0.0903954802259887,0.056648994012131,0.144245153648047
2013,6,"Stage3","Smoke1",0.101977193435384,0.092664595643659,0.112854726403181,0.0790960451977401,0.047845797982223,0.130757237411892
2013,7,"Stage3","Smoke1",0.0863800631301708,0.077665449597547,0.0963291050551384,0.0734463276836158,0.0435235394930931,0.123941276675467
2013,8,"Stage3","Smoke1",0.0755822064496998,0.0666115156158749,0.0851583547152935,0.0621468926553672,0.0350651185656412,0.110144680089637
2013,9,"Stage3","Smoke1",0.0678836377997816,0.0590534013924433,0.0771076981580714,0.0508474576271186,0.0269056243155521,0.0960938098599395
2013,10,"Stage3","Smoke1",0.0622634159216352,0.0534471942516543,0.071442251294364,0.0451977401129943,0.0229641928452392,0.0889574358258049
2013,11,"Stage3","Smoke1",0.0580817110047035,0.0491032546960712,0.0671983250475419,NA,NA,NA
2013,12,"Stage3","Smoke1",0.0549224079095482,0.0457664805961046,0.0639067324022878,NA,NA,NA
2013,13,"Stage3","Smoke1",0.0525060201552029,0.0431653163761715,0.0615423818145032,NA,NA,NA
2013,14,"Stage3","Smoke1",0.050639494127374,0.0411343200238983,0.0598465486879326,NA,NA,NA
2013,15,"Stage3","Smoke1",0.0491862009674607,0.0396749956204954,0.0584961111830989,NA,NA,NA
2014,0,"Stage3","Smoke1",1,1,1,1,1,1
2014,1,"Stage3","Smoke1",0.554952254984844,0.540383280984367,0.570625213402091,0.5,0.427811096981423,0.58437006838758
2014,2,"Stage3","Smoke1",0.345554580896765,0.330400161578157,0.361063286843546,0.329113924050633,0.263428126479852,0.411178473807693
2014,3,"Stage3","Smoke1",0.236050866894315,0.222264118099718,0.249904523918126,0.246835443037975,0.187982896054473,0.32411318911747
2014,4,"Stage3","Smoke1",0.173722766603269,0.161231175088652,0.186250237028255,0.189873417721519,0.137589899534155,0.262024428241558
2014,5,"Stage3","Smoke1",0.135750776749039,0.123908773483647,0.147356806303186,0.139240506329114,0.0944923512904756,0.205179766806609
2014,6,"Stage3","Smoke1",0.111319660072099,0.100189128741851,0.122155599878229,0.107594936708861,0.0686700609104261,0.168583954228386
2014,7,"Stage3","Smoke1",0.094896508143509,0.0842401328297316,0.105291551204784,0.0949367088607595,0.0586607416149383,0.153645836059758
2014,8,"Stage3","Smoke1",0.0834608831392547,0.0731123404903318,0.093890461329407,0.0759493670886076,0.0440878423620075,0.130836667256161
2014,9,"Stage3","Smoke1",0.0752696382971151,0.0648077831301234,0.0855164169266377,0.0632911392405063,0.0347397528145216,0.115307910443355
2014,10,"Stage3","Smoke1",0.0692673740025833,0.0589158582165569,0.0795064685974367,NA,NA,NA
2014,11,"Stage3","Smoke1",0.0647879847705551,0.0543129820807319,0.0750310669406917,NA,NA,NA
2014,12,"Stage3","Smoke1",0.0613956009152544,0.0510454355687854,0.0719097302368059,NA,NA,NA
2014,13,"Stage3","Smoke1",0.0587959007391952,0.048360319850452,0.0692544494658918,NA,NA,NA
2014,14,"Stage3","Smoke1",0.0567846390820725,0.046316847274698,0.0672935321843756,NA,NA,NA
2014,15,"Stage3","Smoke1",0.0552166864430508,0.0448780377240173,0.0659214114561365,NA,NA,NA
2015,0,"Stage3","Smoke1",1,1,1,1,1,1
2015,1,"Stage3","Smoke1",0.567642626579687,0.552677921816268,0.582970592176107,0.523529411764706,0.45358648282425,0.604257523892962
2015,2,"Stage3","Smoke1",0.359944418132568,0.344537966070862,0.376069274894174,0.341176470588235,0.276859283111051,0.42043518561144
2015,3,"Stage3","Smoke1",0.249504988811842,0.235381211333017,0.263748566902165,0.2,0.148068146251994,0.270145882234014
2015,4,"Stage3","Smoke1",0.185798695594207,0.172512032776759,0.198393152366173,0.158823529411765,0.112375568314656,0.224469730147918
2015,5,"Stage3","Smoke1",0.146568598876722,0.134142437202002,0.158540880167506,0.135294117647059,0.0925196100011616,0.197844524740932
2015,6,"Stage3","Smoke1",0.121109726747322,0.109174472065251,0.132970911419472,0.123529411764706,0.0827701301619636,0.184360173665
2015,7,"Stage3","Smoke1",0.103876906977035,0.092642471230493,0.115603417713399,0.105882352941176,0.0684088295873401,0.163883415810327
2015,8,"Stage3","Smoke1",0.0918106270370398,0.0805843878655912,0.103224767555788,0.088235294117647,0.0544230736853615,0.143054528177481
2015,9,"Stage3","Smoke1",0.0831289586899552,0.0721336229382201,0.0945009410927444,NA,NA,NA
2015,10,"Stage3","Smoke1",0.076744447400372,0.065670750028116,0.0881610758794115,NA,NA,NA
2015,11,"Stage3","Smoke1",0.0719660207901915,0.0609617354733571,0.083437185926695,NA,NA,NA
2015,12,"Stage3","Smoke1",0.0683387577713765,0.0571309252534182,0.0799502473893241,NA,NA,NA
2015,13,"Stage3","Smoke1",0.0655538690509009,0.0541358733621647,0.0772556295852754,NA,NA,NA
2015,14,"Stage3","Smoke1",0.0633960999003184,0.0518920500268475,0.0750483624813909,NA,NA,NA
2015,15,"Stage3","Smoke1",0.0617119002338069,0.050099186351551,0.0734018902030558,NA,NA,NA
2016,0,"Stage3","Smoke1",1,1,1,1,1,1
2016,1,"Stage3","Smoke1",0.58011936569524,0.563751153128334,0.59631067219327,0.520958083832335,0.450443421952131,0.60251146289156
2016,2,"Stage3","Smoke1",0.374346617642985,0.356715985644504,0.392618528595944,0.275449101796407,0.215383615234428,0.352265457137334
2016,3,"Stage3","Smoke1",0.2631652570842,0.247187307615908,0.279517653313281,0.209580838323353,0.156111506043123,0.281363807868117
2016,4,"Stage3","Smoke1",0.198201977048138,0.184181694531821,0.212754081350353,0.173652694610778,0.124737042280784,0.241750628315402
2016,5,"Stage3","Smoke1",0.157783301530763,0.14470111118529,0.1712671549309,0.137724550898204,0.0942319879945073,0.201291008751906
2016,6,"Stage3","Smoke1",0.131335047244966,0.118923903627069,0.144527378112124,0.125748502994012,0.084299765794331,0.187576867577708
2016,7,"Stage3","Smoke1",0.113313081687579,0.101383879582564,0.125836108784597,0.125748502994012,0.084299765794331,0.187576867577708
2016,8,"Stage3","Smoke1",0.100626642632098,0.0890369889781045,0.113243748875289,0.125748502994012,0.084299765794331,0.187576867577708
2016,9,"Stage3","Smoke1",0.0914594880889337,0.0798983352284201,0.104243148282039,NA,NA,NA
2016,10,"Stage3","Smoke1",0.0846946372587469,0.0732392005145307,0.0975911210267543,NA,NA,NA
2016,11,"Stage3","Smoke1",0.0796174777765758,0.0681152784741044,0.0925262055596523,NA,NA,NA
2016,12,"Stage3","Smoke1",0.0757548390024954,0.0642185175307802,0.0885554782865721,NA,NA,NA
2016,13,"Stage3","Smoke1",0.0727839101989369,0.0613204776218518,0.0856920657456519,NA,NA,NA
2016,14,"Stage3","Smoke1",0.0704786702313559,0.058988329117248,0.0832240645207797,NA,NA,NA
2016,15,"Stage3","Smoke1",0.0686772757848094,0.0571518472604538,0.0814181717233395,NA,NA,NA
2017,0,"Stage3","Smoke1",1,1,1,1,1,1
2017,1,"Stage3","Smoke1",0.592375630106191,0.57549159940048,0.609247225965468,0.620915032679739,0.548608228858195,0.702751904779274
2017,2,"Stage3","Smoke1",0.388739065916087,0.370851218905556,0.407038646080095,0.405228758169935,0.33444901810818,0.490987676916523
2017,3,"Stage3","Smoke1",0.277005918478181,0.260390579901944,0.294234799649209,0.30718954248366,0.242136988421319,0.389719123982513
2017,4,"Stage3","Smoke1",0.210909298647773,0.195261758171651,0.225822439798602,0.287581699346405,0.22410419609055,0.369039202485747
2017,5,"Stage3","Smoke1",0.169375940955473,0.155091694821884,0.183734926163231,0.241830065359477,0.182668347196542,0.32015278732908
2017,6,"Stage3","Smoke1",0.141981143261816,0.128472790958617,0.155495670486475,0.202614379084967,0.147963150952996,0.277451421841025
2017,7,"Stage3","Smoke1",0.123194479173941,0.109450393203654,0.135993756466899,NA,NA,NA
2017,8,"Stage3","Smoke1",0.109901624140648,0.0964349195305946,0.122434014687123,NA,NA,NA
2017,9,"Stage3","Smoke1",0.100256535425202,0.0867704903869848,0.112859688689063,NA,NA,NA
2017,10,"Stage3","Smoke1",0.0931153326623034,0.0792865604727641,0.105724840686502,NA,NA,NA
2017,11,"Stage3","Smoke1",0.0877413919174511,0.0737142203940784,0.100462490466547,NA,NA,NA
2017,12,"Stage3","Smoke1",0.0836441836413154,0.0698860361994498,0.0964775744428443,NA,NA,NA
2017,13,"Stage3","Smoke1",0.0804873945322366,0.0667192657583576,0.0936339215444689,NA,NA,NA
2017,14,"Stage3","Smoke1",0.0780345380782165,0.0640573525817005,0.0915404128417838,NA,NA,NA
2017,15,"Stage3","Smoke1",0.076115650553249,0.0622077577866729,0.089753286067598,NA,NA,NA
2018,0,"Stage3","Smoke1",1,1,1,1,1,1
2018,1,"Stage3","Smoke1",0.604405463572922,0.587809856337254,0.620632846873963,0.560240963855422,0.489600884082561,0.641073061315641
2018,2,"Stage3","Smoke1",0.403100541085495,0.384854407815149,0.422065906381571,0.427710843373494,0.358698503714458,0.510000916214839
2018,3,"Stage3","Smoke1",0.29100124352076,0.274619493388705,0.308605351074135,0.27710843373494,0.216742182685091,0.354287675318836
2018,4,"Stage3","Smoke1",0.223896482333536,0.208958320925087,0.23983906790268,0.210843373493976,0.1570888997635,0.282992166940172
2018,5,"Stage3","Smoke1",0.181326043476494,0.166844966302913,0.196385403689054,0.174698795180723,0.125514760698421,0.243156015019833
2018,6,"Stage3","Smoke1",0.153031565516616,0.139012189643374,0.16737750442359,NA,NA,NA
2018,7,"Stage3","Smoke1",0.133508298727279,0.120003165013666,0.14762870203026,NA,NA,NA
2018,8,"Stage3","Smoke1",0.119625850672706,0.106489307356301,0.133581538687326,NA,NA,NA
2018,9,"Stage3","Smoke1",0.109512896024884,0.0964157351744738,0.123805542782312,NA,NA,NA
2018,10,"Stage3","Smoke1",0.102001353054451,0.089052595214111,0.116427386841632,NA,NA,NA
2018,11,"Stage3","Smoke1",0.0963341993595623,0.0831867081245979,0.110835604184515,NA,NA,NA
2018,12,"Stage3","Smoke1",0.092004515476382,0.0788021415928472,0.106572136780015,NA,NA,NA
2018,13,"Stage3","Smoke1",0.0886630707580511,0.075295883015972,0.103314621490291,NA,NA,NA
2018,14,"Stage3","Smoke1",0.0860632683402418,0.0725246472124722,0.100789228042313,NA,NA,NA
2018,15,"Stage3","Smoke1",0.0840272400504444,0.0703051415101113,0.0988253309622712,NA,NA,NA
2019,0,"Stage3","Smoke1",1,1,1,1,1,1
2019,1,"Stage3","Smoke1",0.616203757846336,0.59889040084395,0.632532591017578,0.58641975308642,0.515282704321116,0.667377585015219
2019,2,"Stage3","Smoke1",0.417410769637567,0.398375127392488,0.435556773617617,0.401234567901235,0.332431158488621,0.48427824639188
2019,3,"Stage3","Smoke1",0.305125679503163,0.28709069617025,0.322710686256843,0.302469135802469,0.23939915463501,0.382154975662195
2019,4,"Stage3","Smoke1",0.237138678936948,0.220376406437867,0.254403459171122,0.283950617283951,0.222352852556182,0.362612631810353
2019,5,"Stage3","Smoke1",0.19361180069441,0.177548859405007,0.20984454665919,NA,NA,NA
2019,6,"Stage3","Smoke1",0.164468068838516,0.14880179661689,0.180416309886864,NA,NA,NA
2019,7,"Stage3","Smoke1",0.144239639639222,0.129583978157226,0.160424762203922,NA,NA,NA
2019,8,"Stage3","Smoke1",0.129787305843343,0.115165285455819,0.145625941652656,NA,NA,NA
2019,9,"Stage3","Smoke1",0.119218945709426,0.105148912258807,0.13514300192959,NA,NA,NA
2019,10,"Stage3","Smoke1",0.111345020320535,0.097370268105082,0.127278430951115,NA,NA,NA
2019,11,"Stage3","Smoke1",0.105389789839389,0.0914127053953369,0.121247066319574,NA,NA,NA
2019,12,"Stage3","Smoke1",0.100830981475028,0.0864941723683319,0.117087533275005,NA,NA,NA
2019,13,"Stage3","Smoke1",0.0973070919541564,0.0831102208891071,0.11371020833409,NA,NA,NA
2019,14,"Stage3","Smoke1",0.0945618187567036,0.0798983860866897,0.111223320657978,NA,NA,NA
2019,15,"Stage3","Smoke1",0.0924096456459828,0.0775222983620765,0.109569588038731,NA,NA,NA
2020,0,"Stage3","Smoke1",1,1,1,1,1,1
2020,1,"Stage3","Smoke1",0.627766213321508,0.610835385649418,0.643975750637793,0.630573248407643,0.55942060655669,0.71077578649594
2020,2,"Stage3","Smoke1",0.431650471984296,0.41198531720225,0.451806839746204,0.45859872611465,0.38691988049664,0.5435564368624
2020,3,"Stage3","Smoke1",0.319353991684377,0.299650131842394,0.338850939239104,0.388535031847134,0.319306587084054,0.472772805443926
2020,4,"Stage3","Smoke1",0.250610557459047,0.232368703454998,0.269436074796639,NA,NA,NA
2020,5,"Stage3","Smoke1",0.20621026768173,0.189199142674388,0.224580894527679,NA,NA,NA
2020,6,"Stage3","Smoke1",0.17627079786633,0.159705694784843,0.19417141757207,NA,NA,NA
2020,7,"Stage3","Smoke1",0.155371665489075,0.139146310413675,0.172977699926822,NA,NA,NA
2020,8,"Stage3","Smoke1",0.140371818622595,0.123933806134745,0.157886610090954,NA,NA,NA
2020,9,"Stage3","Smoke1",0.129362759467443,0.113093040316957,0.146723368282781,NA,NA,NA
2020,10,"Stage3","Smoke1",0.121136257852269,0.104908168757581,0.138426206298868,NA,NA,NA
2020,11,"Stage3","Smoke1",0.114899589034909,0.0984264939587541,0.13217789770593,NA,NA,NA
2020,12,"Stage3","Smoke1",0.110116220188221,0.0936465270942527,0.127364390911652,NA,NA,NA
2020,13,"Stage3","Smoke1",0.106413072483215,0.0898697422904226,0.123846582637293,NA,NA,NA
2020,14,"Stage3","Smoke1",0.10352458743014,0.0870356746180222,0.121316687013507,NA,NA,NA
2020,15,"Stage3","Smoke1",0.101257894455218,0.084374943972756,0.119327465395462,NA,NA,NA
2021,0,"Stage3","Smoke1",1,1,1,1,1,1
2021,1,"Stage3","Smoke1",0.639089298757616,0.62172860620764,0.656861025210205,0.576923076923077,0.50437919893673,0.659900799612758
2021,2,"Stage3","Smoke1",0.445801397522786,0.425025790608748,0.467552565863762,0.435897435897436,0.364633528079088,0.521089148392156
2021,3,"Stage3","Smoke1",0.333661392166027,0.313286108965011,0.355367550806021,NA,NA,NA
2021,4,"Stage3","Smoke1",0.264286487125884,0.245163827806247,0.285937288245847,NA,NA,NA
2021,5,"Stage3","Smoke1",0.219097561387829,0.201296254760688,0.239766061390151,NA,NA,NA
2021,6,"Stage3","Smoke1",0.188418480094744,0.171944944455148,0.208247548958735,NA,NA,NA
2021,7,"Stage3","Smoke1",0.166885781706536,0.150600305203809,0.186925843040628,NA,NA,NA
2021,8,"Stage3","Smoke1",0.15136322207457,0.134996466302421,0.171238676467014,NA,NA,NA
2021,9,"Stage3","Smoke1",0.139930251499966,0.123783685833563,0.159948521478522,NA,NA,NA
2021,10,"Stage3","Smoke1",0.131362713584462,0.115282565848271,0.151102332673088,NA,NA,NA
2021,11,"Stage3","Smoke1",0.124852666822903,0.108754402876249,0.144556018712769,NA,NA,NA
2021,12,"Stage3","Smoke1",0.119850457502794,0.103518740973158,0.13943483255233,NA,NA,NA
2021,13,"Stage3","Smoke1",0.115972173335907,0.0993628242814177,0.135638166597236,NA,NA,NA
2021,14,"Stage3","Smoke1",0.11294348959518,0.0960744846202856,0.132579444497664,NA,NA,NA
2021,15,"Stage3","Smoke1",0.110564509093732,0.0934803011801493,0.130187682091596,NA,NA,NA
2008,0,"Stage4","Smoke0",1,1,1,1,1,1
2008,1,"Stage4","Smoke0",0.461750450615733,0.446429679827261,0.477693853912841,0.406862745098039,0.344739677815049,0.480180565224992
2008,2,"Stage4","Smoke0",0.249271308863721,0.235104615505188,0.264557320143333,0.21078431372549,0.161629479000556,0.274888140377988
2008,3,"Stage4","Smoke0",0.15243121882516,0.141005943295376,0.165260675702989,0.117647058823529,0.0807924222100453,0.171313473110676
2008,4,"Stage4","Smoke0",0.102959316372682,0.0939080892940342,0.11343219782766,0.0735294117647059,0.0451768739517812,0.119675708421842
2008,5,"Stage4","Smoke0",0.0752860197180576,0.0677782241579802,0.0842779390101926,0.0588235294117647,0.0339755866954219,0.101843939987738
2008,6,"Stage4","Smoke0",0.0586479320770394,0.0519697291896009,0.0665324959465129,0.0392156862745098,0.0198826619576058,0.0773472914874202
2008,7,"Stage4","Smoke0",0.048053195229563,0.042113746969439,0.0550797394373051,0.0392156862745098,0.0198826619576058,0.0773472914874202
2008,8,"Stage4","Smoke0",0.0409909985317174,0.0355476245609983,0.0474709279120497,0.0392156862745098,0.0198826619576058,0.0773472914874202
2008,9,"Stage4","Smoke0",0.0361088384461922,0.0310057626566951,0.0422424618085059,0.0392156862745098,0.0198826619576058,0.0773472914874202
2008,10,"Stage4","Smoke0",0.0326343397663048,0.0277167142480555,0.0385555769570072,0.0343137254901961,0.0165695946675884,0.0710597803167564
2008,11,"Stage4","Smoke0",0.0301037536066969,0.0253230617478337,0.0360115597643921,0.0294117647058824,0.0133711254732021,0.0646955190756297
2008,12,"Stage4","Smoke0",0.0282263361573034,0.0235553563046789,0.0340635887964914,0.0294117647058824,0.0133711254732021,0.0646955190756297
2008,13,"Stage4","Smoke0",0.0268128629592458,0.0221725488313303,0.0325820368582637,0.0294117647058824,0.0133711254732021,0.0646955190756297
2008,14,"Stage4","Smoke0",0.0257361316741536,0.0211155167267567,0.031399044517026,0.0294117647058824,0.0133711254732021,0.0646955190756297
2008,15,"Stage4","Smoke0",0.0249082110700031,0.0203107831422231,0.0305661872245499,0.0294117647058824,0.0133711254732021,0.0646955190756297
2009,0,"Stage4","Smoke0",1,1,1,1,1,1
2009,1,"Stage4","Smoke0",0.475655482693723,0.461844128782575,0.489654026740573,0.43801652892562,0.379762409009052,0.505206610924662
2009,2,"Stage4","Smoke0",0.26292824245173,0.248938870329739,0.276422502727685,0.214876033057851,0.168886775999321,0.273388542764677
2009,3,"Stage4","Smoke0",0.163847582784189,0.152385220245864,0.174972034327134,0.111570247933884,0.0781885477299947,0.159203880688695
2009,4,"Stage4","Smoke0",0.112350405016237,0.102778606475054,0.121745586043208,0.0495867768595041,0.0285637264748085,0.0860829010347375
2009,5,"Stage4","Smoke0",0.0831463558695762,0.0749609421871539,0.0914144823312156,0.0413223140495868,0.0225232563752319,0.0758120233577945
2009,6,"Stage4","Smoke0",0.0653952195869982,0.0580561780697355,0.073004406206425,0.0371900826446281,0.0195893184533234,0.070604919227275
2009,7,"Stage4","Smoke0",0.0539930587140829,0.0473950488523317,0.0609063769554239,0.0330578512396694,0.0167242069817452,0.065343697897123
2009,8,"Stage4","Smoke0",0.0463398613439414,0.0400523853824859,0.0528045165492028,0.0330578512396694,0.0167242069817452,0.065343697897123
2009,9,"Stage4","Smoke0",0.0410198785721331,0.0350036081518397,0.0472664608765287,0.0330578512396694,0.0167242069817452,0.065343697897123
2009,10,"Stage4","Smoke0",0.0372171164906009,0.0314835171598704,0.0432314050988862,0.0289256198347107,0.0139394586251171,0.0600232408821533
2009,11,"Stage4","Smoke0",0.0344377252833196,0.0287926913652337,0.0403939300942353,0.0289256198347107,0.0139394586251171,0.0600232408821533
2009,12,"Stage4","Smoke0",0.0323699541415405,0.0267338132494615,0.0381351677362847,0.0289256198347107,0.0139394586251171,0.0600232408821533
2009,13,"Stage4","Smoke0",0.0308096959873889,0.0252070054363488,0.0365365380631966,0.0289256198347107,0.0139394586251171,0.0600232408821533
2009,14,"Stage4","Smoke0",0.0296190365355995,0.0240542471392337,0.0352808724630885,0.0289256198347107,0.0139394586251171,0.0600232408821533
2009,15,"Stage4","Smoke0",0.0287022165069939,0.0231935283780557,0.034315908493941,NA,NA,NA
2010,0,"Stage4","Smoke0",1,1,1,1,1,1
2010,1,"Stage4","Smoke0",0.489421401057315,0.475971927079163,0.502574874089786,0.527777777777778,0.4731586943712,0.588701816176548
2010,2,"Stage4","Smoke0",0.276766013232035,0.26383984900781,0.28947173909905,0.298611111111111,0.250169838460148,0.356432239105502
2010,3,"Stage4","Smoke0",0.175631270877319,0.164624632815927,0.186615473751253,0.170138888888889,0.131834716157611,0.219572221612239
2010,4,"Stage4","Smoke0",0.122187873767116,0.112989427521519,0.131682009874604,0.100694444444444,0.0713034504539282,0.142200287327283
2010,5,"Stage4","Smoke0",0.0914778936944193,0.0834334496998201,0.0996343655690933,0.0590277777777778,0.0372216354072172,0.0936089591782718
2010,6,"Stage4","Smoke0",0.072614518377545,0.0653460985061756,0.0801321256163207,0.0486111111111111,0.0291635639501695,0.0810271380923955
2010,7,"Stage4","Smoke0",0.0603962797590141,0.0536939665705935,0.06738747728957,0.0451388888888889,0.0265374855209481,0.0767789129273413
2010,8,"Stage4","Smoke0",0.0521405718032115,0.0460387612871515,0.0586537494860626,0.0416666666666667,0.0239464801041107,0.0724996368386135
2010,9,"Stage4","Smoke0",0.0463712559282126,0.040557949137251,0.0526002306909905,0.0381944444444444,0.0213945045998127,0.0681864625382597
2010,10,"Stage4","Smoke0",0.0422298437364294,0.0366020989137161,0.048441789504084,0.0381944444444444,0.0213945045998127,0.0681864625382597
2010,11,"Stage4","Smoke0",0.0391927239450788,0.0336790462864482,0.0453633186725292,0.0347222222222222,0.0188863653807469,0.0638361427275162
2010,12,"Stage4","Smoke0",0.0369271351592361,0.0314863646507539,0.0430713611560987,0.03125,0.016428000325183,0.0594450012581871
2010,13,"Stage4","Smoke0",0.0352139467544859,0.0298080193442353,0.0413469629853525,0.03125,0.016428000325183,0.0594450012581871
2010,14,"Stage4","Smoke0",0.0339043490241764,0.0285199585812845,0.0400344473356585,NA,NA,NA
2010,15,"Stage4","Smoke0",0.0328945708924856,0.0275163491782236,0.0389924183429681,NA,NA,NA
2011,0,"Stage4","Smoke0",1,1,1,1,1,1
2011,1,"Stage4","Smoke0",0.503034382175157,0.491432313177445,0.514663923063728,0.483108108108108,0.42940645950567,0.54352569448647
2011,2,"Stage4","Smoke0",0.290758889993558,0.279379860335848,0.302600860750985,0.266891891891892,0.220972105684974,0.322354180120741
2011,3,"Stage4","Smoke0",0.18776108135185,0.177867910929756,0.19790051547667,0.168918918918919,0.13120103062404,0.217480007840031
2011,4,"Stage4","Smoke0",0.132459140073375,0.124027687934171,0.141253231640851,0.111486486486486,0.0808259541485227,0.153777790810388
2011,5,"Stage4","Smoke0",0.100275936640621,0.0925525135052975,0.10829975330182,0.0912162162162162,0.0636660778815255,0.130688089759302
2011,6,"Stage4","Smoke0",0.0803072583630864,0.0729993555305222,0.0878065014908414,0.0608108108108108,0.0388639177664499,0.0951513620858
2011,7,"Stage4","Smoke0",0.0672687967819418,0.06045008168038,0.0742969508652431,0.0506756756756757,0.0309500519827217,0.0829731758324639
2011,8,"Stage4","Smoke0",0.0584023337167416,0.0518748479677914,0.0652102875359322,0.0472972972972973,0.0283653543645047,0.0788650232562673
2011,9,"Stage4","Smoke0",0.0521745395492016,0.0457970815718227,0.0588687245633286,0.0405405405405405,0.0232916991381859,0.0705631400083085
2011,10,"Stage4","Smoke0",0.0476858159223013,0.041419541681166,0.0543392699134607,0.0337837837837838,0.0183704858505015,0.0621292248902765
2011,11,"Stage4","Smoke0",0.0443833151534165,0.038194284628201,0.0510567604699003,0.0337837837837838,0.0183704858505015,0.0621292248902765
2011,12,"Stage4","Smoke0",0.0419133912550598,0.0357013090515013,0.0485937582553859,0.0304054054054054,0.0159795214379271,0.0578545910438092
2011,13,"Stage4","Smoke0",0.0400418393268183,0.0338506950149031,0.046786518824076,NA,NA,NA
2011,14,"Stage4","Smoke0",0.0386088339114141,0.0324655085205091,0.0453504485620392,NA,NA,NA
2011,15,"Stage4","Smoke0",0.0375024530408566,0.0313338948494006,0.0442745239361027,NA,NA,NA
2012,0,"Stage4","Smoke0",1,1,1,1,1,1
2012,1,"Stage4","Smoke0",0.516481672339642,0.504218532166479,0.527721605528269,0.505649717514124,0.456160060609588,0.560508599723602
2012,2,"Stage4","Smoke0",0.304881315750764,0.292797662215723,0.316291262465778,0.259887005649718,0.217990893602567,0.309835216459615
2012,3,"Stage4","Smoke0",0.20021458200217,0.19015105971252,0.210482203648232,0.141242937853107,0.109247977757858,0.182608116898913
2012,4,"Stage4","Smoke0",0.143149505834767,0.134158708168118,0.152451906645445,0.0875706214689265,0.0625641245337731,0.122572061890107
2012,5,"Stage4","Smoke0",0.109533274724889,0.101204825925222,0.117842751400429,0.0649717514124294,0.0437622311232733,0.0964605408190343
2012,6,"Stage4","Smoke0",0.0884722476011769,0.0807208975868601,0.096435269715731,0.0536723163841808,0.0346564538112073,0.0831221094269036
2012,7,"Stage4","Smoke0",0.0746139614017564,0.0671507842596013,0.0821059315445138,0.0480225988700565,0.0302006993927636,0.0763614766745082
2012,8,"Stage4","Smoke0",0.0651318592884081,0.0578974923296575,0.0722651805864844,0.03954802259887,0.023668755473506,0.0660806223306279
2012,9,"Stage4","Smoke0",0.0584389194944348,0.0513926664179085,0.0653390889181246,0.0310734463276836,0.0173684642991637,0.0555926563251725
2012,10,"Stage4","Smoke0",0.0535960584113284,0.0466643391168121,0.0603853184864747,0.0282485875706215,0.0153338883792484,0.0520404661882757
2012,11,"Stage4","Smoke0",0.0500218941947683,0.0431892208985511,0.0567319146726966,0.0254237288135593,0.0133393726892356,0.0484555010077049
2012,12,"Stage4","Smoke0",0.0473421492128525,0.0405688133974566,0.0540111718683512,NA,NA,NA
2012,13,"Stage4","Smoke0",0.0453075838604272,0.0385591407474953,0.0519339227892681,NA,NA,NA
2012,14,"Stage4","Smoke0",0.0437473010147296,0.0370337546594973,0.0503494305013749,NA,NA,NA
2012,15,"Stage4","Smoke0",0.042541135035586,0.0357870646019555,0.0491386133544309,NA,NA,NA
2013,0,"Stage4","Smoke0",1,1,1,1,1,1
2013,1,"Stage4","Smoke0",0.529751573889373,0.518821639821743,0.540199432381256,0.511627906976744,0.461440471705854,0.567273854912894
2013,2,"Stage4","Smoke0",0.319108049155677,0.307847422118612,0.330069633543151,0.287790697674419,0.243713641835162,0.339839350166319
2013,3,"Stage4","Smoke0",0.212968308809148,0.203033701611588,0.222894715433165,0.168604651162791,0.133339334745506,0.213196866835909
2013,4,"Stage4","Smoke0",0.154242320177275,0.145653645258301,0.163325071780794,0.113372093023256,0.0843652455839601,0.152352208394655
2013,5,"Stage4","Smoke0",0.119240278689028,0.111004943331024,0.127483144323203,0.0959302325581395,0.0693532341322291,0.132691858336599
2013,6,"Stage4","Smoke0",0.0971056975780292,0.0893278429584243,0.104613326184687,0.0668604651162791,0.0450523759914497,0.0992249952902277
2013,7,"Stage4","Smoke0",0.082432505689878,0.0750448260151867,0.0899035376442907,0.0552325581395349,0.035676776501288,0.0855075984380754
2013,8,"Stage4","Smoke0",0.0723332907603027,0.0650423683561468,0.0795167130167652,0.0523255813953488,0.0333736341705297,0.0820398058650445
2013,9,"Stage4","Smoke0",0.0651710936801462,0.0579347188813627,0.072273586896861,0.0465116279069767,0.0288249739611349,0.0750505979111692
2013,10,"Stage4","Smoke0",0.0599691880593998,0.0528356546047478,0.0670221324630308,0.0436046511627907,0.0265826717636611,0.0715265049327306
2013,11,"Stage4","Smoke0",0.0561185268101276,0.0491703569442537,0.063141743364681,NA,NA,NA
2013,12,"Stage4","Smoke0",0.0532245762941939,0.046255115565469,0.0602312767229883,NA,NA,NA
2013,13,"Stage4","Smoke0",0.0510231909401283,0.0440352674598036,0.0580516110567406,NA,NA,NA
2013,14,"Stage4","Smoke0",0.0493324108153236,0.0423628492554057,0.0564490531938678,NA,NA,NA
2013,15,"Stage4","Smoke0",0.0480237811346923,0.0410957263641862,0.0552198643162103,NA,NA,NA
2014,0,"Stage4","Smoke0",1,1,1,1,1,1
2014,1,"Stage4","Smoke0",0.542833426078689,0.532741149193075,0.553079245120232,0.550387596899225,0.502991894213787,0.602249281360686
2014,2,"Stage4","Smoke0",0.333414293588407,0.323355034990741,0.343932189113289,0.304909560723514,0.262325876632774,0.354405906935187
2014,3,"Stage4","Smoke0",0.225997963415298,0.217106374255661,0.236043872677661,0.214470284237726,0.177238748792137,0.259522836481746
2014,4,"Stage4","Smoke0",0.165719155841976,0.15773491402578,0.175254101715773,0.144702842377261,0.113574706901846,0.184362462059042
2014,5,"Stage4","Smoke0",0.129385018721212,0.121787995831803,0.138347514221265,0.0956072351421189,0.0703738952373572,0.129888268663977
2014,6,"Stage4","Smoke0",0.106201279447129,0.0989864847243448,0.114704871884716,0.0749354005167959,0.052803229459812,0.106344144251373
2014,7,"Stage4","Smoke0",0.0907225434423369,0.0835025905741069,0.099053590271096,0.062015503875969,0.0420943041397196,0.0913644446579975
2014,8,"Stage4","Smoke0",0.0800081571199691,0.0729423759638007,0.088153761790007,0.0490956072351421,0.0316677791624164,0.0761145465056167
2014,9,"Stage4","Smoke0",0.0723751897190833,0.06539272252498,0.0803781316337682,0.0439276485788114,0.0275979318375739,0.0699196708296958
2014,10,"Stage4","Smoke0",0.0668113081763044,0.0599580084874222,0.0748255907003088,NA,NA,NA
2014,11,"Stage4","Smoke0",0.0626808235315292,0.0558279871657117,0.0707131802750276,NA,NA,NA
2014,12,"Stage4","Smoke0",0.0595694387403605,0.0525623494200213,0.0677867745961217,NA,NA,NA
2014,13,"Stage4","Smoke0",0.0571983178875702,0.050160245563439,0.0655389434178653,NA,NA,NA
2014,14,"Stage4","Smoke0",0.0553745113375674,0.0482932142897293,0.0637524550356234,NA,NA,NA
2014,15,"Stage4","Smoke0",0.0539612773280199,0.0468841789757232,0.062352834721779,NA,NA,NA
2015,0,"Stage4","Smoke0",1,1,1,1,1,1
2015,1,"Stage4","Smoke0",0.555717581279205,0.544499051879115,0.566668093949789,0.542465753424658,0.493690293318989,0.596060116273027
2015,2,"Stage4","Smoke0",0.347775813618135,0.335826618870826,0.35970429940504,0.372602739726027,0.326160886597742,0.425657420482076
2015,3,"Stage4","Smoke0",0.23927860703922,0.228587081543602,0.250287581417922,0.241095890410959,0.200975430078945,0.289225545382439
2015,4,"Stage4","Smoke0",0.177559995827878,0.168045016358016,0.187471830233491,0.158904109589041,0.125496336196956,0.201205204944449
2015,5,"Stage4","Smoke0",0.139953404543596,0.131401200770689,0.149456475224411,0.117808219178082,0.0889721867807551,0.155990057208677
2015,6,"Stage4","Smoke0",0.115750208757362,0.107705662251494,0.124626564425308,0.0931506849315068,0.0676349888051617,0.128292327041039
2015,7,"Stage4","Smoke0",0.0994796039113026,0.0916502693488025,0.10814457887036,0.0767123287671233,0.053739836665354,0.109505010622206
2015,8,"Stage4","Smoke0",0.0881553651778452,0.080723615578621,0.0964868281543883,0.0657534246575342,0.0446660004942566,0.0967965075527631
2015,9,"Stage4","Smoke0",0.0800527218239407,0.0726757685363191,0.0882436329706561,NA,NA,NA
2015,10,"Stage4","Smoke0",0.0741259385785779,0.066825572613765,0.0821473741738869,NA,NA,NA
2015,11,"Stage4","Smoke0",0.0697138488064999,0.0622313680190143,0.077758443870365,NA,NA,NA
2015,12,"Stage4","Smoke0",0.0663829946190648,0.0590125601188663,0.0744897758756632,NA,NA,NA
2015,13,"Stage4","Smoke0",0.063840148936888,0.056302766279164,0.0718243273066844,NA,NA,NA
2015,14,"Stage4","Smoke0",0.0618815084390552,0.0543832200665876,0.0698089411060382,NA,NA,NA
2015,15,"Stage4","Smoke0",0.0603620938934921,0.0528544325174916,0.0683017589370082,NA,NA,NA
2016,0,"Stage4","Smoke0",1,1,1,1,1,1
2016,1,"Stage4","Smoke0",0.568395377166572,0.556747572299425,0.578991509117471,0.507853403141361,0.460114447069341,0.560545491942341
2016,2,"Stage4","Smoke0",0.362169038728338,0.349779740450082,0.374617657584003,0.301047120418848,0.258389175649044,0.350747543835108
2016,3,"Stage4","Smoke0",0.252784848716672,0.241279878058927,0.264401044117412,0.18586387434555,0.150676672542808,0.229268268297627
2016,4,"Stage4","Smoke0",0.18974342703969,0.179446031321295,0.200480154881159,0.136125654450262,0.105737126540753,0.175247752664908
2016,5,"Stage4","Smoke0",0.150929343520649,0.141335313094272,0.161153924470242,0.0968586387434555,0.0713101409082917,0.131560473443748
2016,6,"Stage4","Smoke0",0.125741355826003,0.116499371231789,0.135484963235808,0.0916230366492147,0.0668151595480421,0.125641858847725
2016,7,"Stage4","Smoke0",0.108696695877607,0.0997968788315395,0.118386272696026,0.081151832460733,0.057909859598196,0.113721911215617
2016,8,"Stage4","Smoke0",0.0967712236417135,0.0880366016932406,0.106218569156959,NA,NA,NA
2016,9,"Stage4","Smoke0",0.0882025820750811,0.0794795629308926,0.0974739554659722,NA,NA,NA
2016,10,"Stage4","Smoke0",0.0819139806078025,0.073154331825284,0.0912534883000818,NA,NA,NA
2016,11,"Stage4","Smoke0",0.0772200652568078,0.0683847495046698,0.0866209711258611,NA,NA,NA
2016,12,"Stage4","Smoke0",0.073668921745252,0.0647681587311973,0.0830064138020974,NA,NA,NA
2016,13,"Stage4","Smoke0",0.0709533103146067,0.0620281952895866,0.0804017821096613,NA,NA,NA
2016,14,"Stage4","Smoke0",0.0688587707934526,0.059820812483185,0.0784247595110588,NA,NA,NA
2016,15,"Stage4","Smoke0",0.06723218242999,0.0581627350755471,0.0769452690809519,NA,NA,NA
2017,0,"Stage4","Smoke0",1,1,1,1,1,1
2017,1,"Stage4","Smoke0",0.580859105510092,0.569909691989564,0.591997723476484,0.558080808080808,0.511250419558623,0.60920084645997
2017,2,"Stage4","Smoke0",0.376571154378836,0.364270605197448,0.38869100883223,0.376262626262626,0.33144990796599,0.427134117462406
2017,3,"Stage4","Smoke0",0.266491026047098,0.255270348048496,0.277701916009583,0.282828282828283,0.241773701214151,0.33085417134241
2017,4,"Stage4","Smoke0",0.202246837858907,0.191565833561687,0.212865807102489,0.214646464646465,0.177788833703486,0.259145098291527
2017,5,"Stage4","Smoke0",0.162294913384822,0.152589475363868,0.172557761174515,0.159090909090909,0.126853923326555,0.199520177946862
2017,6,"Stage4","Smoke0",0.136161378632997,0.127005118245955,0.145859353036775,0.133838383838384,0.104175210996113,0.171947940562741
2017,7,"Stage4","Smoke0",0.118364399489281,0.109584645896164,0.127734148750244,NA,NA,NA
2017,8,"Stage4","Smoke0",0.105849498228451,0.0972763641835143,0.115538187760671,NA,NA,NA
2017,9,"Stage4","Smoke0",0.0968210646757807,0.0883339257165649,0.106486688397276,NA,NA,NA
2017,10,"Stage4","Smoke0",0.0901737162490712,0.0816944505403888,0.0997690071097244,NA,NA,NA
2017,11,"Stage4","Smoke0",0.0851993126372528,0.0767934846239722,0.0948692068503191,NA,NA,NA
2017,12,"Stage4","Smoke0",0.0814282805968081,0.0729721485203691,0.0912615054210964,NA,NA,NA
2017,13,"Stage4","Smoke0",0.0785398204333707,0.0699201669398555,0.0884607576805697,NA,NA,NA
2017,14,"Stage4","Smoke0",0.076309070008636,0.0674970468396133,0.0863560991506217,NA,NA,NA
2017,15,"Stage4","Smoke0",0.0745749079963719,0.0657485603163103,0.0847548440523143,NA,NA,NA
2018,0,"Stage4","Smoke0",1,1,1,1,1,1
2018,1,"Stage4","Smoke0",0.59310197814439,0.581937250682829,0.605231971445202,0.588555858310627,0.540303154305872,0.641117853174069
2018,2,"Stage4","Smoke0",0.39096018063275,0.378065147989625,0.404873080242066,0.411444141689373,0.364056591013106,0.46499990910592
2018,3,"Stage4","Smoke0",0.280371376916112,0.268217491379634,0.293728310033179,0.294277929155313,0.2511596900424,0.344798560522671
2018,4,"Stage4","Smoke0",0.215046616768997,0.203556054449401,0.227214543090917,0.220708446866485,0.182107533978395,0.267491506002136
2018,5,"Stage4","Smoke0",0.174030546198655,0.162993752512655,0.185107062623414,0.163487738419619,0.129711645193991,0.206058913011149
2018,6,"Stage4","Smoke0",0.146994874932409,0.136607241068236,0.157647817912257,NA,NA,NA
2018,7,"Stage4","Smoke0",0.128470982937416,0.118472347943128,0.138931282912667,NA,NA,NA
2018,8,"Stage4","Smoke0",0.115381495365894,0.10571206348632,0.125873034807972,NA,NA,NA
2018,9,"Stage4","Smoke0",0.105901921232259,0.0963042446424366,0.116159011515908,NA,NA,NA
2018,10,"Stage4","Smoke0",0.0989008398274605,0.0890949878151558,0.109121863039213,NA,NA,NA
2018,11,"Stage4","Smoke0",0.0936488203527941,0.0839823439671883,0.104047446771538,NA,NA,NA
2018,12,"Stage4","Smoke0",0.089659511402498,0.0799461524717348,0.100215894211026,NA,NA,NA
2018,13,"Stage4","Smoke0",0.0865990746396847,0.0767903145679147,0.0971904470446429,NA,NA,NA
2018,14,"Stage4","Smoke0",0.0842325555345533,0.0743039552653076,0.0949252106800209,NA,NA,NA
2018,15,"Stage4","Smoke0",0.0823910161844807,0.0723702349363904,0.0931819191768234,NA,NA,NA
2019,0,"Stage4","Smoke0",1,1,1,1,1,1
2019,1,"Stage4","Smoke0",0.605118090662127,0.591798712150025,0.617481543806338,0.586124401913876,0.540760062856006,0.635294353478129
2019,2,"Stage4","Smoke0",0.405315038709074,0.390073220133003,0.420116342568264,0.435406698564593,0.390378323121778,0.485628893630397
2019,3,"Stage4","Smoke0",0.294400200949953,0.279866054643605,0.308921529126774,0.311004784688995,0.269649039698548,0.35870320994868
2019,4,"Stage4","Smoke0",0.228118349412184,0.214489479144666,0.241684334906381,0.22488038277512,0.188215903085372,0.268687107348979
2019,5,"Stage4","Smoke0",0.186115220265129,0.173163687449728,0.198716536560499,NA,NA,NA
2019,6,"Stage4","Smoke0",0.158224550188449,0.145614290234064,0.170388876645186,NA,NA,NA
2019,7,"Stage4","Smoke0",0.139002540788381,0.126819079068673,0.150834885965882,NA,NA,NA
2019,8,"Stage4","Smoke0",0.125356171652698,0.113372181467106,0.137195857092447,NA,NA,NA
2019,9,"Stage4","Smoke0",0.11543644460886,0.103591086243414,0.127450775027045,NA,NA,NA
2019,10,"Stage4","Smoke0",0.108088520196999,0.0963438635586271,0.119944125736731,NA,NA,NA
2019,11,"Stage4","Smoke0",0.102563251772178,0.0910738360686355,0.114449837716268,NA,NA,NA
2019,12,"Stage4","Smoke0",0.098358463917239,0.0869733189255029,0.11044076280257,NA,NA,NA
2019,13,"Stage4","Smoke0",0.095127863262341,0.0836919302488772,0.107321677710026,NA,NA,NA
2019,14,"Stage4","Smoke0",0.0926267632983232,0.0810737210084849,0.104972137959382,NA,NA,NA
2019,15,"Stage4","Smoke0",0.0906786342194403,0.079097543349635,0.103151299399269,NA,NA,NA
2020,0,"Stage4","Smoke0",1,1,1,1,1,1
2020,1,"Stage4","Smoke0",0.616902384325468,0.60363580047352,0.629932772201094,0.581907090464548,0.53601544830625,0.631727803746896
2020,2,"Stage4","Smoke0",0.419615605931978,0.404060534863335,0.435475568085213,0.415647921760391,0.370527527116919,0.466262780009911
2020,3,"Stage4","Smoke0",0.308552009731884,0.293520640680746,0.324453640546743,0.317848410757946,0.275778482464283,0.366336094529916
2020,4,"Stage4","Smoke0",0.241437011726172,0.226613129479495,0.256239622365609,NA,NA,NA
2020,5,"Stage4","Smoke0",0.198526656850074,0.184684706015693,0.213042936805165,NA,NA,NA
2020,6,"Stage4","Smoke0",0.169831397938629,0.156634314317388,0.183997863912574,NA,NA,NA
2020,7,"Stage4","Smoke0",0.149943150636092,0.137330288175091,0.163995863771364,NA,NA,NA
2020,8,"Stage4","Smoke0",0.135760265961317,0.123486219479622,0.149580901360887,NA,NA,NA
2020,9,"Stage4","Smoke0",0.12541357852437,0.113037857174063,0.13916976245852,NA,NA,NA
2020,10,"Stage4","Smoke0",0.117727490873498,0.105409493297407,0.1313508423084,NA,NA,NA
2020,11,"Stage4","Smoke0",0.111934778052861,0.099648367646269,0.125648012370372,NA,NA,NA
2020,12,"Stage4","Smoke0",0.107518457830546,0.0950235757761728,0.121369113759826,NA,NA,NA
2020,13,"Stage4","Smoke0",0.104120421103947,0.091243280876954,0.118009397282717,NA,NA,NA
2020,14,"Stage4","Smoke0",0.101486656373064,0.0885243762569187,0.115210699339473,NA,NA,NA
2020,15,"Stage4","Smoke0",0.0994333045289578,0.0863557730717436,0.113022046708414,NA,NA,NA
2021,0,"Stage4","Smoke0",1,1,1,1,1,1
2021,1,"Stage4","Smoke0",0.628450606652531,0.614871810452088,0.643949894370489,0.620192307692308,0.575264082691587,0.668629434886732
2021,2,"Stage4","Smoke0",0.433842759637463,0.41713388899933,0.452736136699607,0.449519230769231,0.404171065360131,0.499955479621757
2021,3,"Stage4","Smoke0",0.322801665068936,0.306395825865886,0.341338210307695,NA,NA,NA
2021,4,"Stage4","Smoke0",0.25497715709473,0.238957713118904,0.272795950797861,NA,NA,NA
2021,5,"Stage4","Smoke0",0.211241518780736,0.195724616250204,0.227830195552977,NA,NA,NA
2021,6,"Stage4","Smoke0",0.181794889255659,0.166950146895461,0.197926632820597,NA,NA,NA
2021,7,"Stage4","Smoke0",0.161275044672636,0.146604278399683,0.176578851857656,NA,NA,NA
2021,8,"Stage4","Smoke0",0.146578450885103,0.132148718922631,0.161798677435589,NA,NA,NA
2021,9,"Stage4","Smoke0",0.13582004977332,0.1216623071031,0.150664056459339,NA,NA,NA
2021,10,"Stage4","Smoke0",0.127806165202273,0.113708626024243,0.142735541862771,NA,NA,NA
2021,11,"Stage4","Smoke0",0.12175317877041,0.107421769646356,0.136763176516631,NA,NA,NA
2021,12,"Stage4","Smoke0",0.117130371284673,0.102756786926984,0.132222418372272,NA,NA,NA
2021,13,"Stage4","Smoke0",0.113568506011617,0.099113326391735,0.12854160188306,NA,NA,NA
2021,14,"Stage4","Smoke0",0.110804695451808,0.0961669102300454,0.12582672084823,NA,NA,NA
2021,15,"Stage4","Smoke0",0.108648048665791,0.0938919557907856,0.123752263353603,NA,NA,NA
2008,0,"Stage4","Smoke1",1,1,1,1,1,1
2008,1,"Stage4","Smoke1",0.261845636113716,0.247845755084166,0.275464271745539,0.188679245283019,0.152786601549798,0.233003792475654
2008,2,"Stage4","Smoke1",0.0899007469446931,0.0816568863029593,0.0976300825764133,0.0754716981132076,0.0528580921829955,0.107759795725725
2008,3,"Stage4","Smoke1",0.0383142382073657,0.0337267353101555,0.0427771592265449,0.032345013477089,0.0185392943972957,0.0564314840906607
2008,4,"Stage4","Smoke1",0.0194023118499339,0.0165902357792332,0.0223620911209209,0.0242587601078167,0.0127232305415482,0.0462529889753133
2008,5,"Stage4","Smoke1",0.0112745425063204,0.00930765633493034,0.0133252919909621,0.0188679245283019,0.00905836408840761,0.0393005373300553
2008,6,"Stage4","Smoke1",0.00731163508852395,0.00580690351389719,0.00887541201301456,0.0188679245283019,0.00905836408840761,0.0393005373300553
2008,7,"Stage4","Smoke1",0.00517560598548994,0.0039957812316546,0.00638431313076352,0.0188679245283019,0.00905836408840761,0.0393005373300553
2008,8,"Stage4","Smoke1",0.0039287015649011,0.00296781285072345,0.00494833640919188,0.0188679245283019,0.00905836408840761,0.0393005373300553
2008,9,"Stage4","Smoke1",0.0031531378563493,0.00231563641286834,0.0040370323666113,0.0188679245283019,0.00905836408840761,0.0393005373300553
2008,10,"Stage4","Smoke1",0.00264574774573967,0.00191463470234564,0.00344597717872091,0.0188679245283019,0.00905836408840761,0.0393005373300553
2008,11,"Stage4","Smoke1",0.00230017365631086,0.00163926341441195,0.00304998440266767,0.0188679245283019,0.00905836408840761,0.0393005373300553
2008,12,"Stage4","Smoke1",0.00205714192659967,0.00142537246056251,0.00277431231924044,0.0188679245283019,0.00905836408840761,0.0393005373300553
2008,13,"Stage4","Smoke1",0.00188180218114753,0.00128317754015158,0.00256788004699788,0.0188679245283019,0.00905836408840761,0.0393005373300553
2008,14,"Stage4","Smoke1",0.00175269742248285,0.00118365216749893,0.0024191294897652,0.0188679245283019,0.00905836408840761,0.0393005373300553
2008,15,"Stage4","Smoke1",0.00165608000375173,0.00110939912449816,0.00230780384359437,0.0188679245283019,0.00905836408840761,0.0393005373300553
2009,0,"Stage4","Smoke1",1,1,1,1,1,1
2009,1,"Stage4","Smoke1",0.275670097800874,0.263218199648457,0.287648646987918,0.220385674931129,0.181616259104408,0.26743115376541
2009,2,"Stage4","Smoke1",0.0986129305437993,0.0912194966308787,0.106363708309915,0.0826446280991736,0.0586634311352848,0.11642916927071
2009,3,"Stage4","Smoke1",0.0434262667781732,0.0388445813458134,0.048249287225781,0.0440771349862259,0.0272995593600188,0.0711657577682103
2009,4,"Stage4","Smoke1",0.0225731334276592,0.0197064514505375,0.0256682214148324,0.0330578512396694,0.0189517593523812,0.0576633286791288
2009,5,"Stage4","Smoke1",0.0133933482542533,0.0114299646577421,0.0156615318731092,0.0220385674931129,0.0111063881162795,0.0437314500504958
2009,6,"Stage4","Smoke1",0.00883133375681311,0.00736007300952473,0.0105778649730391,0.0220385674931129,0.0111063881162795,0.0437314500504958
2009,7,"Stage4","Smoke1",0.00633482083940984,0.00513695354746085,0.00777527030406797,0.0192837465564738,0.00925943728164661,0.0401604190344694
2009,8,"Stage4","Smoke1",0.00485980175912781,0.00385882309672788,0.00608357521020294,0.0165289256198347,0.0074752708131666,0.0365478909024696
2009,9,"Stage4","Smoke1",0.00393350273739823,0.00305646700289516,0.00504951424434894,0.0137741046831956,0.00576800002884592,0.0328928500129692
2009,10,"Stage4","Smoke1",0.00332284775912606,0.00254036499144774,0.00435255277932512,0.0110192837465565,0.00415818682610368,0.0292013368723265
2009,11,"Stage4","Smoke1",0.00290440115074053,0.00219443065827485,0.00386638079127765,0.0110192837465565,0.00415818682610368,0.0292013368723265
2009,12,"Stage4","Smoke1",0.00260868873574072,0.00193640305083275,0.00352251253212424,0.0110192837465565,0.00415818682610368,0.0292013368723265
2009,13,"Stage4","Smoke1",0.00239451465752216,0.00175266784062546,0.0032850162579593,0.0110192837465565,0.00415818682610368,0.0292013368723265
2009,14,"Stage4","Smoke1",0.00223632865443912,0.00162501581144913,0.00309252379879058,0.0110192837465565,0.00415818682610368,0.0292013368723265
2009,15,"Stage4","Smoke1",0.00211765643523742,0.0015223047340243,0.00295062531377148,NA,NA,NA
2010,0,"Stage4","Smoke1",1,1,1,1,1,1
2010,1,"Stage4","Smoke1",0.289651687832569,0.27877210687198,0.301395906260915,0.218678815489749,0.183237977490996,0.260974416978323
2010,2,"Stage4","Smoke1",0.107785929107022,0.100803137457185,0.115429967885942,0.0797266514806378,0.0580201473020631,0.109553995497855
2010,3,"Stage4","Smoke1",0.0489842416228454,0.0446635574832783,0.0537138857211275,0.0364464692482916,0.0225304040880114,0.0589578915441417
2010,4,"Stage4","Smoke1",0.0261099579712566,0.0231401477443269,0.0293459768380995,0.0227790432801822,0.0123436993684212,0.0420364104206779
2010,5,"Stage4","Smoke1",0.0158054840849784,0.0136072696760295,0.0182034396851964,0.0159453302961276,0.00764689068085916,0.0332492733143188
2010,6,"Stage4","Smoke1",0.0105898356742536,0.00889665904063804,0.0124739079763972,0.0113895216400911,0.0047644262396564,0.0272270356733362
2010,7,"Stage4","Smoke1",0.00769373798267237,0.00632554461560296,0.00925975120725721,0.00911161731207289,0.00343508977860469,0.0241686754619232
2010,8,"Stage4","Smoke1",0.00596268014722978,0.00480495238719338,0.0073149904419304,0.00911161731207289,0.00343508977860469,0.0241686754619232
2010,9,"Stage4","Smoke1",0.00486551264155488,0.00383470537752741,0.00607115615693881,0.00911161731207289,0.00343508977860469,0.0241686754619232
2010,10,"Stage4","Smoke1",0.00413687861286272,0.00319977131945504,0.0052523464365886,0.00911161731207289,0.00343508977860469,0.0241686754619232
2010,11,"Stage4","Smoke1",0.00363465577272526,0.00276294069096695,0.00467391577921636,0.00911161731207289,0.00343508977860469,0.0241686754619232
2010,12,"Stage4","Smoke1",0.00327807954812898,0.00245406017240839,0.0042561972478413,0.00683371298405467,0.00221257172357088,0.0211064946057742
2010,13,"Stage4","Smoke1",0.00301886166776921,0.00222764554891977,0.00396252224450335,0.00683371298405467,0.00221257172357088,0.0211064946057742
2010,14,"Stage4","Smoke1",0.00282683842361864,0.00206220847015708,0.00375122663014784,NA,NA,NA
2010,15,"Stage4","Smoke1",0.002682440299139,0.00193943347026203,0.00359324567187045,NA,NA,NA
2011,0,"Stage4","Smoke1",1,1,1,1,1,1
2011,1,"Stage4","Smoke1",0.303764830211777,0.292535608811467,0.314984240160454,0.234375,0.198255897847678,0.277074433705899
2011,2,"Stage4","Smoke1",0.117410552813387,0.110174433834702,0.124656946403648,0.0870535714285714,0.064499015095334,0.117495194109059
2011,3,"Stage4","Smoke1",0.0549986536214228,0.0505443208889525,0.0597130885568749,0.0491071428571429,0.0326723130139976,0.073809022292321
2011,4,"Stage4","Smoke1",0.0300326299075511,0.0270564018107741,0.0333199811121459,0.0379464285714286,0.023805595361058,0.0604871005949307
2011,5,"Stage4","Smoke1",0.0185338269962212,0.0163386453997169,0.0209276200562462,0.0245535714285714,0.0136973997518698,0.0440140377603902
2011,6,"Stage4","Smoke1",0.0126102640069381,0.0109019782263543,0.0145448947857807,0.0245535714285714,0.0136973997518698,0.0440140377603902
2011,7,"Stage4","Smoke1",0.00927469778425993,0.00786785375702602,0.010927334877637,0.0178571428571429,0.0089859892736132,0.0354860818671097
2011,8,"Stage4","Smoke1",0.00725862047135817,0.00602493720301055,0.00870883770695744,0.0178571428571429,0.0089859892736132,0.0354860818671097
2011,9,"Stage4","Smoke1",0.00596941786732763,0.00486404419028306,0.00726590249700896,0.0178571428571429,0.0089859892736132,0.0354860818671097
2011,10,"Stage4","Smoke1",0.0051071818951105,0.00410169676073698,0.0063204784451253,0.015625,0.0074923739862851,0.0325852160405905
2011,11,"Stage4","Smoke1",0.00450951685379264,0.00356851565664418,0.00567179778956691,0.015625,0.0074923739862851,0.0325852160405905
2011,12,"Stage4","Smoke1",0.00408326914510504,0.00318307532445012,0.00520795633370272,0.0133928571428571,0.00604931953104102,0.0296510411672885
2011,13,"Stage4","Smoke1",0.00377229260549483,0.00289933339601416,0.00485847752539766,NA,NA,NA
2011,14,"Stage4","Smoke1",0.00354126993506687,0.0026944755821688,0.00459835673872284,NA,NA,NA
2011,15,"Stage4","Smoke1",0.00336714956529871,0.00253967332200214,0.00439983555682239,NA,NA,NA
2012,0,"Stage4","Smoke1",1,1,1,1,1,1
2012,1,"Stage4","Smoke1",0.317984253882058,0.308366645599632,0.3286714145472,0.245398773006135,0.210074283272507,0.286663159596736
2012,2,"Stage4","Smoke1",0.127475287609341,0.120903814268552,0.135124812834188,0.10838445807771,0.0840549701695032,0.13975605165417
2012,3,"Stage4","Smoke1",0.061477558305355,0.056899908734255,0.0665154161302317,0.0593047034764826,0.0416661702916704,0.0844101540845628
2012,4,"Stage4","Smoke1",0.034359482473736,0.0310691302489965,0.038081007506137,0.0449897750511247,0.0299065503404264,0.0676801515424111
2012,5,"Stage4","Smoke1",0.0216006635698355,0.0191976775857945,0.0244697718889041,0.032719836400818,0.0202078955273584,0.0529786831412942
2012,6,"Stage4","Smoke1",0.0149158302242465,0.0129814082906418,0.01722350842878,0.0265848670756646,0.0155493732570747,0.045452324395724
2012,7,"Stage4","Smoke1",0.0111005855695074,0.0094911338175547,0.0130415573760617,0.0224948875255624,0.0125412245750428,0.0403485291057372
2012,8,"Stage4","Smoke1",0.00876975022386428,0.0073554246340397,0.0104649672282549,0.0184049079754601,0.00963436234891984,0.0351596322950354
2012,9,"Stage4","Smoke1",0.00726650748703239,0.00597980835546057,0.00884034940988687,0.016359918200409,0.00822825622742697,0.0325277818442181
2012,10,"Stage4","Smoke1",0.00625426640328308,0.00507357129964599,0.00773611231802472,0.016359918200409,0.00822825622742697,0.0325277818442181
2012,11,"Stage4","Smoke1",0.0055488167295632,0.00443667312391043,0.00694080629272408,0.016359918200409,0.00822825622742697,0.0325277818442181
2012,12,"Stage4","Smoke1",0.00504352357961757,0.00397784942641485,0.00638121780998537,NA,NA,NA
2012,13,"Stage4","Smoke1",0.00467360839939468,0.00364404774723097,0.00598335274457048,NA,NA,NA
2012,14,"Stage4","Smoke1",0.00439804623327644,0.00339937742624507,0.00569001433121529,NA,NA,NA
2012,15,"Stage4","Smoke1",0.00418990227061133,0.0032011766441559,0.00545306286280961,NA,NA,NA
2013,0,"Stage4","Smoke1",1,1,1,1,1,1
2013,1,"Stage4","Smoke1",0.332285122802567,0.323209345550629,0.34185119145489,0.259581881533101,0.226084458835996,0.298042393392219
2013,2,"Stage4","Smoke1",0.137966431591563,0.131772833988399,0.144933245061737,0.120209059233449,0.0963431352804424,0.149987000939177
2013,3,"Stage4","Smoke1",0.0684264787365266,0.0641452616259491,0.0732540881388913,0.0714285714285714,0.0531829297984502,0.0959338049946095
2013,4,"Stage4","Smoke1",0.0391070929549343,0.0360257624978366,0.0425524977796556,0.0522648083623693,0.0368907598919709,0.0740459183045918
2013,5,"Stage4","Smoke1",0.0250273990062507,0.022552708625354,0.0278520535436771,0.0435540069686411,0.0296849555113109,0.0639027915100509
2013,6,"Stage4","Smoke1",0.0175295502730436,0.0154150518196892,0.0198320062318965,0.0400696864111498,0.0268485259010283,0.0598014123757309
2013,7,"Stage4","Smoke1",0.0131945750319498,0.0114057772010822,0.0152210048701852,0.0348432055749129,0.022653169888915,0.0535928958591229
2013,8,"Stage4","Smoke1",0.0105188153943337,0.00895977596725965,0.0123637579108705,0.029616724738676,0.0185425921218042,0.0473046259381967
2013,9,"Stage4","Smoke1",0.00877891313264922,0.0073416371985994,0.0104698346365235,0.0278745644599303,0.017194696899363,0.045187847647352
2013,10,"Stage4","Smoke1",0.00759963669332697,0.00623487650258198,0.00916902174350724,0.024390243902439,0.0145383257252308,0.0409183291710174
2013,11,"Stage4","Smoke1",0.00677348961301949,0.0054799154320724,0.00826868756787863,NA,NA,NA
2013,12,"Stage4","Smoke1",0.00617928541964141,0.00492733613672932,0.00762183406098044,NA,NA,NA
2013,13,"Stage4","Smoke1",0.00574283982085888,0.00453279746498995,0.00712814556232982,NA,NA,NA
2013,14,"Stage4","Smoke1",0.00541685889067445,0.00423288194018748,0.00678913745455471,NA,NA,NA
2013,15,"Stage4","Smoke1",0.00517011344190665,0.00399936304640305,0.00654195877716506,NA,NA,NA
2014,0,"Stage4","Smoke1",1,1,1,1,1,1
2014,1,"Stage4","Smoke1",0.346643153410166,0.337321296088045,0.356285436464561,0.261770244821092,0.226927728634991,0.301962485968004
2014,2,"Stage4","Smoke1",0.148868250036512,0.142013802447701,0.156432063099223,0.128060263653484,0.102571519320615,0.159882891816577
2014,3,"Stage4","Smoke1",0.0758483435178607,0.0711180883197236,0.0810565054906917,0.0659133709981168,0.0478538419364855,0.090788373524988
2014,4,"Stage4","Smoke1",0.0442900627432374,0.0408280766037924,0.0482467754482224,0.0414312617702448,0.0275201346403752,0.0623743115470146
2014,5,"Stage4","Smoke1",0.0288342736653945,0.0261316006782882,0.0319701574526478,0.0282485875706215,0.0171531509546842,0.0465210562096264
2014,6,"Stage4","Smoke1",0.0204739534116919,0.0182751211305106,0.0230912330321593,0.0207156308851224,0.011543126505791,0.0371768742856057
2014,7,"Stage4","Smoke1",0.0155798537652597,0.0136573641776526,0.0178391615956698,0.0188323917137476,0.0101924491694408,0.0347962468847405
2014,8,"Stage4","Smoke1",0.0125289304137433,0.0107886136565421,0.0145371246999959,0.0188323917137476,0.0101924491694408,0.0347962468847405
2014,9,"Stage4","Smoke1",0.0105293835899777,0.00889369281986994,0.0124166252897961,0.0188323917137476,0.0101924491694408,0.0347962468847405
2014,10,"Stage4","Smoke1",0.00916558970109627,0.00763949700593914,0.0109438455005041,NA,NA,NA
2014,11,"Stage4","Smoke1",0.00820538684751604,0.00674843781575807,0.00992530490245319,NA,NA,NA
2014,12,"Stage4","Smoke1",0.00751200432886989,0.00611423632378829,0.00919259978654374,NA,NA,NA
2014,13,"Stage4","Smoke1",0.00700109048848785,0.0056400199970305,0.00866448073178745,NA,NA,NA
2014,14,"Stage4","Smoke1",0.00661852100083038,0.00526662296104129,0.00827048115098102,NA,NA,NA
2014,15,"Stage4","Smoke1",0.00632835608436888,0.00499036336546756,0.00796999810871814,NA,NA,NA
2015,0,"Stage4","Smoke1",1,1,1,1,1,1
2015,1,"Stage4","Smoke1",0.361034719347358,0.351643557693224,0.370519022081894,0.287313432835821,0.251449183353828,0.328293007703845
2015,2,"Stage4","Smoke1",0.160163145677705,0.153087717985883,0.167293122755065,0.134328358208955,0.108351041384218,0.16653377382067
2015,3,"Stage4","Smoke1",0.0837434596354159,0.0788102143227855,0.0887914846871098,0.0895522388059701,0.0683669653992702,0.11730231740324
2015,4,"Stage4","Smoke1",0.0499208259855654,0.0462830738462398,0.0538983064949259,0.0559701492537313,0.0395330884932383,0.0792414083210516
2015,5,"Stage4","Smoke1",0.0330400930137564,0.0301031757144979,0.0362548174807683,0.041044776119403,0.0272611687035202,0.0617975577281238
2015,6,"Stage4","Smoke1",0.023770790068454,0.0212261633165357,0.0267083703264352,0.0391791044776119,0.0257621535663047,0.0595836145342802
2015,7,"Stage4","Smoke1",0.0182793368691363,0.0160053654362944,0.0209977428309876,0.0354477611940298,0.0227930327630155,0.0551284151930788
2015,8,"Stage4","Smoke1",0.0148233085072335,0.0127333721816835,0.0172996988003113,0.0261194029850746,0.015576171316638,0.0437991595256784
2015,9,"Stage4","Smoke1",0.012541034617199,0.0105932545641472,0.014859109399746,NA,NA,NA
2015,10,"Stage4","Smoke1",0.0109749831223661,0.00912920027237807,0.0132032028951428,NA,NA,NA
2015,11,"Stage4","Smoke1",0.00986706160119288,0.00810717783103638,0.0120310336101523,NA,NA,NA
2015,12,"Stage4","Smoke1",0.00906393552928675,0.00736334599780777,0.0111810117641265,NA,NA,NA
2015,13,"Stage4","Smoke1",0.00847034669408486,0.00681692721688739,0.0105545276579643,NA,NA,NA
2015,14,"Stage4","Smoke1",0.0080247862631253,0.00639772372791363,0.0100862046300375,NA,NA,NA
2015,15,"Stage4","Smoke1",0.00768618775199859,0.00607975858625627,0.00973296259426891,NA,NA,NA
2016,0,"Stage4","Smoke1",1,1,1,1,1,1
2016,1,"Stage4","Smoke1",0.375436943515369,0.365268653406569,0.385959167009074,0.253676470588235,0.219625502325657,0.293006736688912
2016,2,"Stage4","Smoke1",0.17183184084003,0.163741097048489,0.180060826041659,0.119485294117647,0.0951139090299561,0.15010144842101
2016,3,"Stage4","Smoke1",0.0921095191102421,0.0863537420355944,0.0983063038662365,0.0606617647058823,0.0435817295547984,0.0844356048927544
2016,4,"Stage4","Smoke1",0.0560094897492602,0.0515429557030231,0.0608477418754944,0.0514705882352941,0.0358832422432761,0.0738289320492942
2016,5,"Stage4","Smoke1",0.037661976375135,0.0339871497099671,0.0417368643804551,0.0422794117647059,0.0283422095501892,0.0630701941570261
2016,6,"Stage4","Smoke1",0.0274407450268962,0.0242528817209949,0.0308958372485883,0.0330882352941176,0.0210082872486355,0.052114258621916
2016,7,"Stage4","Smoke1",0.0213153749014411,0.018525402671248,0.0244578541672775,0.0294117647058824,0.0181498679539974,0.0476616086302525
2016,8,"Stage4","Smoke1",0.0174249782688575,0.014838477105357,0.0203469339020028,NA,NA,NA
2016,9,"Stage4","Smoke1",0.014837079203309,0.0124196122465844,0.0175977633883146,NA,NA,NA
2016,10,"Stage4","Smoke1",0.013050980170729,0.0107836964066655,0.0156812513978753,NA,NA,NA
2016,11,"Stage4","Smoke1",0.0117815270859656,0.00962887261022834,0.0142921681008428,NA,NA,NA
2016,12,"Stage4","Smoke1",0.010857909770659,0.00878059909853227,0.0132982310744185,NA,NA,NA
2016,13,"Stage4","Smoke1",0.0101732572943194,0.00815198728017095,0.0126062027165,NA,NA,NA
2016,14,"Stage4","Smoke1",0.00965813709147556,0.00766636214961445,0.0120825701819236,NA,NA,NA
2016,15,"Stage4","Smoke1",0.00926594538017,0.00727909121566333,0.0116772110946777,NA,NA,NA
2017,0,"Stage4","Smoke1",1,1,1,1,1,1
2017,1,"Stage4","Smoke1",0.389827777669088,0.37833759413341,0.401440147971112,0.276363636363636,0.241406766018092,0.316382431047555
2017,2,"Stage4","Smoke1",0.183853568120961,0.17513412216559,0.193359905031659,0.149090909090909,0.1221072886019,0.182037447789238
2017,3,"Stage4","Smoke1",0.100941637801748,0.0941193132466921,0.108042790474387,0.101818181818182,0.0794373780572457,0.130504586157029
2017,4,"Stage4","Smoke1",0.0625637077667004,0.0574949981256138,0.0681200702218357,0.0636363636363636,0.0461826933775257,0.0876862408988515
2017,5,"Stage4","Smoke1",0.0427151292397151,0.0385707727160662,0.0473794952722084,0.0363636363636364,0.0236496940537817,0.055912522444464
2017,6,"Stage4","Smoke1",0.0315031619763066,0.0279072003702784,0.0356395188128207,0.0309090909090909,0.019357760670786,0.049353430754429
2017,7,"Stage4","Smoke1",0.0247094625454342,0.0214774192124373,0.0283058291201895,NA,NA,NA
2017,8,"Stage4","Smoke1",0.0203564926574425,0.01732491135468,0.0237277512988911,NA,NA,NA
2017,9,"Stage4","Smoke1",0.0174405440825649,0.0145873001175933,0.0205925887278364,NA,NA,NA
2017,10,"Stage4","Smoke1",0.0154167760877415,0.0126793578453896,0.0184580853302733,NA,NA,NA
2017,11,"Stage4","Smoke1",0.0139719932489848,0.0113361101928343,0.0169408655260334,NA,NA,NA
2017,12,"Stage4","Smoke1",0.0129170793743751,0.0103442999086145,0.0157794603391383,NA,NA,NA
2017,13,"Stage4","Smoke1",0.0121328879099317,0.00961885746009209,0.0149014847193251,NA,NA,NA
2017,14,"Stage4","Smoke1",0.0115415457170803,0.00906464788084272,0.0142975993389151,NA,NA,NA
2017,15,"Stage4","Smoke1",0.0110905121265144,0.00863929193369569,0.0138456281600267,NA,NA,NA
2018,0,"Stage4","Smoke1",1,1,1,1,1,1
2018,1,"Stage4","Smoke1",0.404186069904897,0.392933889945249,0.415876082246786,0.313092979127135,0.275900321231936,0.355299381823836
2018,2,"Stage4","Smoke1",0.196206266450391,0.186675025320465,0.206300283447706,0.174573055028463,0.144994227257634,0.210185964768236
2018,3,"Stage4","Smoke1",0.11023242416324,0.102939601067519,0.117760621186453,0.115749525616698,0.0914187839008006,0.146555796399884
2018,4,"Stage4","Smoke1",0.0695885889547138,0.0635425291026696,0.0759513453961973,0.0891840607210626,0.0678879322930197,0.117160685530497
2018,5,"Stage4","Smoke1",0.048212643135687,0.0431784847084361,0.0535207149317284,0.0721062618595825,0.0530837160711572,0.0979455355460262
2018,6,"Stage4","Smoke1",0.0359757850203198,0.0316898463582511,0.0406110268187677,NA,NA,NA
2018,7,"Stage4","Smoke1",0.0284819542433415,0.0245536697545133,0.0327032160483042,NA,NA,NA
2018,8,"Stage4","Smoke1",0.0236396367762862,0.0199501867194697,0.0274998846021068,NA,NA,NA
2018,9,"Stage4","Smoke1",0.020373978705632,0.0169285276390735,0.0240558178473362,NA,NA,NA
2018,10,"Stage4","Smoke1",0.0180953123310272,0.0148051766608704,0.0216813808521595,NA,NA,NA
2018,11,"Stage4","Smoke1",0.0164615875596493,0.0132493337048303,0.019965763431017,NA,NA,NA
2018,12,"Stage4","Smoke1",0.015264645685804,0.0121099671386256,0.0187013266459525,NA,NA,NA
2018,13,"Stage4","Smoke1",0.0143724545089472,0.0112692532745518,0.0177645018317849,NA,NA,NA
2018,14,"Stage4","Smoke1",0.0136982131403137,0.01068210022874,0.017074514081263,NA,NA,NA
2018,15,"Stage4","Smoke1",0.0131830608894555,0.0101882457221864,0.016531190054617,NA,NA,NA
2019,0,"Stage4","Smoke1",1,1,1,1,1,1
2019,1,"Stage4","Smoke1",0.418491620504633,0.405751367498456,0.431926089749334,0.328846153846154,0.290847934080188,0.371808702170784
2019,2,"Stage4","Smoke1",0.208866779552963,0.19747858760068,0.220860693566011,0.186538461538462,0.15589011704513,0.223212338874969
2019,3,"Stage4","Smoke1",0.119972075310374,0.111517253642473,0.129330524796761,0.136538461538462,0.109998169257899,0.169482379616524
2019,4,"Stage4","Smoke1",0.0770866410691181,0.070522032156515,0.0847654407266794,0.0923076923076923,0.0704993773383453,0.120862203055758
2019,5,"Stage4","Smoke1",0.0541653262441555,0.0486958154264725,0.0605291495574596,NA,NA,NA
2019,6,"Stage4","Smoke1",0.0408745221402466,0.0361156529175268,0.0464746861955112,NA,NA,NA
2019,7,"Stage4","Smoke1",0.0326517927324933,0.0283665895743238,0.037673628280348,NA,NA,NA
2019,8,"Stage4","Smoke1",0.0272951407454393,0.0233006401479303,0.0316954750526839,NA,NA,NA
2019,9,"Stage4","Smoke1",0.0236591630304464,0.019918313846794,0.0277221369029257,NA,NA,NA
2019,10,"Stage4","Smoke1",0.0211089846988205,0.0175466296399048,0.0249769594913859,NA,NA,NA
2019,11,"Stage4","Smoke1",0.019273065979294,0.0158384175361857,0.0230056427961583,NA,NA,NA
2019,12,"Stage4","Smoke1",0.0179235738335828,0.0146025070462688,0.0216175286671302,NA,NA,NA
2019,13,"Stage4","Smoke1",0.0169150420909537,0.0136530118614681,0.0205919026644019,NA,NA,NA
2019,14,"Stage4","Smoke1",0.0161512914857975,0.0129336488766294,0.0198053445051998,NA,NA,NA
2019,15,"Stage4","Smoke1",0.0155667799173712,0.0123777317115225,0.0192126101292534,NA,NA,NA
2020,0,"Stage4","Smoke1",1,1,1,1,1,1
2020,1,"Stage4","Smoke1",0.432725226689952,0.417901226932808,0.447293234181341,0.342391304347826,0.305009452307715,0.38435466312937
2020,2,"Stage4","Smoke1",0.221811054068362,0.208835407711645,0.235772744934471,0.208333333333333,0.177065675436307,0.245122481648852
2020,3,"Stage4","Smoke1",0.130148497426171,0.11963451389737,0.140840802530474,0.161231884057971,0.13329596677167,0.195022558194971
2020,4,"Stage4","Smoke1",0.0850577490730147,0.0764762261741943,0.0938808158300679,NA,NA,NA
2020,5,"Stage4","Smoke1",0.0605815670756862,0.0535258537099483,0.0679679696476514,NA,NA,NA
2020,6,"Stage4","Smoke1",0.0462132348933532,0.0403262971215478,0.0525994090494818,NA,NA,NA
2020,7,"Stage4","Smoke1",0.0372362559320969,0.0319376958496766,0.0431908161689695,NA,NA,NA
2020,8,"Stage4","Smoke1",0.0313424037180159,0.0264359690984055,0.0368746041588923,NA,NA,NA
2020,9,"Stage4","Smoke1",0.0273168204406469,0.022755833334436,0.0324821964041738,NA,NA,NA
2020,10,"Stage4","Smoke1",0.0244793517601656,0.0201506529601928,0.0294831889346498,NA,NA,NA
2020,11,"Stage4","Smoke1",0.0224285204434088,0.0182988887462026,0.0272734337092339,NA,NA,NA
2020,12,"Stage4","Smoke1",0.0209163010404777,0.0169242039010944,0.0255906914795621,NA,NA,NA
2020,13,"Stage4","Smoke1",0.0197833146164182,0.0158258416011423,0.0242982704617139,NA,NA,NA
2020,14,"Stage4","Smoke1",0.0189235958044105,0.0149860916522505,0.023382135828271,NA,NA,NA
2020,15,"Stage4","Smoke1",0.018264586460025,0.0143730267309032,0.0227320380201798,NA,NA,NA
2021,0,"Stage4","Smoke1",1,1,1,1,1,1
2021,1,"Stage4","Smoke1",0.446868716912724,0.43054348108671,0.462743853104,0.311151079136691,0.274953536050664,0.352114016930074
2021,2,"Stage4","Smoke1",0.235014334845495,0.219776587111849,0.250021174677014,0.199640287769784,0.169032010203994,0.235791105203697
2021,3,"Stage4","Smoke1",0.140747447290033,0.128078222610235,0.152787731193351,NA,NA,NA
2021,4,"Stage4","Smoke1",0.0934991870886244,0.0832609255213741,0.103647254883892,NA,NA,NA
2021,5,"Stage4","Smoke1",0.0674672326576347,0.0590707596531392,0.0761162705121849,NA,NA,NA
2021,6,"Stage4","Smoke1",0.0520035578247904,0.0446848691124299,0.0594411897156891,NA,NA,NA
2021,7,"Stage4","Smoke1",0.0422507269969593,0.0357230437897556,0.0489196735784289,NA,NA,NA
2021,8,"Stage4","Smoke1",0.0357992346534743,0.0298878661481642,0.0420212806540744,NA,NA,NA
2021,9,"Stage4","Smoke1",0.0313663418410335,0.0258013899861274,0.0372192473891385,NA,NA,NA
2021,10,"Stage4","Smoke1",0.0282268498557687,0.0229899023805781,0.0338803703931975,NA,NA,NA
2021,11,"Stage4","Smoke1",0.0259490892086035,0.020904651742139,0.0314336638344898,NA,NA,NA
2021,12,"Stage4","Smoke1",0.024264444854566,0.0193203996355624,0.0296531111965722,NA,NA,NA
2021,13,"Stage4","Smoke1",0.022999222530022,0.0181665772308521,0.0282908139455754,NA,NA,NA
2021,14,"Stage4","Smoke1",0.0220373116350209,0.0173546579213455,0.0272928557203166,NA,NA,NA
2021,15,"Stage4","Smoke1",0.0212988347334976,0.0166649268671327,0.0265483042221935,NA,NA,NA
